BilesikID,Molekul_Agirligi,Erime_Noktasi,Yogunluk_gcm3,Cozunurluk_gL,PH_Degeri,Reaktiflik_Indeksi,Basinc_atm,Sicaklik_K,Kararli_Mi
CMP_0001,243.19,43.74,3.005,31.78,9.81,3.26,1.42,449.2,1
CMP_0002,259.63,38.32,2.894,93.67,6.5,9.75,4.62,444.08,0
CMP_0003,440.34,118.96,1.638,46.03,13.2,0.63,10.83,260.71,0
CMP_0004,271.84,260.21,1.656,92.69,11.05,8.95,10.19,546.45,0
CMP_0005,160.3,298.16,2.678,96.39,4.87,1.47,1.18,215.32,1
CMP_0006,428.26,336.21,2.709,70.3,8.73,5.88,11.64,459.57,0
CMP_0007,199.62,316.11,1.286,49.85,1.68,9.56,2.02,472.42,0
CMP_0008,435.59,322.99,2.702,0.98,3.61,3.39,1.04,263.52,0
CMP_0009,114.29,46.19,2.967,54.86,11.87,8.53,11.97,517.62,0
CMP_0010,96.72,146.5,2.964,30.23,4.71,6.27,4.55,351.85,0
CMP_0011,384.15,279.39,1.539,32.43,12.49,0.6,9.15,325.12,0
CMP_0012,132.34,293.09,2.29,15.8,6.13,4.17,2.35,486.08,1
CMP_0013,430.12,20.04,1.578,29.64,8.05,7.43,9.08,350.43,1
CMP_0014,59.01,117.29,1.217,84.59,6.69,5.61,1.86,360.32,1
CMP_0015,294.73,312.53,0.816,97.38,3.83,3.83,13.95,347.29,0
CMP_0016,347.66,176.21,2.257,92.72,13.34,9.89,7.19,555.57,0
CMP_0017,363.93,45.99,1.572,32.35,13.08,0.8,9.39,233.45,0
CMP_0018,168.41,195.93,0.824,41.3,6.01,0.68,13.65,540.65,1
CMP_0019,88.77,318.94,2.596,34.26,5.39,3.87,9.93,458.67,1
CMP_0020,222.34,21.6,1.298,65.01,3.26,7.39,6.03,359.1,0
CMP_0021,318.42,45.71,2.509,84.42,5.21,4.09,9.87,393.38,1
CMP_0022,306.02,322.57,1.587,69.9,2.66,4.87,8.44,576.27,0
CMP_0023,386.35,260.4,2.735,1.26,4.85,6.47,14.18,536.5,0
CMP_0024,177.98,134.11,1.587,60.03,13.59,8.74,10.44,248.01,0
CMP_0025,206.64,139.29,2.178,51.3,7.68,1.72,7.4,275.24,1
CMP_0026,225.11,249.86,3.1,21.74,9.69,1.14,14.27,360.07,1
CMP_0027,350.56,262.93,2.823,27.98,10.85,1.92,0.6,301.07,0
CMP_0028,294.9,252.42,2.138,29.8,1.86,0.28,12.08,580.07,0
CMP_0029,174.27,90.19,1.395,68.63,11.42,3.69,5.92,496.9,0
CMP_0030,62.61,107.52,2.071,64.87,8.84,4.53,3.83,300.78,1
CMP_0031,67.67,229.2,2.689,30.59,3.66,0.68,12.48,552.68,0
CMP_0032,259.52,57.29,1.03,25.19,5.39,2.72,1.62,226.39,1
CMP_0033,166.49,2.78,2.413,39.28,5.82,3.42,13.7,212.13,1
CMP_0034,242.34,120.39,2.017,13.78,10.68,6.29,8.28,309.77,0
CMP_0035,277.62,271.78,1.056,72.94,4.9,5.4,12.86,534.35,0
CMP_0036,93.76,313.11,2.91,72.13,8.41,2.44,1.15,595.27,1
CMP_0037,253.52,82.65,3.137,26.55,8.92,2.12,10.22,378.16,1
CMP_0038,73.75,133.36,2.741,50.11,9.7,7.07,10.43,494.22,0
CMP_0039,378.81,95.9,2.594,84.79,9.9,3.95,14.03,537.53,0
CMP_0040,446.96,1.95,1.345,4.26,10.57,5.48,13.25,558.83,0
CMP_0041,207.02,223.67,1.445,57.54,13.83,4.07,6.79,285.81,0
CMP_0042,236.88,331.79,0.862,88.35,1.43,3.11,12.65,500.86,0
CMP_0043,58.73,15.94,1.391,5.63,8.62,2.03,0.51,287.16,1
CMP_0044,304.95,255.43,1.008,11.13,4.45,7.95,0.52,436.92,0
CMP_0045,232.23,69.8,1.7,90.75,6.48,3.0,6.46,461.81,1
CMP_0046,284.7,113.39,3.174,52.85,8.08,6.44,8.36,501.32,1
CMP_0047,65.44,336.14,1.985,74.95,6.21,5.38,0.51,468.58,1
CMP_0048,221.21,134.55,0.986,91.31,1.5,6.17,11.51,449.77,0
CMP_0049,425.11,244.45,1.592,66.71,7.8,7.16,14.24,582.58,0
CMP_0050,79.81,220.22,2.944,0.74,1.72,2.24,2.0,303.41,0
CMP_0051,108.47,113.1,2.634,10.73,6.21,9.16,1.81,590.71,0
CMP_0052,433.62,76.23,1.162,42.83,6.0,7.14,2.45,553.39,1
CMP_0053,210.96,73.93,1.046,40.82,9.19,3.96,2.56,306.07,1
CMP_0054,357.02,214.63,0.913,45.88,9.13,4.96,3.02,452.03,1
CMP_0055,57.91,-8.48,2.996,41.01,9.33,3.34,10.44,425.06,1
CMP_0056,262.61,230.36,2.263,35.31,4.77,3.64,1.89,299.74,1
CMP_0057,444.28,338.26,1.658,50.99,6.54,7.52,5.5,208.0,1
CMP_0058,356.95,117.79,1.902,59.81,5.25,8.67,4.33,354.37,0
CMP_0059,114.69,329.55,1.8,54.92,3.83,7.28,8.32,258.4,0
CMP_0060,167.07,289.22,2.775,76.69,1.43,7.85,7.22,455.7,0
CMP_0061,180.43,166.83,1.774,70.05,10.13,2.49,8.42,453.52,0
CMP_0062,292.8,54.68,1.834,5.16,9.66,3.22,13.14,323.81,1
CMP_0063,214.97,335.1,1.106,61.09,1.31,1.88,14.35,433.79,0
CMP_0064,193.73,232.74,1.421,94.46,2.46,8.15,1.13,267.63,0
CMP_0065,85.69,-0.01,1.607,4.0,6.96,7.43,11.51,356.79,1
CMP_0066,449.91,274.55,2.877,83.94,10.47,8.58,10.95,342.44,0
CMP_0067,267.51,194.34,1.848,73.58,4.13,2.57,10.45,381.87,0
CMP_0068,284.68,3.2,2.155,59.14,4.78,3.08,14.34,596.91,0
CMP_0069,290.51,251.09,2.997,43.76,5.25,9.95,14.7,535.94,0
CMP_0070,83.96,349.59,3.067,60.07,9.31,2.51,6.24,547.91,1
CMP_0071,110.69,14.58,3.106,30.14,13.08,9.89,6.66,288.47,0
CMP_0072,233.67,87.92,3.143,44.2,2.67,7.69,14.99,336.19,0
CMP_0073,265.78,325.56,1.558,24.79,5.19,8.53,7.54,416.88,0
CMP_0074,170.96,8.39,1.264,1.22,4.62,5.17,11.09,285.54,0
CMP_0075,119.87,171.84,2.062,41.27,7.56,1.2,11.52,235.09,1
CMP_0076,177.39,262.68,1.535,10.68,1.11,2.19,8.33,221.52,0
CMP_0077,278.68,136.77,1.403,51.34,13.18,3.79,13.89,462.77,0
CMP_0078,100.71,255.0,1.157,0.27,12.02,0.95,2.42,522.19,0
CMP_0079,213.71,17.95,2.824,28.97,5.22,3.94,1.62,227.06,1
CMP_0080,422.09,131.79,2.56,80.77,13.0,1.8,7.36,495.64,0
CMP_0081,151.86,182.53,2.315,1.56,7.33,8.52,10.37,557.06,0
CMP_0082,395.45,79.58,2.444,36.83,6.59,3.13,12.09,255.9,1
CMP_0083,240.07,229.6,0.888,72.17,4.33,9.26,3.55,401.96,0
CMP_0084,106.32,98.59,2.827,6.16,5.57,2.31,13.97,560.61,1
CMP_0085,79.03,45.13,1.483,48.0,4.09,5.12,4.64,447.78,0
CMP_0086,329.42,191.73,2.932,58.99,8.06,3.55,12.17,382.36,1
CMP_0087,243.13,231.93,2.615,50.58,9.72,9.56,12.5,358.22,0
CMP_0088,317.67,319.18,2.914,88.91,7.47,8.41,8.5,208.73,1
CMP_0089,371.54,128.11,3.172,65.76,13.94,1.36,6.3,389.81,0
CMP_0090,383.92,223.42,1.879,9.61,6.3,7.51,3.49,360.5,1
CMP_0091,203.55,175.65,2.043,40.51,12.69,5.59,4.74,353.11,0
CMP_0092,72.28,203.49,2.314,29.8,12.86,8.2,5.69,544.53,0
CMP_0093,132.57,189.71,1.69,90.05,9.21,0.22,14.51,485.63,1
CMP_0094,338.65,67.57,2.382,2.44,10.67,6.19,10.57,566.05,0
CMP_0095,391.92,279.07,2.628,73.0,13.46,7.0,6.17,409.15,0
CMP_0096,341.0,234.21,1.64,53.4,13.98,7.08,1.49,252.64,0
CMP_0097,380.18,40.03,0.976,60.31,8.67,3.92,10.24,322.13,1
CMP_0098,213.86,12.72,2.815,76.23,9.18,7.19,13.14,357.73,0
CMP_0099,219.22,195.89,1.042,2.48,11.91,5.82,5.09,337.99,0
CMP_0100,339.24,23.0,2.615,52.58,2.34,6.81,14.52,266.88,0
CMP_0101,213.53,105.44,0.839,51.77,10.56,7.17,8.12,346.48,0
CMP_0102,278.9,19.19,0.922,60.38,12.08,6.2,10.34,422.82,0
CMP_0103,111.88,51.95,2.057,87.35,4.58,4.44,2.63,534.49,0
CMP_0104,216.65,175.76,2.395,46.33,3.44,1.23,1.08,466.3,0
CMP_0105,112.54,193.69,1.876,38.43,7.98,2.51,7.81,261.95,1
CMP_0106,417.88,230.35,2.703,61.79,11.13,2.01,12.01,514.56,0
CMP_0107,444.58,63.98,2.636,73.2,8.32,8.25,8.97,502.04,0
CMP_0108,76.04,304.96,1.786,69.09,6.44,1.72,1.71,328.07,1
CMP_0109,137.29,1.83,2.267,40.5,7.59,8.33,14.53,253.07,0
CMP_0110,400.17,108.07,1.018,17.57,5.97,7.01,8.1,360.65,1
CMP_0111,256.59,155.97,2.39,25.87,7.73,9.04,7.45,369.14,0
CMP_0112,347.46,183.28,1.265,88.03,3.57,9.1,1.72,244.62,0
CMP_0113,320.52,-4.18,2.798,57.76,2.7,5.71,7.18,273.88,0
CMP_0114,219.7,286.1,1.787,38.03,10.5,0.95,11.21,463.83,0
CMP_0115,87.94,7.74,0.811,51.63,5.3,7.81,5.65,436.9,0
CMP_0116,335.51,235.36,1.124,48.59,6.76,4.71,7.64,228.53,1
CMP_0117,199.39,273.79,2.521,96.97,3.85,8.84,2.86,464.14,0
CMP_0118,248.65,6.66,2.307,83.8,9.63,3.87,3.48,558.43,0
CMP_0119,354.98,294.33,1.013,90.23,7.52,1.05,6.79,235.84,1
CMP_0120,396.21,239.51,1.797,96.88,8.68,7.79,8.84,385.22,0
CMP_0121,212.99,229.04,2.118,36.31,2.82,5.53,3.62,205.26,0
CMP_0122,304.4,11.95,2.215,28.6,13.32,9.37,6.02,428.03,0
CMP_0123,319.9,19.69,1.803,36.88,5.71,9.29,3.64,543.46,0
CMP_0124,410.97,-2.81,0.934,30.76,3.32,3.23,12.35,489.71,0
CMP_0125,118.6,122.06,0.814,37.13,2.16,3.61,14.71,445.18,0
CMP_0126,333.81,48.07,2.754,83.31,9.17,1.0,1.71,460.21,1
CMP_0127,344.89,271.53,1.137,74.58,7.09,3.0,11.59,409.59,1
CMP_0128,288.76,314.47,2.226,45.91,11.6,1.95,6.63,460.19,0
CMP_0129,288.01,13.55,1.869,69.56,6.19,4.52,7.73,495.83,1
CMP_0130,225.93,248.93,2.844,26.97,8.22,2.95,2.24,465.88,1
CMP_0131,96.89,288.09,2.094,98.28,10.79,6.18,9.41,421.49,0
CMP_0132,334.61,298.23,1.057,85.14,12.52,3.54,4.46,554.18,0
CMP_0133,177.7,-2.04,3.078,64.28,2.49,0.99,6.29,207.16,0
CMP_0134,430.04,100.0,2.016,8.9,2.81,7.21,12.62,383.18,0
CMP_0135,414.98,132.18,1.348,45.09,1.65,2.74,6.67,429.11,0
CMP_0136,442.73,48.59,2.128,94.85,6.21,8.43,5.69,568.24,0
CMP_0137,63.77,6.62,1.41,41.4,12.26,5.44,2.24,410.08,0
CMP_0138,200.52,76.08,2.105,71.38,1.41,4.7,12.78,478.33,0
CMP_0139,64.57,158.62,3.121,50.45,5.02,2.95,13.94,485.13,1
CMP_0140,278.04,34.7,2.543,21.51,8.9,4.29,12.46,269.19,1
CMP_0141,323.42,61.3,0.818,30.06,5.05,4.08,14.85,277.91,1
CMP_0142,307.08,87.75,1.946,30.37,6.01,8.19,1.31,477.7,0
CMP_0143,333.39,345.66,2.366,81.19,9.22,5.12,14.95,245.55,0
CMP_0144,53.05,148.26,1.097,27.03,6.22,5.64,3.43,446.18,1
CMP_0145,155.68,215.97,1.127,99.47,10.07,9.18,14.88,553.93,0
CMP_0146,392.44,112.23,2.591,25.69,13.68,4.5,13.9,518.06,0
CMP_0147,101.73,225.4,2.989,22.2,8.82,3.73,6.65,338.73,1
CMP_0148,132.46,222.59,1.543,49.72,1.03,8.82,7.35,552.24,0
CMP_0149,104.11,180.57,0.975,64.42,6.38,6.75,2.55,285.7,1
CMP_0150,355.92,103.99,1.561,79.87,12.38,5.07,4.55,568.16,0
CMP_0151,244.73,73.9,3.021,53.95,5.72,0.98,6.33,490.45,1
CMP_0152,367.15,252.51,2.619,47.36,10.95,4.41,10.11,213.7,0
CMP_0153,322.92,303.68,1.118,83.73,4.82,9.94,1.59,568.65,0
CMP_0154,380.79,219.06,1.283,41.98,2.63,6.71,13.19,358.86,0
CMP_0155,117.01,206.66,2.026,28.62,1.59,5.13,4.89,491.51,0
CMP_0156,64.29,1.44,2.138,83.29,8.22,5.31,8.13,378.22,1
CMP_0157,235.32,326.66,0.846,5.75,9.92,5.25,9.12,441.3,0
CMP_0158,101.9,150.4,2.052,50.22,8.01,2.23,9.41,589.27,1
CMP_0159,239.95,113.24,2.135,87.24,4.85,4.59,4.49,253.91,1
CMP_0160,220.78,106.12,0.922,9.27,11.03,2.96,7.28,482.22,0
CMP_0161,416.59,149.47,2.79,28.48,5.91,9.92,10.65,211.16,0
CMP_0162,293.74,116.94,2.729,95.94,6.75,6.88,11.74,284.34,1
CMP_0163,219.87,197.79,1.226,89.19,8.46,8.74,4.0,407.57,0
CMP_0164,220.2,303.35,3.067,44.75,4.96,6.54,7.19,556.59,0
CMP_0165,369.62,291.99,2.102,77.13,8.59,1.67,2.26,529.6,1
CMP_0166,320.97,311.0,2.318,7.19,11.86,1.66,2.11,328.69,0
CMP_0167,432.12,67.89,2.847,1.66,11.93,9.63,14.27,428.09,0
CMP_0168,63.46,172.77,3.184,88.3,12.12,7.0,1.92,266.11,0
CMP_0169,261.11,210.97,1.164,17.78,9.28,3.5,6.82,338.72,1
CMP_0170,135.82,258.33,3.04,74.19,4.37,6.48,1.66,400.71,0
CMP_0171,134.09,332.1,0.931,41.74,9.22,9.32,14.48,547.2,0
CMP_0172,370.07,249.72,3.112,92.18,4.65,9.45,14.5,335.77,0
CMP_0173,204.87,32.53,2.884,41.19,1.69,9.53,5.24,473.7,0
CMP_0174,184.73,143.49,2.387,54.35,8.38,8.29,8.93,272.19,0
CMP_0175,302.95,293.53,2.975,37.43,9.26,9.36,8.63,495.32,0
CMP_0176,63.06,152.9,2.486,52.43,11.12,5.84,3.77,457.87,0
CMP_0177,307.41,39.31,2.986,64.28,9.67,0.21,9.36,246.98,1
CMP_0178,315.23,345.18,2.61,3.71,9.06,0.96,8.95,449.48,1
CMP_0179,220.52,94.73,1.669,67.58,11.06,5.84,14.03,483.76,0
CMP_0180,151.73,44.62,2.187,11.61,7.03,5.9,1.14,545.85,1
CMP_0181,168.0,113.55,2.41,65.74,13.81,0.55,14.11,586.61,0
CMP_0182,164.21,152.66,1.468,65.96,3.83,6.55,1.08,335.27,0
CMP_0183,379.32,328.9,1.469,48.94,5.77,9.34,12.23,288.15,0
CMP_0184,184.78,144.86,1.916,13.82,4.32,3.54,5.61,457.64,0
CMP_0185,413.09,176.23,1.853,10.23,11.57,9.57,2.01,478.41,0
CMP_0186,175.39,281.1,1.865,17.39,9.9,1.15,13.98,408.91,1
CMP_0187,385.96,167.39,1.634,81.79,10.13,5.35,4.3,213.27,0
CMP_0188,150.25,50.0,1.153,15.86,4.05,7.53,1.41,472.99,0
CMP_0189,267.98,298.06,1.385,15.39,5.93,5.26,3.42,284.98,1
CMP_0190,359.92,329.38,2.5,44.58,5.99,8.92,9.41,506.26,0
CMP_0191,233.91,312.91,1.529,29.89,5.88,5.15,12.9,352.6,1
CMP_0192,368.9,332.88,2.526,18.97,12.02,1.53,2.99,210.15,0
CMP_0193,349.2,68.16,3.053,56.63,5.67,1.56,9.77,225.24,1
CMP_0194,441.38,119.14,2.561,24.98,6.67,4.08,5.05,581.68,1
CMP_0195,222.1,342.79,1.283,59.78,13.6,4.58,9.48,381.12,0
CMP_0196,304.03,349.4,1.908,37.6,9.25,7.27,2.98,528.42,0
CMP_0197,201.79,197.75,2.321,29.11,7.31,1.0,10.6,591.67,1
CMP_0198,311.6,24.48,1.79,15.0,7.29,1.68,7.8,272.74,1
CMP_0199,445.17,89.69,1.168,46.51,4.12,2.34,12.62,461.02,0
CMP_0200,108.94,88.59,1.53,69.77,4.57,8.2,2.75,252.5,0
CMP_0201,325.05,318.29,1.563,14.26,10.58,7.14,13.07,410.1,0
CMP_0202,296.04,244.15,2.043,4.5,5.75,2.74,3.74,211.01,1
CMP_0203,204.42,229.4,3.038,42.07,12.44,3.44,7.85,573.18,0
CMP_0204,412.98,15.41,0.892,4.04,7.89,4.4,11.12,489.64,1
CMP_0205,385.58,99.4,1.961,39.63,3.9,6.19,4.19,461.02,0
CMP_0206,229.27,110.94,2.178,2.59,6.08,5.77,2.14,341.63,1
CMP_0207,238.89,136.59,1.152,0.89,13.59,9.57,8.19,510.27,0
CMP_0208,432.09,282.54,1.63,61.44,7.9,0.13,6.08,212.97,1
CMP_0209,274.46,145.53,2.508,30.59,7.92,9.93,1.43,376.26,0
CMP_0210,260.1,246.76,1.226,57.95,5.26,0.97,6.74,381.49,1
CMP_0211,65.69,210.76,1.432,2.56,7.54,6.29,3.54,369.73,1
CMP_0212,202.79,258.41,2.478,17.41,1.38,8.17,2.3,363.87,0
CMP_0213,423.11,85.16,2.339,91.19,9.48,5.47,6.08,365.4,0
CMP_0214,166.25,48.88,2.273,65.45,5.13,6.23,5.61,342.97,1
CMP_0215,407.12,149.84,1.629,2.17,8.36,8.69,1.23,516.24,0
CMP_0216,352.1,340.74,1.868,97.75,6.96,7.66,11.16,466.78,0
CMP_0217,443.9,298.74,2.534,61.88,10.38,3.08,11.28,305.76,0
CMP_0218,383.79,72.31,0.801,59.17,7.47,4.96,12.92,587.25,1
CMP_0219,79.39,2.56,1.927,21.32,5.43,5.56,8.69,364.89,1
CMP_0220,241.68,308.28,2.738,81.78,7.86,2.45,8.4,404.81,1
CMP_0221,204.91,145.21,2.444,10.8,3.53,0.88,10.94,517.18,0
CMP_0222,405.89,212.37,2.661,48.05,7.83,8.85,13.13,374.82,0
CMP_0223,423.21,316.28,1.142,61.86,6.2,7.31,3.79,403.28,1
CMP_0224,249.71,302.56,1.492,61.57,2.73,3.26,2.69,346.54,0
CMP_0225,281.8,140.1,2.563,21.3,7.56,4.87,11.76,373.57,1
CMP_0226,242.31,85.92,1.141,97.55,5.01,4.47,14.23,534.76,0
CMP_0227,147.69,178.61,2.304,11.03,6.85,2.24,2.74,297.63,1
CMP_0228,265.04,105.38,2.737,10.0,3.47,5.91,8.19,383.24,0
CMP_0229,70.01,85.38,3.194,57.0,12.0,7.5,13.83,514.34,0
CMP_0230,418.27,178.02,2.222,69.5,7.88,7.39,12.29,434.22,0
CMP_0231,188.07,97.67,2.158,1.91,7.25,1.58,13.46,363.11,1
CMP_0232,129.21,200.6,3.137,60.89,8.06,8.56,7.68,425.41,0
CMP_0233,435.89,162.21,1.311,6.96,2.58,6.58,3.94,343.57,0
CMP_0234,241.71,65.59,2.005,29.35,11.95,1.14,4.84,591.94,0
CMP_0235,54.6,31.0,0.945,76.19,1.05,1.36,4.07,499.33,0
CMP_0236,357.62,204.16,1.828,85.49,10.97,2.18,12.28,235.43,0
CMP_0237,262.08,124.88,2.05,62.23,12.71,1.94,13.43,474.35,0
CMP_0238,159.1,83.79,1.109,59.02,9.95,1.76,1.66,353.66,1
CMP_0239,113.69,52.82,3.182,56.2,1.24,7.71,6.34,593.56,0
CMP_0240,82.05,214.49,3.145,79.23,1.13,1.05,1.99,328.93,0
CMP_0241,279.2,24.36,2.846,8.4,2.87,2.51,8.42,391.41,0
CMP_0242,63.53,8.55,2.139,5.63,7.76,6.15,2.13,235.45,1
CMP_0243,123.43,303.96,1.402,60.94,7.0,2.41,9.61,460.8,1
CMP_0244,164.51,309.9,2.602,31.89,4.69,5.43,0.75,452.9,0
CMP_0245,81.52,159.16,2.69,51.67,7.55,5.42,8.89,333.28,1
CMP_0246,312.86,132.76,0.992,13.5,13.83,8.96,12.78,436.17,0
CMP_0247,189.72,108.75,2.633,76.5,8.33,4.2,12.33,473.73,1
CMP_0248,142.46,283.3,2.867,0.83,9.85,7.27,2.45,385.03,0
CMP_0249,115.08,79.52,2.719,19.73,9.72,1.74,12.24,425.33,1
CMP_0250,181.77,287.13,2.404,3.28,7.5,9.29,4.15,248.49,1
CMP_0251,111.89,12.93,3.168,39.92,1.01,8.7,7.71,461.86,0
CMP_0252,96.46,193.5,1.486,95.42,10.4,8.58,10.66,361.72,0
CMP_0253,62.69,29.53,3.0,47.44,13.06,8.35,7.67,228.82,0
CMP_0254,321.85,86.06,2.519,47.88,12.52,3.11,10.48,249.67,0
CMP_0255,255.96,94.74,1.798,33.92,7.12,8.88,13.37,340.74,0
CMP_0256,170.38,98.15,1.74,96.81,9.93,6.06,1.6,286.18,0
CMP_0257,169.12,240.85,1.597,10.12,1.11,9.83,14.85,478.53,0
CMP_0258,123.96,205.82,1.899,46.13,12.05,1.59,1.97,416.74,0
CMP_0259,188.19,54.59,2.142,65.51,12.7,2.75,10.96,569.56,0
CMP_0260,269.54,329.96,2.533,35.58,11.22,5.99,1.61,315.97,0
CMP_0261,427.55,259.11,1.099,19.23,2.51,0.49,2.8,278.85,0
CMP_0262,430.72,281.22,2.055,28.32,8.87,2.52,12.78,233.31,1
CMP_0263,334.16,222.5,1.004,88.08,5.62,7.0,10.74,307.29,1
CMP_0264,318.92,92.57,2.073,20.22,10.45,9.47,1.68,216.29,0
CMP_0265,391.4,47.3,2.88,94.98,4.26,4.64,5.71,354.04,0
CMP_0266,291.73,118.52,2.473,64.77,3.36,4.13,11.9,474.42,0
CMP_0267,124.82,47.17,1.066,79.62,8.14,5.13,14.21,371.92,1
CMP_0268,208.61,165.79,1.749,42.16,5.65,8.23,13.41,200.25,0
CMP_0269,232.83,203.84,2.497,51.89,1.15,8.57,8.91,250.83,0
CMP_0270,92.59,181.49,1.85,90.84,3.86,2.92,10.59,351.07,0
CMP_0271,367.6,53.44,2.418,94.69,1.11,9.58,5.02,264.06,0
CMP_0272,86.77,99.57,1.865,14.71,5.6,4.7,8.13,553.89,1
CMP_0273,205.51,290.75,1.712,89.19,13.68,2.91,8.4,262.21,0
CMP_0274,112.81,313.52,2.297,67.05,5.8,0.7,4.6,381.64,1
CMP_0275,337.23,27.0,1.961,81.0,13.12,0.93,2.81,513.27,0
CMP_0276,179.44,288.14,2.113,40.31,11.67,0.77,8.02,495.52,0
CMP_0277,414.36,325.67,1.678,45.76,9.29,8.53,13.36,510.59,0
CMP_0278,151.4,246.06,1.034,68.32,1.47,0.59,12.7,421.96,0
CMP_0279,382.27,15.43,0.865,16.99,7.46,0.54,12.7,453.94,1
CMP_0280,236.01,156.98,1.68,66.05,10.04,6.64,5.15,371.64,0
CMP_0281,273.1,207.76,2.058,61.77,11.46,3.09,11.37,327.55,0
CMP_0282,416.22,124.53,1.683,97.15,3.45,1.42,5.14,271.7,0
CMP_0283,412.54,158.89,2.61,29.12,12.28,0.39,0.51,492.83,0
CMP_0284,187.4,90.06,3.192,59.5,6.84,6.72,8.88,216.49,1
CMP_0285,129.68,282.65,1.936,53.28,11.16,8.22,11.16,229.96,0
CMP_0286,411.2,194.9,2.617,4.88,2.31,1.68,10.31,572.67,0
CMP_0287,368.4,63.08,2.26,82.59,3.71,8.48,4.78,468.46,0
CMP_0288,97.44,250.34,1.636,57.13,2.03,6.68,14.65,513.14,0
CMP_0289,310.11,114.91,1.152,98.97,11.22,6.0,11.16,357.08,0
CMP_0290,325.52,341.3,2.318,85.38,10.74,4.58,6.78,594.63,0
CMP_0291,244.67,211.35,1.593,1.83,12.15,3.88,12.87,521.47,0
CMP_0292,256.54,258.47,0.888,60.6,7.92,4.03,14.13,460.98,1
CMP_0293,375.17,132.99,2.005,40.17,8.39,1.24,14.46,436.29,1
CMP_0294,426.85,289.74,0.805,22.48,13.31,2.29,11.06,561.2,0
CMP_0295,232.45,177.36,2.179,96.49,10.28,6.74,5.97,268.59,0
CMP_0296,168.87,100.45,1.229,37.12,10.99,1.83,5.59,281.27,0
CMP_0297,249.67,71.31,1.083,64.04,5.78,0.14,1.18,407.44,1
CMP_0298,217.05,322.4,2.89,36.84,12.67,9.65,4.23,434.39,0
CMP_0299,67.03,14.29,1.247,29.48,12.64,8.59,9.69,261.31,0
CMP_0300,413.81,264.42,1.787,71.8,2.57,6.62,6.76,308.15,0
CMP_0301,168.3,169.71,2.752,22.81,7.5,2.33,2.48,523.89,1
CMP_0302,123.0,319.26,0.974,64.83,2.12,9.16,10.83,247.36,0
CMP_0303,111.75,32.23,1.933,89.6,6.41,0.83,12.47,206.87,1
CMP_0304,341.46,-3.86,1.191,11.7,11.59,8.21,10.44,575.29,0
CMP_0305,80.28,165.63,2.947,36.55,9.29,3.56,12.63,204.18,1
CMP_0306,173.03,345.95,2.101,85.81,2.37,8.35,9.85,264.94,0
CMP_0307,192.13,219.42,2.501,47.98,12.77,7.89,6.58,489.43,0
CMP_0308,336.96,-1.88,1.246,52.35,10.24,9.44,12.71,482.97,0
CMP_0309,124.14,161.67,0.895,2.55,5.99,0.78,12.03,365.28,1
CMP_0310,120.36,315.43,2.987,92.97,5.01,5.38,4.15,249.35,1
CMP_0311,192.48,67.95,2.662,16.08,13.01,0.4,10.7,585.09,0
CMP_0312,340.08,75.34,1.223,13.34,4.44,0.45,9.86,272.11,1
CMP_0313,56.28,137.89,2.518,13.28,10.14,5.72,10.54,531.19,0
CMP_0314,368.83,-8.33,2.607,90.31,6.92,9.58,8.24,411.79,0
CMP_0315,92.69,140.01,1.326,57.82,7.18,5.93,12.63,460.24,1
CMP_0316,93.83,281.83,2.143,19.24,11.21,6.06,0.8,224.54,0
CMP_0317,296.21,229.33,2.897,59.07,12.89,7.6,2.56,264.7,0
CMP_0318,70.48,99.2,1.592,97.66,7.34,7.73,8.83,463.83,0
CMP_0319,124.4,194.71,1.327,52.53,1.24,0.61,3.57,282.2,0
CMP_0320,431.55,0.28,0.813,23.57,5.54,6.9,2.34,307.63,1
CMP_0321,418.38,70.56,1.805,54.15,13.69,8.71,1.16,554.91,0
CMP_0322,286.25,202.2,1.338,21.27,5.46,7.14,1.76,311.27,1
CMP_0323,67.43,324.53,2.109,97.29,10.81,3.67,1.54,461.62,0
CMP_0324,197.63,334.55,2.083,92.79,7.72,0.49,14.56,336.92,1
CMP_0325,107.11,294.55,2.604,55.98,9.92,4.05,9.69,367.97,0
CMP_0326,184.66,313.62,2.46,90.34,12.05,6.41,5.54,278.42,0
CMP_0327,140.63,43.35,0.833,29.34,12.13,6.57,12.7,586.4,0
CMP_0328,338.04,330.98,2.556,42.45,6.3,8.92,9.61,579.59,0
CMP_0329,235.71,35.25,1.924,17.53,10.92,9.94,9.33,577.39,0
CMP_0330,57.26,275.66,0.987,9.04,11.33,9.45,13.31,318.88,0
CMP_0331,345.65,91.53,2.068,11.55,1.42,4.33,10.2,349.42,0
CMP_0332,304.94,44.56,3.017,75.9,13.53,3.71,7.97,263.93,0
CMP_0333,384.9,256.0,1.312,53.33,7.08,8.04,8.67,395.01,1
CMP_0334,62.38,208.84,0.921,29.8,4.46,1.93,2.26,568.78,1
CMP_0335,156.8,195.71,2.203,73.14,11.26,2.2,9.75,516.81,0
CMP_0336,354.24,124.13,2.138,93.11,2.46,6.71,5.69,363.03,0
CMP_0337,60.02,290.15,0.809,12.75,1.92,7.32,1.94,548.49,0
CMP_0338,289.51,293.93,2.752,19.23,9.84,9.69,6.4,507.83,0
CMP_0339,333.37,122.3,2.519,75.17,4.7,8.44,5.01,205.29,0
CMP_0340,81.04,269.77,1.497,85.13,12.66,6.12,7.1,572.31,0
CMP_0341,271.17,219.16,3.183,68.36,13.29,7.92,11.83,396.36,0
CMP_0342,118.57,312.4,2.32,1.84,9.5,3.69,11.82,469.13,0
CMP_0343,119.6,215.71,1.888,58.36,2.59,1.84,7.52,578.14,0
CMP_0344,247.28,104.79,2.213,42.82,9.46,3.99,11.49,421.11,0
CMP_0345,215.96,42.39,0.889,33.77,7.92,2.39,14.3,579.44,1
CMP_0346,329.12,163.6,1.709,46.06,8.78,0.18,5.07,424.66,1
CMP_0347,345.42,201.24,2.699,95.08,6.78,8.65,3.16,290.01,1
CMP_0348,424.21,7.88,2.739,66.7,7.61,2.44,4.86,497.35,1
CMP_0349,71.83,214.71,2.108,86.21,11.3,8.33,8.42,275.3,0
CMP_0350,342.3,306.62,0.821,88.33,1.29,2.52,8.24,344.2,0
CMP_0351,185.4,120.46,0.898,41.51,3.84,4.03,7.16,509.86,0
CMP_0352,339.63,5.1,1.031,45.56,10.11,1.22,6.91,329.85,1
CMP_0353,201.31,278.24,1.076,76.1,4.21,8.73,8.5,413.12,0
CMP_0354,82.41,315.65,3.155,66.16,11.95,1.82,6.43,563.85,0
CMP_0355,59.85,164.53,2.573,77.46,4.97,2.39,8.39,352.31,1
CMP_0356,358.77,255.78,2.713,8.66,1.25,0.94,2.22,289.29,0
CMP_0357,289.35,137.27,2.094,68.63,2.78,6.15,10.9,218.55,0
CMP_0358,181.41,175.52,1.552,99.02,4.77,1.24,13.59,226.55,1
CMP_0359,308.8,212.35,3.107,44.73,2.06,6.57,12.3,247.01,0
CMP_0360,394.54,103.32,1.34,36.45,3.14,8.05,8.36,335.63,0
CMP_0361,376.5,307.22,1.977,74.82,8.08,8.73,14.65,246.42,0
CMP_0362,147.4,86.23,1.331,48.84,4.76,6.75,10.59,394.59,0
CMP_0363,200.48,120.69,1.629,21.57,11.17,8.91,4.95,530.36,0
CMP_0364,199.41,263.78,2.223,24.89,5.36,9.4,5.59,417.66,0
CMP_0365,272.03,-5.55,2.574,96.12,7.83,9.77,11.58,489.84,0
CMP_0366,190.92,332.17,1.642,8.88,2.67,1.52,8.48,484.48,0
CMP_0367,434.43,12.26,2.559,46.94,2.87,0.11,14.51,257.73,0
CMP_0368,392.2,248.49,2.132,15.16,8.64,5.37,10.22,596.94,0
CMP_0369,126.14,211.27,2.709,81.39,11.47,4.81,6.7,475.83,0
CMP_0370,378.29,316.34,0.948,95.84,2.21,6.19,4.86,373.53,0
CMP_0371,302.34,292.91,1.125,14.29,8.49,3.97,12.25,297.51,1
CMP_0372,320.14,212.4,2.075,85.09,5.9,8.05,7.97,580.07,0
CMP_0373,91.57,84.22,1.446,6.3,13.43,8.96,8.29,427.35,0
CMP_0374,264.38,277.64,2.836,69.05,11.07,8.08,14.56,594.66,0
CMP_0375,104.16,107.04,2.98,55.76,7.1,5.04,3.15,279.13,1
CMP_0376,310.8,1.11,3.193,9.38,5.15,2.98,6.42,361.41,1
CMP_0377,417.05,342.08,1.538,45.69,7.39,2.04,13.23,268.0,1
CMP_0378,261.62,143.77,1.389,10.63,13.4,9.79,4.45,211.66,0
CMP_0379,324.92,100.95,1.101,20.67,13.49,3.0,9.63,353.15,0
CMP_0380,126.28,321.76,2.859,54.19,4.85,2.4,5.39,233.11,1
CMP_0381,209.02,159.98,1.581,88.06,5.12,0.13,1.44,368.04,1
CMP_0382,430.96,320.25,2.586,32.42,12.3,0.91,9.97,412.66,0
CMP_0383,230.02,296.48,2.469,4.9,5.82,1.71,1.73,544.58,1
CMP_0384,115.25,181.09,2.026,92.68,9.31,3.73,2.77,381.43,1
CMP_0385,226.26,341.0,1.54,46.46,13.77,8.52,12.3,383.91,0
CMP_0386,190.17,198.87,2.341,18.55,7.18,1.98,1.31,559.74,1
CMP_0387,417.77,194.45,3.046,9.6,6.22,2.04,10.27,380.43,1
CMP_0388,262.6,222.95,0.938,53.43,2.93,7.65,1.95,376.72,0
CMP_0389,441.15,127.26,1.296,37.56,4.53,2.0,12.32,525.24,1
CMP_0390,215.59,14.71,1.89,44.8,4.3,6.7,2.79,345.71,0
CMP_0391,291.4,63.14,1.57,7.66,9.09,6.11,14.38,482.65,0
CMP_0392,331.6,217.55,2.93,36.97,3.52,6.77,12.03,274.94,0
CMP_0393,186.72,155.27,1.799,56.01,4.73,6.54,6.02,288.8,0
CMP_0394,266.96,274.58,1.311,55.25,6.64,1.01,12.84,491.74,1
CMP_0395,70.98,40.21,2.743,91.76,10.09,2.44,10.48,560.78,0
CMP_0396,220.5,144.03,1.19,14.66,12.51,5.37,5.95,416.03,0
CMP_0397,111.8,118.38,1.54,91.85,6.29,2.67,13.14,248.88,1
CMP_0398,105.72,11.76,1.255,92.1,7.31,3.25,8.94,595.68,1
CMP_0399,68.08,152.43,2.573,43.26,4.98,0.33,7.26,551.19,1
CMP_0400,207.25,120.09,1.11,72.19,2.24,1.91,1.46,321.15,0
CMP_0401,341.67,158.19,0.882,77.75,13.28,3.27,6.0,456.0,0
CMP_0402,385.77,276.23,2.097,74.79,9.58,5.08,6.92,409.61,0
CMP_0403,299.79,24.01,1.36,99.19,6.27,7.04,8.46,567.59,0
CMP_0404,282.14,348.8,2.536,69.44,7.28,9.88,13.3,214.4,0
CMP_0405,156.2,213.19,1.7,22.77,8.56,8.69,13.21,396.42,0
CMP_0406,442.47,109.13,2.194,47.2,13.06,8.99,12.79,304.7,0
CMP_0407,390.45,3.17,2.311,23.3,4.1,7.67,2.26,264.64,0
CMP_0408,345.51,82.31,1.355,16.87,13.23,2.06,0.8,223.03,0
CMP_0409,355.36,190.49,0.998,50.5,7.51,5.05,0.5,534.13,1
CMP_0410,292.23,228.88,0.814,83.86,11.4,9.25,3.18,577.71,0
CMP_0411,80.47,145.14,2.89,61.17,9.36,2.64,3.68,284.24,1
CMP_0412,286.21,6.28,1.464,65.13,8.55,2.15,0.93,436.55,1
CMP_0413,350.07,219.15,1.426,42.51,2.63,1.5,3.17,268.48,0
CMP_0414,162.96,316.96,1.572,89.57,12.65,1.98,9.93,442.19,0
CMP_0415,389.73,182.48,1.59,5.89,6.49,3.46,14.24,367.3,1
CMP_0416,84.97,139.68,1.51,33.06,11.69,1.97,0.74,353.02,0
CMP_0417,429.0,216.44,0.937,34.24,12.77,8.97,12.44,218.58,0
CMP_0418,297.57,114.04,1.632,20.79,13.26,9.21,1.39,578.95,0
CMP_0419,234.67,8.99,2.898,64.39,6.77,3.45,7.45,522.56,1
CMP_0420,112.93,313.7,2.797,17.43,12.67,4.2,10.03,594.96,0
CMP_0421,273.78,313.84,2.681,74.42,9.5,9.33,4.29,257.92,0
CMP_0422,379.91,68.28,1.927,28.52,9.26,2.21,6.06,207.12,1
CMP_0423,122.22,330.11,0.926,66.18,8.54,3.88,7.72,555.6,1
CMP_0424,419.77,41.33,1.041,86.13,2.08,5.21,1.91,381.91,0
CMP_0425,272.98,253.22,2.625,13.18,1.36,3.23,5.03,258.94,0
CMP_0426,69.12,38.2,0.974,93.6,13.15,6.1,11.0,540.97,0
CMP_0427,63.01,171.39,2.929,20.86,7.31,3.67,5.54,214.12,1
CMP_0428,54.3,79.24,1.859,59.34,2.93,8.01,4.78,518.32,0
CMP_0429,340.86,71.9,0.81,6.27,4.27,0.95,11.17,274.9,1
CMP_0430,51.2,187.05,1.012,45.59,1.49,9.77,5.61,231.33,0
CMP_0431,166.13,98.96,2.319,29.55,1.57,0.47,2.62,278.36,0
CMP_0432,273.16,261.64,2.207,28.4,10.75,8.23,1.93,423.68,0
CMP_0433,318.21,103.54,1.508,92.65,3.14,5.66,11.87,275.3,0
CMP_0434,74.16,23.6,2.768,24.08,2.64,6.25,12.16,438.7,0
CMP_0435,267.71,271.02,1.012,33.86,12.21,8.86,10.46,256.29,0
CMP_0436,71.99,303.8,1.492,8.3,12.45,1.71,11.42,464.3,0
CMP_0437,256.49,11.64,0.982,33.77,7.25,6.58,7.7,598.79,1
CMP_0438,322.91,100.07,1.285,1.79,11.79,7.61,12.65,509.05,0
CMP_0439,226.42,224.61,2.752,74.34,6.53,9.91,0.59,386.5,0
CMP_0440,208.68,107.87,2.94,1.63,1.32,3.75,9.73,399.0,0
CMP_0441,348.31,277.0,1.769,4.25,9.85,4.16,11.33,428.04,0
CMP_0442,400.73,330.68,0.998,51.11,1.03,5.7,8.6,531.23,0
CMP_0443,83.68,128.52,1.833,16.87,12.53,5.69,10.63,260.53,0
CMP_0444,238.45,20.67,1.288,15.48,3.79,2.48,1.47,532.65,0
CMP_0445,331.52,197.61,3.188,25.88,12.03,2.01,2.52,351.11,0
CMP_0446,273.58,280.84,2.991,88.6,3.45,9.36,1.86,293.87,0
CMP_0447,299.57,115.77,1.422,33.59,8.04,3.59,13.63,546.07,1
CMP_0448,395.52,11.05,2.644,52.18,12.52,8.38,11.95,571.14,0
CMP_0449,284.74,203.73,2.249,93.41,6.85,4.98,10.26,326.6,1
CMP_0450,323.8,176.16,3.089,33.99,5.91,2.21,0.6,378.83,1
CMP_0451,162.05,179.69,1.749,41.91,12.1,9.96,10.32,386.35,0
CMP_0452,351.01,325.86,0.804,41.28,13.67,3.74,8.6,337.83,0
CMP_0453,340.96,111.41,1.891,36.45,5.65,1.11,9.4,539.4,1
CMP_0454,58.04,27.98,2.148,44.65,4.96,7.69,10.33,276.2,0
CMP_0455,53.74,159.45,2.185,72.18,3.26,2.51,12.2,416.78,0
CMP_0456,82.25,59.45,1.352,51.35,11.73,9.25,2.06,433.9,0
CMP_0457,345.26,275.22,2.73,14.56,3.81,3.52,9.25,318.38,0
CMP_0458,242.72,276.85,2.507,13.12,7.85,1.92,3.03,438.85,1
CMP_0459,349.46,70.3,1.89,38.59,9.89,2.75,10.25,386.92,0
CMP_0460,285.89,116.33,1.138,44.16,8.91,7.64,13.92,379.29,0
CMP_0461,185.97,50.57,2.02,74.53,5.45,1.97,11.75,553.77,1
CMP_0462,109.24,294.92,2.01,48.36,4.03,6.97,13.59,422.4,0
CMP_0463,83.72,348.54,1.404,76.45,2.14,5.17,3.84,596.63,0
CMP_0464,440.12,255.51,1.359,61.11,5.59,0.14,2.76,559.56,1
CMP_0465,243.36,205.28,2.819,47.97,2.71,9.69,0.96,543.61,0
CMP_0466,425.0,242.62,1.137,40.15,10.18,9.31,9.41,508.72,0
CMP_0467,294.64,343.52,2.786,25.41,13.98,9.08,13.96,585.66,0
CMP_0468,75.7,53.99,2.575,36.61,1.14,2.08,7.79,290.45,0
CMP_0469,193.62,150.9,1.098,57.13,1.74,9.26,0.76,313.12,0
CMP_0470,430.96,122.41,2.474,26.33,8.4,5.05,12.42,223.74,1
CMP_0471,256.81,23.93,1.949,81.5,6.1,4.46,2.33,568.01,1
CMP_0472,270.44,329.95,2.019,42.46,6.3,7.8,14.28,290.79,1
CMP_0473,331.81,340.98,0.843,67.94,8.34,2.36,5.55,324.81,1
CMP_0474,160.85,151.39,1.836,65.23,4.66,5.28,9.9,394.35,0
CMP_0475,441.69,241.9,1.884,88.76,2.12,8.19,14.15,394.39,0
CMP_0476,245.35,206.81,2.153,85.92,9.87,1.2,0.83,249.4,1
CMP_0477,412.24,342.9,2.274,90.93,2.3,4.53,3.74,215.79,0
CMP_0478,87.37,91.25,1.99,70.61,9.72,6.08,9.36,210.7,0
CMP_0479,249.18,51.66,1.154,75.94,11.42,3.88,2.96,387.38,0
CMP_0480,241.38,43.07,1.876,81.79,9.44,7.7,3.57,306.22,0
CMP_0481,361.41,75.25,2.048,63.32,6.52,9.5,13.54,286.93,0
CMP_0482,150.61,341.43,1.24,17.17,3.96,3.11,14.32,283.83,0
CMP_0483,311.12,279.97,1.537,17.91,12.52,1.07,2.57,244.77,0
CMP_0484,367.05,113.8,1.492,27.91,2.32,9.17,0.62,561.51,0
CMP_0485,434.37,223.96,2.132,84.79,4.01,8.99,8.04,543.24,0
CMP_0486,232.22,232.9,2.746,10.67,3.3,2.42,14.3,587.75,0
CMP_0487,205.1,14.59,1.742,85.66,3.94,0.17,6.37,467.96,1
CMP_0488,101.69,340.99,0.826,35.51,1.4,9.88,4.62,261.92,0
CMP_0489,410.78,324.0,2.304,19.05,4.0,8.0,12.49,304.69,0
CMP_0490,101.85,268.36,1.113,59.96,12.42,7.66,6.33,483.79,0
CMP_0491,411.55,57.74,1.421,90.34,3.02,4.01,8.86,533.34,0
CMP_0492,285.24,331.65,2.441,8.07,9.59,8.38,10.56,215.19,0
CMP_0493,438.55,166.48,1.479,52.16,4.9,3.77,2.17,376.85,1
CMP_0494,130.77,82.2,1.793,6.19,6.37,3.28,0.51,512.2,1
CMP_0495,185.04,339.66,2.235,63.61,8.32,8.39,11.06,443.86,0
CMP_0496,246.28,203.3,1.062,94.25,12.31,2.6,5.76,516.08,0
CMP_0497,146.99,283.42,1.997,29.64,1.44,5.72,2.71,419.77,0
CMP_0498,190.11,158.37,1.546,63.16,10.46,9.68,7.4,334.76,0
CMP_0499,326.63,139.56,1.328,8.46,5.74,1.12,13.59,341.81,1
CMP_0500,340.15,135.34,2.299,41.18,13.9,5.56,2.72,481.07,0
CMP_0501,287.44,222.28,0.931,62.08,10.82,9.93,5.32,280.31,0
CMP_0502,60.7,198.37,1.937,53.96,11.31,3.01,7.58,552.62,0
CMP_0503,330.16,75.9,2.171,54.03,7.29,8.63,4.72,521.32,0
CMP_0504,130.26,337.48,2.608,69.05,8.92,1.63,13.43,402.63,1
CMP_0505,119.04,92.03,1.312,87.4,7.4,7.78,8.85,295.36,1
CMP_0506,284.18,168.92,1.424,85.38,11.44,3.75,1.48,480.5,0
CMP_0507,210.79,44.83,2.079,86.76,3.32,6.07,12.4,397.97,0
CMP_0508,212.89,140.12,1.195,60.3,13.19,1.72,14.45,364.18,0
CMP_0509,194.15,98.78,2.712,34.8,5.78,7.44,11.19,310.03,1
CMP_0510,439.98,109.02,1.489,95.4,1.15,0.37,9.71,286.1,0
CMP_0511,402.19,35.72,1.628,31.89,12.57,4.32,6.42,299.33,0
CMP_0512,399.56,15.31,1.837,84.62,2.58,1.05,8.4,537.96,0
CMP_0513,222.3,85.03,2.939,81.43,11.19,2.39,3.07,480.16,0
CMP_0514,75.7,330.59,2.062,76.88,8.57,8.9,6.45,217.78,0
CMP_0515,204.21,329.81,2.425,54.7,11.02,0.12,10.13,430.38,0
CMP_0516,137.55,231.92,1.68,80.4,2.97,5.59,1.18,280.33,0
CMP_0517,289.64,172.73,2.59,64.88,3.97,4.6,4.43,518.61,0
CMP_0518,319.05,315.89,2.555,65.55,3.09,2.73,6.27,341.19,0
CMP_0519,117.33,108.03,2.683,23.06,2.56,9.31,0.8,536.95,0
CMP_0520,354.92,262.31,2.521,57.53,11.44,8.24,1.72,564.43,0
CMP_0521,220.4,62.3,1.991,59.0,9.27,4.73,13.3,340.48,0
CMP_0522,78.96,63.45,2.049,23.1,1.25,3.04,1.96,398.78,0
CMP_0523,218.73,-3.14,1.127,51.39,12.84,7.43,4.67,490.0,0
CMP_0524,360.13,345.51,2.748,36.2,13.17,1.96,7.4,444.07,0
CMP_0525,409.23,96.59,2.166,55.95,4.54,8.58,10.63,478.58,0
CMP_0526,242.97,276.01,1.97,24.47,12.02,9.9,12.97,326.46,0
CMP_0527,405.3,332.4,2.266,25.78,5.62,2.01,10.32,460.5,1
CMP_0528,434.72,43.29,2.492,26.71,13.08,8.78,14.17,318.1,0
CMP_0529,194.92,261.13,2.859,88.18,2.9,8.58,12.68,257.16,0
CMP_0530,98.28,312.77,1.701,65.19,6.71,1.71,13.1,416.08,1
CMP_0531,139.43,216.05,2.632,14.53,10.42,0.1,12.32,277.03,1
CMP_0532,307.38,114.2,1.712,65.18,4.69,3.24,5.92,247.28,1
CMP_0533,162.74,245.49,1.164,9.76,12.21,3.78,13.13,280.52,0
CMP_0534,411.25,315.27,0.88,68.96,13.22,6.32,14.46,262.6,0
CMP_0535,431.05,83.4,2.929,31.39,8.41,2.09,12.3,508.98,1
CMP_0536,76.19,207.37,2.519,41.33,2.3,9.64,4.54,462.25,0
CMP_0537,248.83,249.38,1.851,59.75,13.65,5.06,12.62,565.55,0
CMP_0538,317.38,-1.99,2.041,19.6,4.18,5.9,4.93,522.71,0
CMP_0539,204.38,273.78,3.019,8.9,11.42,6.7,6.14,274.06,0
CMP_0540,200.94,169.33,1.072,95.65,5.56,0.85,9.63,493.63,1
CMP_0541,356.46,119.57,0.958,75.98,6.22,8.23,7.77,403.03,0
CMP_0542,323.75,76.31,1.809,3.49,13.65,1.79,6.06,221.09,0
CMP_0543,251.59,-2.22,2.663,90.04,11.65,3.67,14.08,540.49,0
CMP_0544,186.94,54.42,1.379,99.89,7.6,5.12,7.52,385.83,1
CMP_0545,373.92,8.29,0.888,34.82,6.65,7.9,1.27,578.36,0
CMP_0546,362.19,218.43,2.975,39.9,6.67,4.74,5.35,295.71,1
CMP_0547,107.16,147.62,0.872,8.55,12.61,6.3,6.04,229.2,0
CMP_0548,385.35,172.06,1.577,33.31,7.51,1.77,6.06,369.62,1
CMP_0549,119.77,74.41,2.054,23.13,4.99,0.67,6.03,473.23,1
CMP_0550,144.74,141.53,2.115,18.49,8.59,1.55,10.85,405.27,1
CMP_0551,226.43,154.39,2.653,5.86,13.21,4.44,13.54,578.73,0
CMP_0552,227.7,283.48,1.401,40.97,10.44,9.12,8.7,418.94,0
CMP_0553,233.98,320.27,1.778,90.81,1.96,8.0,6.19,549.44,0
CMP_0554,116.27,33.69,1.591,60.29,1.82,9.92,2.48,579.17,0
CMP_0555,191.65,50.38,0.875,15.97,13.44,6.35,8.67,335.51,0
CMP_0556,341.16,301.0,1.549,5.75,5.52,5.02,6.47,311.85,1
CMP_0557,402.43,294.34,2.77,45.67,11.05,6.54,12.17,507.11,0
CMP_0558,110.74,163.34,1.962,15.78,11.93,8.56,4.67,346.27,0
CMP_0559,195.5,249.18,2.221,8.15,9.11,2.85,5.61,398.39,1
CMP_0560,229.27,175.51,1.769,51.73,7.18,7.01,8.4,277.97,1
CMP_0561,180.97,270.71,1.965,7.3,4.49,8.85,6.82,551.81,0
CMP_0562,383.3,337.55,1.505,47.96,12.74,1.32,3.37,598.01,0
CMP_0563,354.67,196.18,1.847,89.96,2.68,7.89,1.44,471.44,0
CMP_0564,444.25,218.06,1.204,25.28,12.85,2.12,1.93,206.68,0
CMP_0565,226.45,263.47,1.736,82.51,11.49,5.05,10.93,494.2,0
CMP_0566,271.52,329.43,0.883,76.32,11.63,4.88,7.04,485.68,0
CMP_0567,135.95,267.87,2.071,73.29,6.27,0.16,7.54,391.35,1
CMP_0568,357.77,-0.11,0.921,91.35,3.86,7.57,9.59,496.47,0
CMP_0569,340.78,12.5,1.13,84.23,4.79,9.67,2.09,377.88,0
CMP_0570,400.55,300.12,1.86,79.8,3.84,5.82,3.07,437.15,0
CMP_0571,327.9,79.86,3.136,60.83,4.55,2.04,9.73,545.51,1
CMP_0572,218.03,274.37,0.989,61.19,2.7,2.66,4.37,303.95,0
CMP_0573,407.61,12.01,1.9,19.53,11.78,1.49,9.61,553.24,0
CMP_0574,189.39,126.63,3.092,18.0,7.22,8.33,2.57,401.72,1
CMP_0575,409.6,97.92,1.281,55.79,3.98,6.84,7.12,573.86,0
CMP_0576,224.69,96.76,2.588,26.27,11.91,8.38,4.35,412.03,0
CMP_0577,334.0,54.35,1.063,62.48,12.72,3.02,5.67,235.79,0
CMP_0578,414.5,149.17,2.464,47.4,2.31,3.89,12.18,253.05,0
CMP_0579,100.94,268.91,3.11,1.44,5.67,8.65,4.3,341.31,0
CMP_0580,440.21,217.25,0.978,54.55,10.44,2.57,11.34,272.19,0
CMP_0581,206.37,21.52,1.756,48.92,6.24,5.04,0.78,391.59,1
CMP_0582,210.52,192.02,2.311,88.67,7.39,1.32,10.53,506.93,1
CMP_0583,337.22,206.47,2.415,30.03,6.41,2.59,8.66,413.86,1
CMP_0584,72.43,248.53,1.935,35.94,10.3,7.05,3.92,484.3,0
CMP_0585,137.36,119.25,1.735,9.39,7.66,5.54,12.1,374.41,1
CMP_0586,161.62,336.45,1.736,60.05,7.82,9.44,6.46,242.51,0
CMP_0587,337.0,61.96,2.914,16.4,10.53,2.73,8.25,514.72,0
CMP_0588,436.04,91.27,1.336,36.65,1.78,0.12,11.74,317.97,0
CMP_0589,56.52,320.58,3.039,90.35,6.48,3.65,6.92,464.03,1
CMP_0590,63.28,312.35,1.129,28.69,8.88,2.98,10.59,402.36,1
CMP_0591,214.08,279.62,1.43,87.97,12.33,4.27,1.35,553.65,0
CMP_0592,200.79,36.87,2.374,10.92,3.88,4.75,11.07,582.45,0
CMP_0593,283.34,82.26,1.565,87.66,11.45,3.36,1.52,596.92,0
CMP_0594,240.64,166.86,1.835,70.86,5.05,5.56,3.29,291.91,1
CMP_0595,220.72,264.41,3.023,9.94,12.84,7.53,1.44,396.48,0
CMP_0596,114.35,186.19,2.744,37.14,7.48,8.62,14.85,549.2,0
CMP_0597,181.91,170.93,1.333,5.51,3.95,6.16,2.2,591.54,0
CMP_0598,121.55,88.27,1.343,98.68,3.18,6.86,11.08,209.58,0
CMP_0599,169.28,165.75,1.95,62.9,8.25,3.89,6.26,463.2,1
CMP_0600,414.88,50.9,1.549,96.32,9.55,1.97,13.61,323.81,1
CMP_0601,129.97,174.31,1.886,62.75,12.73,2.08,6.44,285.47,0
CMP_0602,91.93,319.42,1.023,39.79,4.77,2.57,9.33,577.77,1
CMP_0603,194.35,332.29,1.347,48.39,10.17,8.67,14.67,468.33,0
CMP_0604,426.67,166.86,2.8,4.61,4.19,5.01,14.14,435.35,0
CMP_0605,300.25,217.13,2.451,74.69,9.1,1.57,2.2,291.2,1
CMP_0606,254.88,50.83,1.48,63.97,2.75,8.08,10.56,230.99,0
CMP_0607,382.55,79.78,2.869,38.68,8.48,9.6,5.3,328.12,0
CMP_0608,233.01,265.12,1.012,81.97,7.82,4.32,0.58,583.87,1
CMP_0609,292.6,87.59,2.222,93.91,6.23,2.22,12.98,529.41,1
CMP_0610,428.42,289.67,2.624,39.8,8.02,6.35,7.69,398.06,1
CMP_0611,308.22,226.22,1.555,59.27,5.27,8.23,14.74,467.88,0
CMP_0612,135.62,194.96,3.056,20.91,1.36,2.69,12.78,525.85,0
CMP_0613,375.05,309.8,1.051,39.37,10.05,4.72,2.16,517.39,0
CMP_0614,90.41,87.29,2.465,66.92,5.0,9.77,13.98,478.66,0
CMP_0615,59.95,316.71,1.157,2.63,1.43,4.58,9.97,240.5,0
CMP_0616,184.93,1.32,2.561,74.2,13.71,9.16,11.09,394.36,0
CMP_0617,299.92,0.98,1.921,10.11,2.76,6.84,2.06,498.5,0
CMP_0618,85.97,26.76,3.12,23.38,10.62,1.75,2.2,232.04,0
CMP_0619,326.42,159.32,2.185,68.92,11.5,0.72,1.37,488.96,0
CMP_0620,275.81,155.07,0.972,34.32,9.55,3.97,3.17,586.27,0
CMP_0621,336.78,330.4,3.084,94.61,2.18,3.87,3.6,462.92,0
CMP_0622,296.74,263.59,2.666,99.58,12.12,5.78,0.74,587.74,0
CMP_0623,145.67,173.67,2.651,1.5,6.42,7.89,5.02,280.87,1
CMP_0624,417.84,211.24,1.489,53.03,9.52,5.15,14.3,416.08,0
CMP_0625,319.38,79.1,2.353,81.38,7.35,7.85,10.63,252.12,1
CMP_0626,377.63,296.1,2.398,51.69,5.62,7.82,1.97,288.4,1
CMP_0627,270.64,27.79,1.331,76.81,13.37,5.93,12.51,364.87,0
CMP_0628,338.61,236.22,2.227,11.46,5.13,4.64,11.03,419.61,1
CMP_0629,389.03,67.7,3.074,33.54,6.9,6.7,7.12,279.44,1
CMP_0630,205.43,7.21,1.871,74.98,3.04,1.7,6.46,205.71,0
CMP_0631,210.1,257.03,1.942,93.85,5.69,7.75,0.97,206.63,1
CMP_0632,87.34,294.79,1.013,24.0,9.53,2.76,1.2,304.56,1
CMP_0633,235.6,68.81,1.224,54.65,4.8,5.38,10.03,393.19,0
CMP_0634,203.99,186.62,1.152,54.63,9.74,4.11,10.6,429.65,0
CMP_0635,147.64,225.91,0.804,59.38,3.9,1.79,13.53,576.39,0
CMP_0636,78.03,325.15,1.058,26.29,8.18,6.79,13.75,478.22,0
CMP_0637,184.69,119.07,2.091,42.11,8.57,4.94,5.76,378.08,1
CMP_0638,247.62,274.0,0.819,65.85,13.58,5.02,12.03,247.94,0
CMP_0639,238.4,172.71,0.828,90.06,10.95,5.64,13.54,298.71,0
CMP_0640,246.52,246.26,2.728,30.78,7.53,7.2,11.7,564.43,0
CMP_0641,50.27,281.9,2.432,68.37,12.33,0.3,3.37,273.45,0
CMP_0642,326.07,48.99,2.945,4.7,2.45,0.72,14.54,292.27,0
CMP_0643,74.6,168.36,3.069,55.48,7.68,3.37,9.19,266.6,1
CMP_0644,320.18,118.87,2.592,11.36,11.38,1.93,6.34,353.76,0
CMP_0645,420.32,189.53,1.481,74.03,8.24,8.43,3.99,239.89,1
CMP_0646,345.56,198.11,1.105,5.21,11.32,1.64,9.44,296.86,0
CMP_0647,180.26,217.1,1.659,59.51,5.35,0.86,1.22,209.56,1
CMP_0648,80.5,303.39,2.54,84.07,5.25,9.18,9.77,513.33,0
CMP_0649,306.29,25.05,1.61,91.39,12.16,9.67,13.07,204.54,0
CMP_0650,111.86,122.34,1.42,38.78,6.2,3.16,11.52,336.94,1
CMP_0651,275.48,278.94,1.246,27.6,10.42,9.75,4.65,523.63,0
CMP_0652,432.73,227.31,2.246,61.46,1.19,0.52,10.96,451.89,0
CMP_0653,342.66,149.3,0.863,84.81,1.71,9.53,5.7,451.61,0
CMP_0654,176.64,305.12,1.043,21.71,10.78,9.23,11.41,497.65,0
CMP_0655,283.74,12.47,1.556,71.73,6.63,1.19,13.1,380.86,1
CMP_0656,258.81,273.45,1.83,1.4,10.72,8.68,11.56,343.61,0
CMP_0657,125.81,68.6,0.823,99.44,13.14,6.16,13.53,485.31,0
CMP_0658,60.78,232.05,1.389,58.36,1.83,1.24,5.78,469.01,0
CMP_0659,418.26,308.4,3.143,5.07,10.21,0.67,5.89,249.64,1
CMP_0660,124.37,347.54,3.005,51.8,13.12,7.08,8.0,428.89,0
CMP_0661,269.8,105.42,2.079,75.59,11.73,8.5,4.64,205.39,0
CMP_0662,165.93,341.28,0.843,67.9,8.52,9.17,14.47,503.24,0
CMP_0663,418.02,243.09,0.845,4.16,6.54,8.08,4.85,265.84,1
CMP_0664,237.43,2.34,2.721,93.26,4.85,1.07,6.78,336.06,1
CMP_0665,236.66,108.31,2.335,88.53,1.67,0.17,11.91,332.98,0
CMP_0666,138.31,199.59,2.518,79.19,1.4,9.05,14.34,536.41,0
CMP_0667,59.58,263.45,2.914,38.95,5.0,0.46,11.26,482.48,1
CMP_0668,166.52,302.37,2.809,39.98,4.3,9.67,13.4,352.42,0
CMP_0669,88.99,260.92,2.495,44.59,6.24,1.68,14.12,411.7,1
CMP_0670,344.27,26.16,1.584,12.9,1.9,3.87,12.66,341.63,0
CMP_0671,174.66,163.15,1.188,82.04,5.5,9.89,14.39,405.48,0
CMP_0672,404.73,179.61,3.054,36.49,6.08,8.66,11.35,567.82,0
CMP_0673,202.9,215.38,2.092,73.47,6.92,2.52,2.83,286.09,1
CMP_0674,213.26,341.22,3.086,96.26,12.02,5.31,8.63,427.91,0
CMP_0675,173.02,74.0,2.946,99.55,3.08,8.84,7.09,375.35,0
CMP_0676,348.79,31.93,1.862,65.18,1.18,2.26,5.03,496.24,0
CMP_0677,125.37,-7.29,1.354,84.9,3.65,7.58,8.77,234.52,0
CMP_0678,116.03,222.53,2.826,70.58,5.95,6.66,0.81,462.73,1
CMP_0679,98.99,229.37,3.067,76.79,6.89,2.38,12.84,376.62,1
CMP_0680,177.35,313.36,1.538,7.7,13.02,1.21,14.55,320.26,0
CMP_0681,175.78,17.69,2.809,97.79,9.8,4.7,12.71,202.62,0
CMP_0682,366.14,251.85,1.633,73.41,12.44,5.79,12.34,422.25,0
CMP_0683,178.04,328.92,2.294,67.0,8.57,1.47,3.24,256.46,1
CMP_0684,133.28,217.48,1.507,67.89,5.32,3.88,10.54,366.22,1
CMP_0685,313.97,140.76,1.31,37.75,6.34,2.08,11.43,300.88,1
CMP_0686,401.84,90.81,2.303,90.72,10.9,6.05,12.12,344.95,0
CMP_0687,87.22,19.92,2.645,32.92,10.56,6.13,9.18,277.11,0
CMP_0688,86.65,110.42,2.56,16.46,6.93,9.74,9.41,580.04,0
CMP_0689,89.0,229.98,3.075,22.24,5.48,3.82,8.04,447.04,1
CMP_0690,185.6,54.97,3.089,33.61,5.28,5.24,13.5,424.61,1
CMP_0691,214.0,301.34,1.551,48.97,6.88,9.27,2.16,245.11,1
CMP_0692,178.94,-0.35,3.197,31.79,10.19,6.7,9.65,325.13,0
CMP_0693,284.07,159.32,2.995,32.8,10.49,5.53,2.36,256.74,0
CMP_0694,323.21,314.55,0.962,69.54,3.77,6.8,0.9,426.97,0
CMP_0695,250.7,328.86,0.884,63.53,1.84,1.97,6.11,353.75,0
CMP_0696,370.68,180.55,2.157,59.06,6.62,9.33,8.55,487.17,0
CMP_0697,239.48,213.12,1.325,93.38,3.48,9.0,13.95,439.29,0
CMP_0698,433.22,57.48,1.534,5.64,10.73,0.94,5.32,501.8,0
CMP_0699,420.73,151.71,1.246,9.39,3.4,3.06,3.24,321.4,0
CMP_0700,169.14,6.46,2.112,66.58,13.75,4.09,9.28,368.47,0
CMP_0701,194.64,107.78,1.378,51.87,10.08,6.68,3.19,572.77,0
CMP_0702,448.81,160.6,3.03,30.68,3.97,5.88,6.6,593.71,0
CMP_0703,310.97,38.6,2.172,57.95,4.17,6.57,7.4,418.25,0
CMP_0704,444.45,308.72,2.59,80.94,12.4,7.45,10.9,455.63,0
CMP_0705,319.09,57.52,1.026,32.72,5.76,8.14,2.77,216.06,1
CMP_0706,389.12,228.26,1.824,20.69,3.73,1.25,7.93,448.53,0
CMP_0707,155.98,320.86,1.408,73.99,6.37,4.86,3.62,442.74,1
CMP_0708,216.22,261.97,2.426,85.75,9.73,7.02,0.81,277.47,0
CMP_0709,338.86,284.29,1.007,88.16,1.26,6.97,1.39,326.8,0
CMP_0710,50.01,84.86,0.87,10.92,7.3,2.1,9.3,480.43,1
CMP_0711,52.29,114.34,2.854,3.87,3.6,1.5,5.04,203.79,1
CMP_0712,175.08,70.93,0.855,30.09,4.08,9.44,2.54,417.23,0
CMP_0713,383.61,243.03,2.158,38.22,8.25,0.2,9.53,276.12,1
CMP_0714,144.05,233.25,3.181,25.17,12.91,5.63,11.42,544.9,0
CMP_0715,327.31,290.33,1.111,10.47,8.8,0.8,7.6,350.27,1
CMP_0716,127.25,47.82,1.599,20.73,1.58,8.86,9.05,394.02,0
CMP_0717,415.33,140.08,1.257,98.97,13.69,1.23,3.13,211.19,0
CMP_0718,200.79,260.06,3.063,97.99,1.23,5.11,10.48,597.48,0
CMP_0719,126.92,154.43,1.397,9.43,3.72,4.48,13.69,207.13,0
CMP_0720,233.84,103.13,0.816,63.29,6.68,5.2,11.69,324.74,1
CMP_0721,306.12,271.55,1.243,18.65,10.34,5.34,7.71,273.56,0
CMP_0722,320.86,262.25,2.103,89.91,7.28,3.01,13.36,586.02,1
CMP_0723,338.06,264.89,1.164,59.4,8.11,9.29,13.66,280.78,0
CMP_0724,435.37,177.56,1.701,74.4,13.25,0.75,12.99,593.91,0
CMP_0725,289.06,318.73,2.846,21.23,5.55,0.78,7.56,342.49,1
CMP_0726,287.72,345.42,2.235,34.8,1.51,8.29,7.92,459.02,0
CMP_0727,390.6,13.93,2.428,12.37,6.65,9.25,1.23,564.74,0
CMP_0728,206.43,193.73,2.491,38.02,12.91,1.85,7.97,502.91,0
CMP_0729,406.97,158.94,2.878,36.43,10.5,3.56,12.61,311.5,0
CMP_0730,91.49,93.71,1.433,26.54,6.94,5.45,5.87,411.59,1
CMP_0731,334.49,7.75,3.171,96.54,12.43,2.11,0.83,300.26,0
CMP_0732,161.42,207.97,2.182,33.52,13.82,1.2,6.61,414.75,0
CMP_0733,222.99,132.59,3.193,10.32,6.43,6.52,3.41,320.25,1
CMP_0734,264.75,282.14,1.172,70.78,1.69,4.35,5.77,271.37,0
CMP_0735,358.19,114.92,3.134,38.2,4.29,9.46,9.18,593.6,0
CMP_0736,447.69,328.69,1.512,22.04,6.96,6.05,14.94,525.51,1
CMP_0737,318.99,249.56,1.117,96.71,2.7,7.0,11.91,478.59,0
CMP_0738,52.07,318.08,1.611,2.84,5.65,8.41,3.46,443.67,0
CMP_0739,295.08,157.97,1.519,16.76,6.05,6.11,6.65,524.74,1
CMP_0740,433.92,289.57,2.004,93.06,12.98,3.17,14.56,247.43,0
CMP_0741,247.44,342.97,3.145,44.18,10.48,9.77,1.84,446.42,0
CMP_0742,265.06,109.51,2.049,68.87,8.2,2.33,4.67,311.06,1
CMP_0743,54.74,171.66,3.099,9.5,9.03,6.18,2.11,577.56,0
CMP_0744,265.2,298.8,2.074,77.83,5.52,8.42,2.79,517.23,0
CMP_0745,150.65,256.02,1.128,4.9,11.49,0.96,1.01,327.15,0
CMP_0746,200.22,49.69,0.888,16.31,11.6,5.98,4.71,365.89,0
CMP_0747,117.94,172.55,2.001,57.58,3.22,3.24,5.92,549.0,0
CMP_0748,280.76,118.03,2.392,99.98,6.69,6.51,14.56,591.64,0
CMP_0749,443.73,48.06,2.366,41.05,9.08,4.87,5.41,458.4,1
CMP_0750,232.19,143.46,0.863,68.52,7.39,6.46,12.05,436.2,1
CMP_0751,335.76,325.46,2.71,40.64,10.91,4.87,10.69,255.75,0
CMP_0752,75.63,331.06,2.183,0.89,13.69,4.03,1.5,376.12,0
CMP_0753,314.63,152.52,0.826,60.26,5.78,1.13,7.34,350.29,1
CMP_0754,281.18,17.57,3.085,3.88,12.7,5.45,1.6,454.18,0
CMP_0755,66.19,18.52,3.043,21.89,5.86,1.72,13.14,334.68,1
CMP_0756,56.95,24.71,1.561,71.5,9.44,4.12,6.63,257.82,1
CMP_0757,190.43,73.52,2.084,56.27,3.21,4.51,2.36,433.91,0
CMP_0758,214.38,186.29,2.134,20.53,12.53,7.99,11.4,259.62,0
CMP_0759,263.65,0.45,3.088,61.77,2.99,1.72,8.32,447.7,0
CMP_0760,449.38,193.63,2.383,16.09,6.74,7.9,14.39,373.66,0
CMP_0761,258.23,293.79,3.117,5.61,4.11,6.31,7.54,510.91,0
CMP_0762,281.78,286.64,3.111,99.36,12.79,8.99,14.42,397.05,0
CMP_0763,179.39,284.63,1.76,74.26,13.15,6.77,2.78,208.07,0
CMP_0764,294.52,178.22,2.266,36.99,1.37,5.44,14.45,224.77,0
CMP_0765,141.24,7.85,0.803,56.76,6.46,9.16,9.61,310.24,0
CMP_0766,419.93,72.24,1.609,9.26,9.2,9.34,6.17,544.49,0
CMP_0767,169.09,29.52,1.456,94.01,3.58,6.79,10.55,473.27,0
CMP_0768,304.59,85.31,2.622,2.84,12.57,8.81,10.11,444.56,0
CMP_0769,440.49,285.25,2.744,44.29,11.96,1.17,6.88,530.91,0
CMP_0770,90.63,102.0,0.977,88.77,10.84,0.18,0.9,566.36,0
CMP_0771,162.27,188.14,3.188,53.14,9.94,0.35,14.97,447.43,1
CMP_0772,141.88,152.01,1.471,94.07,8.49,4.8,12.78,215.04,1
CMP_0773,97.0,228.12,2.846,99.74,6.49,3.66,2.99,576.05,1
CMP_0774,55.45,291.11,0.895,66.46,8.17,0.55,14.35,472.06,1
CMP_0775,410.86,319.88,0.826,54.76,4.64,5.24,9.93,371.23,0
CMP_0776,184.25,-6.47,2.382,15.46,5.28,1.67,6.05,342.59,1
CMP_0777,266.05,111.92,1.177,28.06,3.83,7.02,3.94,267.25,0
CMP_0778,68.87,233.4,2.421,30.51,6.64,3.75,14.13,442.59,1
CMP_0779,429.32,62.46,2.866,50.14,9.7,1.42,0.54,212.71,1
CMP_0780,142.61,273.89,2.166,83.04,1.17,4.66,10.92,368.92,0
CMP_0781,121.37,-7.5,2.513,58.39,11.87,0.35,8.85,554.86,0
CMP_0782,388.83,6.22,2.782,21.56,11.44,6.91,11.23,229.51,0
CMP_0783,194.12,76.88,2.908,38.06,4.19,3.72,1.42,405.92,1
CMP_0784,203.97,284.45,1.393,58.74,8.9,7.17,14.74,225.79,0
CMP_0785,161.54,-9.51,2.89,18.22,10.19,2.85,6.28,216.3,1
CMP_0786,403.79,209.04,2.672,51.5,2.23,3.54,3.99,268.75,0
CMP_0787,372.48,177.95,2.121,67.68,11.57,4.26,8.57,337.05,0
CMP_0788,269.63,349.07,2.746,3.82,10.15,1.2,14.03,421.88,0
CMP_0789,395.22,159.98,3.16,2.58,5.11,8.65,14.58,328.64,0
CMP_0790,80.34,42.09,2.87,95.72,11.56,2.3,3.7,592.28,0
CMP_0791,128.11,34.67,2.879,53.31,7.04,7.68,1.33,243.13,1
CMP_0792,104.43,194.88,2.292,44.28,4.99,1.24,9.5,528.99,1
CMP_0793,183.23,136.74,2.159,73.05,2.33,0.18,5.37,538.35,0
CMP_0794,382.08,226.57,1.748,6.94,1.6,1.18,7.22,470.15,0
CMP_0795,278.42,78.29,3.121,11.69,4.98,9.43,13.71,316.41,0
CMP_0796,165.72,286.75,3.053,16.88,1.53,8.6,11.77,555.25,0
CMP_0797,234.53,323.7,2.308,48.44,4.98,4.34,11.01,570.75,0
CMP_0798,225.18,324.35,2.159,49.9,3.28,1.33,2.18,399.89,0
CMP_0799,105.42,9.35,0.863,59.75,6.68,3.16,6.38,218.6,1
CMP_0800,105.88,156.0,0.872,66.25,8.02,4.86,14.61,546.87,1
CMP_0801,72.56,216.66,1.72,89.16,2.86,6.09,5.69,272.1,0
CMP_0802,297.29,299.93,2.982,42.87,11.32,7.07,12.77,432.58,0
CMP_0803,78.93,290.05,1.584,81.63,2.05,7.63,1.0,510.85,0
CMP_0804,56.51,98.07,1.082,55.12,1.94,0.87,7.58,349.84,0
CMP_0805,334.24,121.57,2.008,36.95,6.37,8.82,0.6,363.28,1
CMP_0806,204.42,76.38,0.841,5.53,3.63,8.54,3.6,598.67,0
CMP_0807,255.57,109.56,0.805,70.74,5.25,5.52,0.77,550.84,1
CMP_0808,354.39,178.98,2.049,47.49,6.17,0.65,10.85,206.55,1
CMP_0809,386.88,17.47,1.284,95.96,8.04,6.2,14.48,467.75,1
CMP_0810,153.13,103.02,2.593,61.88,1.4,5.76,13.99,546.1,0
CMP_0811,251.36,223.36,1.214,97.37,10.14,6.17,12.24,435.0,0
CMP_0812,355.6,216.61,2.951,68.4,13.33,3.51,11.94,448.32,0
CMP_0813,188.23,327.23,1.085,65.6,6.34,8.27,3.33,256.74,1
CMP_0814,262.52,293.91,1.21,84.59,12.48,7.16,5.7,431.72,0
CMP_0815,288.58,268.98,1.45,12.92,7.37,6.02,12.48,455.85,1
CMP_0816,309.59,74.87,2.981,49.2,13.38,3.45,13.56,507.41,0
CMP_0817,333.06,222.76,2.95,45.74,11.91,1.11,12.38,400.31,0
CMP_0818,85.92,85.17,1.292,99.0,12.68,3.07,9.81,238.33,0
CMP_0819,215.32,84.52,2.479,77.61,9.99,6.89,14.38,384.86,0
CMP_0820,233.64,291.26,1.309,85.75,9.45,7.91,11.43,337.49,0
CMP_0821,369.12,4.87,1.831,37.61,4.67,9.21,2.47,527.94,0
CMP_0822,204.37,314.06,1.691,4.54,1.91,2.77,13.64,282.33,0
CMP_0823,68.51,214.78,1.036,54.99,12.76,7.11,8.35,200.5,0
CMP_0824,410.15,259.11,2.983,27.79,3.36,3.76,2.65,206.4,0
CMP_0825,62.47,333.85,0.856,75.51,6.06,5.89,6.18,402.4,1
CMP_0826,339.24,90.63,1.053,41.06,8.66,6.06,7.96,330.53,1
CMP_0827,175.1,124.15,2.911,68.66,8.92,8.13,10.31,575.99,0
CMP_0828,316.83,34.99,1.031,81.12,5.05,7.92,6.63,246.28,0
CMP_0829,388.68,349.63,2.961,64.46,7.47,3.92,11.27,587.71,1
CMP_0830,108.07,313.03,2.037,20.92,13.05,2.01,11.22,287.83,0
CMP_0831,133.6,185.28,0.969,4.68,4.36,6.84,3.9,220.67,0
CMP_0832,150.32,134.15,1.943,47.0,10.66,4.84,4.34,316.79,0
CMP_0833,362.19,140.63,2.827,99.31,1.44,0.82,5.73,266.4,0
CMP_0834,271.51,149.97,1.775,64.28,13.89,4.41,2.72,393.4,0
CMP_0835,207.67,132.78,1.829,95.28,5.54,5.99,13.25,224.62,1
CMP_0836,274.13,348.67,3.155,38.03,8.79,5.96,5.25,323.89,1
CMP_0837,77.37,13.21,2.845,68.11,12.61,5.2,9.55,411.59,0
CMP_0838,111.27,16.9,3.071,34.07,2.59,9.78,1.69,546.1,0
CMP_0839,164.12,32.09,2.566,10.34,12.91,7.11,5.53,235.94,0
CMP_0840,395.57,20.36,2.754,59.05,12.58,2.58,4.98,393.38,0
CMP_0841,268.29,82.86,2.22,14.55,7.67,6.98,9.16,415.73,1
CMP_0842,296.39,334.9,1.019,49.72,13.69,0.8,13.77,405.52,0
CMP_0843,107.86,345.86,1.119,5.53,9.96,3.48,7.16,236.2,1
CMP_0844,279.19,314.95,3.148,41.8,12.09,3.94,4.23,372.44,0
CMP_0845,229.7,246.79,2.244,16.49,11.78,9.52,8.41,548.14,0
CMP_0846,443.49,256.72,2.632,64.77,8.98,9.15,1.08,455.99,0
CMP_0847,220.22,34.95,2.717,80.72,2.64,9.56,11.45,445.67,0
CMP_0848,403.68,76.79,2.154,42.19,6.11,4.12,5.08,591.15,1
CMP_0849,69.87,63.38,0.856,97.09,10.83,6.55,12.46,389.89,0
CMP_0850,229.85,332.51,1.805,33.12,11.9,9.3,7.72,579.32,0
CMP_0851,158.96,254.59,1.933,58.62,9.55,2.33,12.39,458.53,1
CMP_0852,315.13,327.99,3.059,34.4,12.51,0.67,11.5,420.97,0
CMP_0853,256.02,201.3,1.66,29.76,3.3,5.52,1.39,451.95,0
CMP_0854,150.49,69.64,2.015,35.74,9.98,7.91,5.85,520.7,0
CMP_0855,88.78,85.18,1.644,98.0,7.54,8.44,11.32,232.25,1
CMP_0856,234.84,309.75,3.177,38.21,6.68,4.2,10.58,224.2,1
CMP_0857,131.92,206.52,1.995,12.4,10.52,9.61,13.27,352.01,0
CMP_0858,359.59,258.62,1.84,98.0,2.98,2.78,9.99,331.81,0
CMP_0859,299.62,168.16,2.108,0.71,11.76,4.05,13.19,254.45,0
CMP_0860,425.28,325.7,3.136,57.47,10.38,2.85,1.46,285.77,0
CMP_0861,134.71,86.54,1.895,91.57,11.66,9.29,10.74,369.4,0
CMP_0862,108.97,218.68,2.821,40.03,5.9,1.45,4.86,339.03,1
CMP_0863,343.19,62.81,1.738,85.41,5.32,1.97,5.26,494.84,1
CMP_0864,442.54,196.17,2.009,13.79,6.33,9.84,14.74,568.33,0
CMP_0865,353.89,-7.01,3.11,16.46,4.9,4.25,1.18,274.06,1
CMP_0866,321.28,223.32,3.018,2.47,1.31,4.4,12.16,316.81,0
CMP_0867,291.06,236.83,2.792,80.54,3.51,6.86,4.5,592.72,0
CMP_0868,326.39,249.69,2.095,39.01,7.99,1.72,7.9,258.61,1
CMP_0869,252.8,232.1,2.847,87.54,7.29,3.81,14.49,206.03,1
CMP_0870,427.96,17.65,1.736,74.92,2.11,0.74,9.06,296.47,0
CMP_0871,157.68,149.04,2.572,75.98,2.52,1.69,11.25,259.51,0
CMP_0872,371.69,130.55,2.253,94.54,11.64,4.69,8.81,356.62,0
CMP_0873,357.21,203.82,0.831,44.36,8.52,6.68,10.41,354.44,1
CMP_0874,353.62,220.21,2.861,22.89,10.77,3.17,5.48,470.64,0
CMP_0875,392.16,61.44,2.27,8.18,13.45,5.75,12.22,583.47,0
CMP_0876,251.78,160.63,2.566,20.23,13.75,5.42,1.32,474.22,0
CMP_0877,394.53,303.55,3.166,96.37,8.31,1.08,13.79,566.62,1
CMP_0878,274.95,243.2,1.902,11.16,3.37,7.74,13.97,593.7,0
CMP_0879,436.37,294.31,0.886,44.11,2.97,2.82,5.21,541.54,0
CMP_0880,351.62,210.61,1.145,39.01,6.18,4.54,9.4,229.52,1
CMP_0881,210.71,139.4,1.36,7.8,3.32,4.45,13.72,246.84,0
CMP_0882,429.98,63.63,2.175,95.4,6.52,6.73,12.96,510.75,0
CMP_0883,198.13,149.84,2.954,60.56,12.5,0.86,13.27,262.97,0
CMP_0884,125.43,275.38,1.3,52.04,6.12,8.33,6.03,449.97,0
CMP_0885,352.33,329.53,1.385,57.14,11.19,8.77,2.26,470.7,0
CMP_0886,63.49,124.23,0.813,36.78,7.43,4.68,1.24,522.45,1
CMP_0887,306.14,32.49,1.478,45.12,1.79,7.77,7.23,423.18,0
CMP_0888,192.03,283.75,2.584,67.56,9.41,4.53,12.18,552.64,0
CMP_0889,143.62,259.97,3.158,44.5,1.54,5.4,12.66,238.25,0
CMP_0890,289.93,190.59,1.489,12.57,12.27,6.23,10.64,482.18,0
CMP_0891,300.13,311.94,2.956,86.65,10.53,6.85,1.98,483.82,0
CMP_0892,442.55,190.92,2.969,87.03,1.53,3.23,8.1,313.35,0
CMP_0893,373.24,124.26,2.772,24.85,10.16,1.38,3.08,488.41,1
CMP_0894,128.94,137.2,2.346,22.87,6.54,9.44,10.36,379.88,0
CMP_0895,305.58,85.99,2.441,84.26,2.61,2.54,3.67,594.34,0
CMP_0896,99.36,220.43,0.808,25.78,11.35,1.87,6.25,554.87,0
CMP_0897,55.87,269.5,1.786,82.13,11.24,9.69,11.61,252.88,0
CMP_0898,340.19,243.37,2.838,22.72,1.68,6.86,10.28,377.2,0
CMP_0899,257.98,132.94,1.069,22.62,2.64,4.89,1.78,538.24,0
CMP_0900,304.06,28.33,2.936,34.92,7.26,0.58,8.09,579.03,1
CMP_0901,382.32,201.82,1.429,86.02,11.14,7.57,4.2,248.27,0
CMP_0902,121.64,47.59,2.482,9.52,4.09,8.73,12.62,497.9,0
CMP_0903,120.42,36.17,1.945,33.92,4.17,0.76,10.74,569.49,1
CMP_0904,375.91,179.04,3.062,73.88,12.92,2.7,2.24,437.61,0
CMP_0905,420.6,246.14,2.299,89.64,4.53,6.36,11.98,571.94,0
CMP_0906,307.85,158.93,1.495,96.54,6.21,1.31,10.97,419.82,1
CMP_0907,159.96,84.85,1.48,12.78,8.47,0.99,6.32,316.36,1
CMP_0908,195.78,88.84,2.545,66.52,6.03,8.62,8.57,300.7,0
CMP_0909,262.39,132.68,0.834,40.24,3.61,4.88,4.5,502.02,0
CMP_0910,89.19,148.79,2.713,10.32,13.06,8.37,13.73,524.81,0
CMP_0911,68.02,301.4,1.508,44.53,1.77,7.27,14.69,527.88,0
CMP_0912,79.8,123.37,2.076,70.1,7.78,1.75,2.84,512.93,1
CMP_0913,280.12,147.55,1.39,16.23,3.88,4.33,6.78,271.61,0
CMP_0914,148.29,168.01,3.087,55.2,13.42,2.67,6.39,211.31,0
CMP_0915,82.25,345.54,2.345,41.13,8.55,2.1,1.31,258.32,1
CMP_0916,329.65,212.68,1.376,67.68,12.97,5.08,3.12,546.02,0
CMP_0917,266.53,69.27,2.86,77.11,2.21,3.92,14.32,415.81,0
CMP_0918,436.9,60.24,2.151,12.25,13.44,4.88,9.78,346.32,0
CMP_0919,174.93,290.73,2.239,85.32,10.2,9.93,12.48,282.09,0
CMP_0920,410.19,218.52,3.078,79.22,13.29,3.17,11.66,462.76,0
CMP_0921,428.8,184.63,2.643,92.87,12.33,9.15,7.21,410.51,0
CMP_0922,416.23,325.14,1.986,90.06,4.37,4.7,10.7,301.15,0
CMP_0923,77.77,264.08,3.188,89.09,8.7,5.44,13.53,576.65,0
CMP_0924,389.77,343.39,0.966,85.09,9.49,6.2,14.44,587.36,0
CMP_0925,437.16,194.74,2.707,15.22,7.55,6.02,11.42,282.34,1
CMP_0926,61.82,94.17,2.098,78.08,7.34,2.73,10.7,367.33,1
CMP_0927,191.36,252.84,1.859,75.71,8.46,4.47,8.43,294.37,1
CMP_0928,433.93,186.61,2.127,90.17,7.12,9.23,6.83,568.59,0
CMP_0929,277.8,347.28,1.573,7.95,11.05,6.19,3.09,268.24,0
CMP_0930,244.36,239.21,0.854,3.6,8.84,5.16,9.77,342.45,1
CMP_0931,182.77,117.05,2.969,34.78,1.75,3.58,0.7,214.45,0
CMP_0932,60.55,-0.46,2.031,6.05,1.07,8.73,14.93,280.3,0
CMP_0933,408.98,24.4,2.618,38.76,10.78,6.7,11.39,238.71,0
CMP_0934,402.02,35.13,2.545,5.38,1.6,6.3,3.97,295.57,0
CMP_0935,257.36,81.79,1.963,44.74,9.18,3.16,8.52,219.28,1
CMP_0936,359.53,87.94,3.13,49.81,11.57,1.15,12.2,541.71,0
CMP_0937,107.24,331.56,2.921,15.41,11.28,5.21,3.04,479.19,0
CMP_0938,391.23,233.02,1.228,50.39,10.99,0.46,8.16,221.71,0
CMP_0939,71.31,277.56,2.846,57.56,8.78,9.38,5.47,571.14,0
CMP_0940,181.01,259.08,0.833,64.28,2.6,1.6,8.97,532.12,0
CMP_0941,166.75,269.63,2.841,24.52,2.24,1.18,14.46,235.44,0
CMP_0942,83.61,2.63,1.242,64.51,10.45,1.62,8.76,348.44,0
CMP_0943,265.09,307.88,2.118,28.66,7.78,3.49,12.12,478.68,1
CMP_0944,173.28,286.03,2.817,78.62,13.26,8.99,13.24,434.73,0
CMP_0945,339.37,146.71,2.805,99.03,12.07,5.73,8.24,417.74,0
CMP_0946,66.79,72.59,2.557,33.44,12.17,6.44,7.69,335.89,0
CMP_0947,158.33,8.14,2.629,77.38,13.15,7.14,14.2,542.11,0
CMP_0948,381.04,229.82,2.06,35.58,6.46,4.17,14.79,328.09,1
CMP_0949,80.72,54.15,1.087,21.54,13.32,9.12,14.03,510.79,0
CMP_0950,374.65,59.28,1.291,86.24,12.26,7.75,8.51,450.85,0
CMP_0951,217.11,313.49,2.77,81.36,11.25,2.23,9.87,491.09,0
CMP_0952,138.56,139.48,1.801,99.75,3.31,0.86,6.8,574.72,0
CMP_0953,91.57,37.86,1.78,91.27,12.42,1.71,7.05,274.47,0
CMP_0954,75.52,54.97,2.612,29.88,9.08,6.35,13.39,512.54,0
CMP_0955,274.67,347.1,1.261,51.33,9.74,6.27,10.96,216.05,0
CMP_0956,118.91,186.14,2.321,3.81,7.11,3.9,10.12,204.82,1
CMP_0957,309.66,294.54,3.143,67.16,12.96,8.75,4.86,367.24,0
CMP_0958,388.48,211.8,0.817,16.7,3.74,9.89,10.45,448.11,0
CMP_0959,369.53,65.18,0.813,63.24,4.38,5.61,3.19,376.04,0
CMP_0960,233.96,34.58,2.608,12.28,7.8,2.7,1.72,294.12,1
CMP_0961,155.3,279.73,3.071,28.37,9.52,6.95,12.02,284.54,0
CMP_0962,294.25,25.63,2.737,65.84,2.81,3.39,2.4,426.38,0
CMP_0963,312.56,285.43,1.122,98.35,4.76,6.66,14.17,459.83,0
CMP_0964,445.83,343.3,1.042,86.85,8.77,7.91,3.92,386.05,0
CMP_0965,238.79,250.18,1.96,0.45,6.09,1.44,13.85,535.16,1
CMP_0966,93.26,326.68,1.014,96.5,1.72,4.52,9.56,351.53,0
CMP_0967,427.59,182.74,0.874,74.15,2.5,2.87,9.92,400.72,0
CMP_0968,431.12,73.65,2.934,57.12,13.69,8.08,6.23,565.76,0
CMP_0969,105.83,161.84,1.158,42.35,6.14,1.03,12.61,360.23,1
CMP_0970,228.3,268.9,1.613,16.2,13.47,4.36,14.27,415.32,0
CMP_0971,274.27,20.98,1.416,25.71,3.57,0.63,11.12,426.03,0
CMP_0972,76.61,199.13,2.762,91.74,10.73,2.02,7.34,314.01,0
CMP_0973,276.04,16.05,3.111,96.16,5.68,4.78,9.42,261.29,1
CMP_0974,309.62,1.96,2.121,65.24,2.71,1.42,6.08,229.16,0
CMP_0975,397.07,35.38,2.018,50.57,1.53,2.93,3.68,485.73,0
CMP_0976,110.99,15.81,2.817,44.81,4.22,4.12,6.62,444.65,0
CMP_0977,296.05,325.66,2.132,28.53,7.45,3.75,13.51,333.52,1
CMP_0978,387.18,161.47,1.215,56.47,10.76,5.47,13.7,248.71,0
CMP_0979,389.87,167.42,1.626,60.78,6.54,4.92,11.64,423.0,1
CMP_0980,439.41,266.78,2.936,34.65,5.92,2.94,14.44,269.88,1
CMP_0981,204.26,325.17,1.311,36.45,10.38,6.07,4.91,387.94,0
CMP_0982,117.06,71.78,2.862,66.01,2.5,5.67,6.28,214.74,0
CMP_0983,64.46,-9.08,2.111,0.43,7.49,8.65,12.14,488.2,0
CMP_0984,244.15,56.24,1.975,1.07,13.78,9.79,13.68,320.56,0
CMP_0985,359.55,-1.86,1.407,73.53,8.05,3.13,5.25,333.64,1
CMP_0986,338.55,263.06,2.386,76.77,5.87,9.92,11.48,363.78,0
CMP_0987,386.19,-8.09,2.734,22.58,12.78,5.71,11.83,473.47,0
CMP_0988,100.89,82.03,1.504,11.28,6.76,6.45,12.03,433.53,1
CMP_0989,384.97,297.41,2.423,73.88,8.77,1.14,10.81,528.92,1
CMP_0990,275.83,133.83,1.966,93.58,7.22,4.42,7.46,347.95,1
CMP_0991,88.4,116.91,2.925,9.66,7.94,4.43,13.56,242.7,1
CMP_0992,297.24,72.74,2.722,24.59,8.0,0.23,14.39,254.46,1
CMP_0993,81.66,341.81,1.568,89.31,6.59,6.02,10.41,379.41,1
CMP_0994,367.52,105.3,1.345,71.97,2.17,1.02,2.68,301.51,0
CMP_0995,187.58,105.57,1.299,81.32,1.28,9.58,4.54,571.95,0
CMP_0996,329.6,285.64,2.943,11.19,11.06,0.11,12.21,583.49,0
CMP_0997,275.77,173.87,1.369,18.61,4.93,8.47,2.0,252.87,0
CMP_0998,388.99,174.27,1.931,28.46,11.62,4.29,9.54,464.07,0
CMP_0999,239.74,134.86,1.877,73.85,9.31,3.31,2.03,550.99,1
CMP_1000,334.08,114.59,1.058,86.8,6.38,2.1,10.95,407.75,1
