SensorID,Sicaklik_C,Titresim_Hz,Basinc_kPa,Voltaj_V,Akis_Hizi_m3s,Calisma_Saati,Gurultu_dB,Ariza_Durumu
SEN_0001,66.62,38.66,317.53,210.37,3.12,8801,55.88,0
SEN_0002,77.53,131.03,279.83,211.86,3.68,2492,76.92,0
SEN_0003,31.42,171.92,285.9,238.36,1.92,5619,57.36,1
SEN_0004,84.45,111.27,97.61,230.46,0.16,12673,73.55,0
SEN_0005,87.38,155.48,174.32,212.88,1.28,13050,52.04,1
SEN_0006,80.62,136.91,240.45,236.31,1.63,4362,50.1,1
SEN_0007,86.96,129.14,158.23,233.29,4.11,4329,53.01,1
SEN_0008,38.17,108.48,158.43,235.42,1.27,13270,61.07,0
SEN_0009,85.04,122.69,222.97,229.09,3.91,12848,40.6,1
SEN_0010,29.68,100.48,144.85,229.97,1.57,13161,89.16,0
SEN_0011,67.38,31.05,278.57,224.72,3.56,8974,87.93,0
SEN_0012,50.33,100.03,179.96,219.21,3.87,5379,71.59,0
SEN_0013,79.22,11.16,273.76,210.36,2.02,4957,65.62,0
SEN_0014,37.01,174.86,267.15,230.74,2.72,8459,61.41,0
SEN_0015,40.86,22.25,298.29,223.12,2.52,10294,76.56,1
SEN_0016,22.38,105.92,274.94,230.01,4.34,4470,52.39,0
SEN_0017,91.81,55.51,124.44,220.65,2.53,3919,63.91,0
SEN_0018,71.82,75.26,88.61,223.79,2.29,13114,69.48,0
SEN_0019,67.57,150.76,139.67,218.34,2.55,11487,73.92,0
SEN_0020,59.84,120.54,283.92,230.48,2.38,8083,71.81,0
SEN_0021,94.23,95.28,191.69,230.11,1.57,4594,61.88,0
SEN_0022,49.46,162.43,100.08,222.36,2.81,2585,63.82,0
SEN_0023,55.24,74.18,250.59,222.46,2.59,11150,87.8,0
SEN_0024,46.21,23.18,315.27,218.76,1.86,2006,75.28,0
SEN_0025,88.54,179.93,126.05,214.81,2.1,9569,49.21,0
SEN_0026,67.39,77.52,175.75,226.14,4.32,4507,69.23,0
SEN_0027,30.71,26.35,221.2,229.02,1.64,6929,50.86,0
SEN_0028,90.38,132.31,253.61,222.35,3.41,7050,75.34,0
SEN_0029,94.28,150.91,147.47,230.77,2.69,4686,53.95,0
SEN_0030,88.89,36.2,248.72,216.05,4.13,5369,65.74,0
SEN_0031,66.07,99.23,301.28,217.68,4.08,7174,92.07,0
SEN_0032,36.83,90.46,262.3,227.65,0.81,13479,52.79,0
SEN_0033,86.26,128.62,187.5,235.57,2.7,5687,79.98,0
SEN_0034,29.91,70.91,134.02,220.05,1.19,2006,49.21,0
SEN_0035,20.64,76.02,260.39,214.64,1.19,6755,46.23,0
SEN_0036,50.7,20.9,224.91,215.5,4.13,1998,69.73,0
SEN_0037,81.89,123.33,151.61,226.98,0.23,7745,51.4,0
SEN_0038,77.43,91.08,296.16,216.89,1.11,14221,64.15,0
SEN_0039,53.23,179.07,307.23,216.79,1.08,12105,57.18,0
SEN_0040,25.91,74.12,143.21,215.73,4.3,2068,62.47,0
SEN_0041,51.3,100.59,171.27,230.2,4.79,3458,80.22,0
SEN_0042,93.75,49.48,129.05,220.11,4.52,13094,76.61,0
SEN_0043,62.99,145.37,155.75,212.32,0.71,11343,58.01,0
SEN_0044,41.35,177.54,295.62,231.84,2.96,7320,55.69,0
SEN_0045,44.76,144.44,188.84,220.32,3.07,5992,88.95,0
SEN_0046,29.46,12.8,84.76,228.66,3.15,12457,74.95,0
SEN_0047,72.89,11.47,150.16,237.03,3.81,10795,64.21,0
SEN_0048,79.97,139.0,259.1,232.53,0.25,9874,67.26,0
SEN_0049,41.05,77.02,147.11,227.87,3.02,554,74.59,0
SEN_0050,69.06,72.29,157.51,235.39,1.1,8417,70.81,0
SEN_0051,72.53,150.55,160.47,215.73,3.94,14132,84.17,1
SEN_0052,22.93,104.46,104.75,210.96,0.48,3166,79.09,0
SEN_0053,47.01,16.09,154.55,217.83,4.02,14838,41.61,0
SEN_0054,74.34,38.51,132.09,214.77,0.37,8629,60.92,0
SEN_0055,59.11,52.3,206.11,230.56,3.19,6294,60.21,0
SEN_0056,89.71,111.56,243.6,223.24,2.54,9379,50.58,0
SEN_0057,93.56,10.06,264.5,224.99,3.5,14449,49.55,0
SEN_0058,89.09,51.57,88.53,226.68,0.92,10119,40.26,0
SEN_0059,81.49,35.98,112.22,235.37,3.32,10154,73.22,0
SEN_0060,67.05,173.65,227.58,233.08,1.87,13596,49.26,0
SEN_0061,21.55,105.11,276.87,210.96,0.66,8751,60.56,0
SEN_0062,56.93,52.32,302.39,224.12,2.77,1452,71.8,1
SEN_0063,29.46,137.6,163.56,230.55,4.08,6198,81.05,0
SEN_0064,29.5,172.39,92.0,238.12,3.76,6712,75.71,0
SEN_0065,70.21,178.23,117.59,215.55,1.81,11337,94.94,0
SEN_0066,78.56,161.24,202.08,231.24,2.76,11333,48.92,0
SEN_0067,80.54,54.17,318.77,211.36,2.51,7532,75.01,1
SEN_0068,31.49,83.11,117.18,225.22,2.23,9856,85.51,0
SEN_0069,73.2,10.33,129.04,224.92,2.52,3876,55.92,0
SEN_0070,83.29,178.36,144.35,234.84,3.5,1128,52.43,1
SEN_0071,48.23,10.3,153.1,235.99,4.97,6966,62.0,0
SEN_0072,90.87,160.03,227.95,233.41,2.91,7477,61.05,1
SEN_0073,92.44,58.76,186.24,230.6,1.86,10230,85.32,0
SEN_0074,47.38,34.61,227.83,228.87,4.55,3741,47.45,0
SEN_0075,66.06,134.58,140.04,236.49,2.28,13044,52.43,0
SEN_0076,27.71,88.68,230.41,214.72,3.61,10958,85.64,0
SEN_0077,72.48,13.27,99.1,220.39,4.89,9635,90.13,0
SEN_0078,32.32,67.45,108.26,222.94,1.04,3748,43.84,0
SEN_0079,59.24,51.13,154.97,223.91,4.91,12894,55.37,1
SEN_0080,26.94,82.84,138.43,226.32,0.36,11562,53.09,0
SEN_0081,33.63,25.05,281.5,213.42,1.91,2825,87.63,0
SEN_0082,24.18,17.34,269.28,211.33,3.04,14334,49.81,0
SEN_0083,40.5,31.18,135.11,237.24,2.05,705,56.61,0
SEN_0084,88.22,68.43,214.51,226.13,5.0,8282,63.1,0
SEN_0085,75.49,93.71,149.21,216.06,1.89,514,45.07,0
SEN_0086,87.54,16.12,303.02,233.84,2.4,6466,89.87,0
SEN_0087,80.73,90.46,309.74,214.05,3.52,247,50.42,1
SEN_0088,50.17,87.55,294.86,223.65,0.63,548,76.39,0
SEN_0089,48.36,10.37,287.05,217.78,0.61,991,43.14,0
SEN_0090,65.04,169.01,90.87,223.19,4.54,6490,60.92,0
SEN_0091,90.97,170.49,255.4,222.95,3.42,2301,42.21,0
SEN_0092,48.73,103.81,288.58,217.17,2.46,12587,50.57,0
SEN_0093,59.72,77.17,251.84,228.3,4.13,2766,45.61,0
SEN_0094,55.0,169.85,227.67,220.19,3.2,3067,49.24,1
SEN_0095,80.44,20.33,187.33,234.51,1.06,4573,86.48,0
SEN_0096,77.61,60.33,246.59,211.81,3.47,4536,86.74,0
SEN_0097,49.94,95.78,211.86,212.55,2.95,7882,94.87,0
SEN_0098,90.51,163.43,223.29,218.73,0.79,14738,70.01,1
SEN_0099,80.95,90.41,145.69,212.95,3.24,14795,74.56,0
SEN_0100,87.06,46.77,258.16,229.08,1.59,13670,53.28,0
SEN_0101,66.67,44.56,136.51,226.42,0.73,272,93.07,0
SEN_0102,56.31,82.74,276.92,211.51,1.59,5181,90.94,0
SEN_0103,65.23,117.2,241.35,215.25,1.26,10186,70.88,0
SEN_0104,31.38,79.57,241.59,213.58,2.43,12278,78.6,0
SEN_0105,74.42,144.57,203.69,228.3,4.92,2721,69.45,0
SEN_0106,48.54,69.69,133.78,222.61,1.71,5672,86.63,1
SEN_0107,87.56,52.24,89.46,235.71,3.6,5375,77.82,0
SEN_0108,52.92,137.53,307.92,238.08,4.17,10749,85.75,0
SEN_0109,29.69,80.74,174.16,220.73,4.53,1840,51.97,0
SEN_0110,50.7,75.24,104.28,233.33,4.24,12835,80.36,0
SEN_0111,70.41,65.96,283.83,210.95,4.7,7635,81.91,1
SEN_0112,46.75,147.86,259.78,214.77,3.59,13385,50.4,1
SEN_0113,74.0,107.14,185.28,220.97,1.58,13999,78.17,0
SEN_0114,25.4,65.79,185.64,213.38,0.31,10160,45.45,0
SEN_0115,21.23,94.77,115.18,230.62,2.17,6574,64.3,0
SEN_0116,93.89,98.36,92.46,234.07,1.95,3315,68.16,0
SEN_0117,80.71,96.24,145.87,216.16,3.55,14486,73.41,0
SEN_0118,68.87,95.71,102.38,217.1,4.42,5048,65.0,0
SEN_0119,20.67,142.05,276.33,238.02,3.12,4968,40.01,0
SEN_0120,23.61,53.29,289.78,226.04,2.16,381,56.93,0
SEN_0121,36.12,87.07,136.4,223.1,4.75,7087,43.39,0
SEN_0122,72.13,137.26,167.1,236.81,4.12,14240,94.55,0
SEN_0123,48.01,25.87,294.9,219.47,4.84,1583,71.7,1
SEN_0124,43.02,112.74,265.49,229.28,0.4,6319,66.57,0
SEN_0125,35.15,174.36,241.0,222.21,4.37,2860,54.4,1
SEN_0126,73.05,173.76,84.4,212.34,2.18,7136,59.41,0
SEN_0127,74.91,96.66,319.72,222.06,1.85,3766,48.69,0
SEN_0128,38.42,133.12,175.61,213.3,0.85,14853,50.1,0
SEN_0129,67.27,145.07,168.74,231.94,0.26,4634,80.65,1
SEN_0130,52.48,16.95,296.71,231.31,2.07,6428,41.99,0
SEN_0131,89.28,33.05,281.53,235.45,1.16,1514,68.59,1
SEN_0132,43.27,61.52,296.58,238.74,4.27,7261,43.84,1
SEN_0133,40.28,36.62,209.02,223.15,3.56,8800,53.44,0
SEN_0134,77.75,44.36,163.35,218.35,3.58,4263,93.9,0
SEN_0135,70.24,31.55,149.64,228.16,1.17,14117,82.78,0
SEN_0136,83.29,166.5,164.63,219.67,1.93,7010,76.19,0
SEN_0137,38.23,29.6,167.58,236.5,0.74,6435,89.55,1
SEN_0138,52.53,71.07,239.06,222.19,3.88,10438,89.04,0
SEN_0139,28.97,123.54,163.39,229.01,4.82,10286,75.38,1
SEN_0140,68.98,117.11,129.04,236.91,1.19,13297,94.7,0
SEN_0141,53.26,147.85,94.26,238.19,2.28,7194,48.35,0
SEN_0142,66.98,61.59,144.71,221.8,4.17,1542,87.9,0
SEN_0143,92.03,156.44,209.51,220.69,4.22,10516,76.46,1
SEN_0144,27.44,161.54,289.85,211.58,2.37,9339,69.44,1
SEN_0145,21.72,174.84,273.04,225.47,2.0,8573,58.84,0
SEN_0146,51.56,147.17,290.56,215.62,4.48,7620,47.38,0
SEN_0147,56.56,162.58,262.96,226.73,0.86,5665,67.14,0
SEN_0148,74.31,151.17,298.29,230.72,1.56,8164,63.06,0
SEN_0149,84.04,95.62,195.93,210.07,0.19,13327,62.22,1
SEN_0150,74.06,127.35,254.79,232.65,1.98,8753,77.93,0
SEN_0151,64.56,178.47,287.97,238.03,1.37,9775,66.55,0
SEN_0152,93.81,13.69,115.84,227.71,1.08,10694,58.2,0
SEN_0153,25.33,69.57,92.29,212.44,4.42,13427,54.4,0
SEN_0154,56.22,53.88,260.66,232.54,0.49,2820,93.88,0
SEN_0155,33.78,130.64,184.18,216.91,0.62,11303,61.63,0
SEN_0156,24.94,95.77,230.55,217.63,1.05,3218,93.38,0
SEN_0157,92.4,123.97,113.97,239.4,0.58,1019,93.32,0
SEN_0158,24.54,116.07,304.26,226.84,2.42,3184,59.56,0
SEN_0159,59.61,131.14,285.7,224.73,1.3,14735,45.7,0
SEN_0160,55.54,83.11,82.4,237.42,1.56,2853,75.72,0
SEN_0161,66.47,19.07,220.0,238.0,4.03,9621,64.36,0
SEN_0162,91.3,102.58,284.62,213.02,1.81,9694,68.98,1
SEN_0163,92.76,175.42,80.84,229.75,2.49,14345,70.02,1
SEN_0164,21.05,142.05,141.96,227.34,4.06,6365,65.36,0
SEN_0165,72.78,33.49,279.03,227.3,2.47,7904,83.08,0
SEN_0166,39.85,86.2,142.07,223.68,0.22,13537,84.96,0
SEN_0167,84.9,65.59,159.01,232.38,1.3,2510,94.14,0
SEN_0168,94.96,54.61,290.78,230.67,0.63,6293,66.04,0
SEN_0169,31.02,61.59,255.93,223.11,4.6,5516,92.08,0
SEN_0170,43.87,63.26,257.66,228.45,0.98,677,87.97,0
SEN_0171,57.47,132.68,111.04,224.72,2.17,1711,44.3,0
SEN_0172,75.64,106.77,161.77,229.61,4.67,10837,47.15,0
SEN_0173,53.29,122.61,289.9,233.17,3.23,10608,71.45,0
SEN_0174,62.14,107.61,227.54,238.01,2.49,5701,77.25,0
SEN_0175,46.8,26.58,162.25,232.05,4.91,2818,70.37,0
SEN_0176,68.8,35.19,306.67,218.68,1.48,14622,64.7,0
SEN_0177,26.74,179.88,152.41,232.8,4.59,8796,92.43,0
SEN_0178,32.41,120.52,313.18,236.87,1.73,6401,78.91,1
SEN_0179,59.14,88.8,99.32,210.74,2.58,2932,72.37,0
SEN_0180,25.65,136.05,143.67,238.01,4.45,3467,74.58,0
SEN_0181,52.51,94.89,213.78,234.49,1.52,10073,66.94,0
SEN_0182,30.76,91.97,250.03,217.68,1.57,13116,88.77,0
SEN_0183,54.23,77.57,298.16,232.09,0.89,2527,79.03,0
SEN_0184,43.8,93.12,224.64,227.66,1.65,5970,77.18,0
SEN_0185,93.71,78.7,94.28,239.37,3.57,7237,40.23,1
SEN_0186,42.62,69.44,259.15,237.14,4.61,14864,81.12,0
SEN_0187,38.96,111.6,212.29,223.3,1.83,8861,78.29,0
SEN_0188,46.39,149.27,165.88,239.4,3.96,8811,82.49,1
SEN_0189,42.09,147.37,253.06,237.56,2.94,1914,93.07,0
SEN_0190,90.33,114.28,213.08,210.67,0.26,14245,83.44,0
SEN_0191,44.35,131.73,114.53,223.54,4.98,9320,85.32,0
SEN_0192,50.93,101.41,95.46,223.31,3.02,10340,45.78,0
SEN_0193,91.26,163.01,141.1,235.64,3.19,13804,80.1,0
SEN_0194,23.85,45.7,197.05,217.73,0.4,9650,82.91,0
SEN_0195,49.79,99.62,213.97,222.76,4.17,2046,66.97,0
SEN_0196,59.89,99.1,306.17,231.95,4.12,13421,79.19,0
SEN_0197,55.44,56.31,105.56,235.46,4.8,6827,42.71,0
SEN_0198,75.87,59.82,266.87,232.62,2.29,11133,78.55,0
SEN_0199,93.4,71.51,223.69,237.64,4.41,4953,81.74,0
SEN_0200,72.08,70.57,106.53,235.5,1.47,8394,74.1,0
SEN_0201,90.04,127.48,270.31,211.83,1.11,6070,88.76,0
SEN_0202,69.28,164.92,90.28,221.56,2.62,14007,57.31,0
SEN_0203,64.54,32.19,219.5,237.83,3.11,5778,44.61,0
SEN_0204,21.19,14.9,158.57,215.65,0.63,8566,74.78,0
SEN_0205,32.94,40.86,81.95,233.37,2.89,10145,63.77,0
SEN_0206,93.95,49.8,161.78,219.44,2.0,8215,53.32,0
SEN_0207,29.69,77.79,302.25,224.77,2.06,12840,94.42,0
SEN_0208,55.92,83.48,313.22,228.46,0.76,2359,50.21,0
SEN_0209,92.41,116.41,212.49,225.95,2.96,8253,66.32,0
SEN_0210,25.08,78.47,301.62,234.54,1.17,9583,85.03,0
SEN_0211,45.59,159.43,83.15,232.37,2.7,10743,75.83,1
SEN_0212,33.81,41.54,158.74,235.03,3.88,5125,71.51,1
SEN_0213,53.96,18.49,228.05,226.29,4.89,5659,77.6,0
SEN_0214,93.82,116.02,149.6,223.23,3.0,11009,73.56,0
SEN_0215,59.16,58.36,250.34,228.51,0.69,5302,67.19,0
SEN_0216,71.46,140.88,153.46,217.78,1.64,13272,42.42,0
SEN_0217,88.89,75.46,272.88,230.65,3.51,2827,40.28,0
SEN_0218,41.23,80.98,129.01,220.42,2.77,10452,61.81,0
SEN_0219,69.26,117.25,264.12,235.41,3.47,12258,89.71,0
SEN_0220,68.29,77.14,262.07,234.94,4.3,4917,43.65,0
SEN_0221,60.31,166.28,257.28,223.6,2.49,1348,59.5,0
SEN_0222,56.17,136.51,177.2,212.77,2.72,3158,74.17,0
SEN_0223,73.44,111.1,166.97,233.86,1.83,10891,69.19,1
SEN_0224,39.09,63.32,116.41,223.0,3.99,9536,52.42,0
SEN_0225,76.02,159.57,114.04,215.66,2.68,7748,84.45,0
SEN_0226,26.34,127.2,239.72,217.27,4.24,10221,87.55,1
SEN_0227,76.88,103.69,190.88,233.43,0.92,4851,69.11,0
SEN_0228,91.04,17.33,280.73,232.18,3.36,6188,56.68,1
SEN_0229,40.86,133.72,275.71,239.21,1.66,8291,71.27,0
SEN_0230,65.62,16.17,243.76,228.65,1.1,8790,66.18,0
SEN_0231,84.25,93.48,203.61,221.93,2.18,7152,93.52,0
SEN_0232,72.45,127.82,100.69,236.37,2.54,14190,42.15,0
SEN_0233,70.25,44.27,318.5,214.93,1.05,5114,47.32,0
SEN_0234,69.32,157.03,269.62,238.31,3.25,13352,55.37,1
SEN_0235,22.26,135.41,127.15,235.17,2.0,13380,46.21,0
SEN_0236,72.14,172.65,244.25,231.17,4.53,5943,59.13,0
SEN_0237,57.8,53.56,135.42,233.99,2.1,6847,90.79,0
SEN_0238,70.93,62.13,221.14,235.56,4.99,12191,51.44,0
SEN_0239,41.72,168.5,119.92,236.17,0.64,14109,62.09,0
SEN_0240,66.66,105.73,225.88,213.1,3.64,642,85.5,0
SEN_0241,41.97,129.54,102.93,227.1,2.31,7638,60.47,0
SEN_0242,27.46,59.18,135.15,214.53,4.99,3328,75.59,0
SEN_0243,85.87,85.7,153.42,231.06,0.13,2013,53.38,0
SEN_0244,43.17,29.5,121.52,238.79,1.05,8516,62.74,0
SEN_0245,73.01,93.6,147.59,230.02,1.56,11791,50.62,0
SEN_0246,79.97,112.35,199.48,223.63,3.69,1343,71.49,0
SEN_0247,82.59,96.4,100.62,236.36,2.79,9774,50.79,0
SEN_0248,91.15,99.01,237.19,237.24,4.09,11608,68.83,1
SEN_0249,84.84,118.71,201.7,235.12,4.58,7339,47.1,1
SEN_0250,94.77,112.99,254.35,239.67,3.69,10899,80.08,0
SEN_0251,57.84,86.32,102.14,217.54,0.67,6331,47.31,0
SEN_0252,87.2,94.0,101.95,234.8,2.37,12906,45.27,0
SEN_0253,56.95,95.14,96.29,220.08,3.31,4004,54.48,0
SEN_0254,66.34,177.66,207.66,222.35,0.53,11403,66.95,0
SEN_0255,73.84,94.66,188.05,221.69,0.38,9245,75.7,0
SEN_0256,70.38,157.93,193.68,232.99,4.06,8798,54.94,0
SEN_0257,53.15,78.48,96.3,224.45,1.08,1156,59.24,0
SEN_0258,75.79,38.66,294.61,225.64,1.02,7112,72.2,0
SEN_0259,62.46,136.8,319.33,237.51,2.02,7795,44.84,0
SEN_0260,57.08,60.91,97.72,220.0,2.66,2370,58.87,0
SEN_0261,29.78,163.92,150.27,213.23,4.95,6219,70.0,0
SEN_0262,21.47,26.64,83.08,233.03,3.4,7141,87.61,0
SEN_0263,77.78,172.31,243.68,226.74,4.23,13741,88.15,1
SEN_0264,24.76,125.62,319.8,229.39,4.74,6498,92.49,1
SEN_0265,91.07,112.3,191.53,229.05,3.6,14192,41.81,0
SEN_0266,78.12,155.12,287.01,228.45,1.37,1743,43.87,0
SEN_0267,80.49,72.17,134.16,225.92,3.19,9895,94.14,1
SEN_0268,44.66,125.46,137.1,222.89,4.36,6493,77.34,0
SEN_0269,41.3,147.2,169.78,228.74,3.35,4195,47.37,1
SEN_0270,54.11,21.49,299.38,215.21,1.4,13145,84.07,0
SEN_0271,86.78,55.26,124.28,234.55,1.6,13355,49.37,0
SEN_0272,32.27,152.31,87.11,225.05,3.67,10480,66.69,0
SEN_0273,46.52,173.09,195.65,214.01,3.5,9992,91.31,1
SEN_0274,76.47,73.15,313.79,234.28,2.5,4105,63.87,0
SEN_0275,56.48,144.46,228.0,234.54,3.41,14271,49.97,0
SEN_0276,86.05,172.22,135.79,226.47,3.9,7683,62.26,1
SEN_0277,40.23,139.22,128.25,219.78,1.89,4632,61.82,0
SEN_0278,65.79,30.08,89.07,236.27,4.99,14805,65.88,0
SEN_0279,26.5,87.82,176.51,218.87,4.73,14204,57.77,0
SEN_0280,44.61,41.1,139.01,219.57,3.59,7793,40.57,0
SEN_0281,80.18,118.71,280.2,228.38,1.13,103,82.91,0
SEN_0282,60.75,46.21,188.36,225.24,1.66,349,51.17,0
SEN_0283,48.39,13.83,249.22,221.93,2.64,9927,66.12,0
SEN_0284,64.79,92.69,154.34,220.35,4.81,6867,92.97,0
SEN_0285,85.92,30.67,300.52,215.17,1.27,13243,61.47,0
SEN_0286,91.57,13.24,209.56,220.88,2.75,3719,74.33,0
SEN_0287,83.7,89.03,161.51,239.08,4.69,9180,66.15,0
SEN_0288,25.3,66.91,208.94,210.04,1.47,14479,75.86,0
SEN_0289,26.22,138.77,191.8,232.55,4.03,12113,87.38,0
SEN_0290,54.7,84.71,167.06,217.53,1.25,7768,49.97,0
SEN_0291,73.21,52.83,263.33,234.77,1.02,1230,79.4,0
SEN_0292,85.71,170.9,251.27,229.1,2.98,540,40.87,1
SEN_0293,86.61,73.9,189.44,225.54,1.87,8879,73.51,0
SEN_0294,92.8,83.66,271.69,217.43,3.02,10238,74.96,0
SEN_0295,92.07,172.68,307.21,223.05,3.93,11019,63.49,1
SEN_0296,92.88,86.12,81.05,229.04,3.8,11247,93.45,1
SEN_0297,91.05,40.51,86.13,227.3,2.43,1763,41.56,0
SEN_0298,31.55,111.97,183.02,218.1,2.9,2033,93.81,0
SEN_0299,51.13,105.62,218.49,225.16,2.99,4548,79.27,0
SEN_0300,29.83,46.39,97.72,230.83,4.78,10284,86.33,0
SEN_0301,80.79,104.97,134.34,221.2,2.02,583,50.53,0
SEN_0302,73.81,25.68,192.43,212.0,4.85,6448,90.21,0
SEN_0303,92.89,166.66,206.31,229.88,3.52,7632,66.79,1
SEN_0304,66.95,62.45,124.05,212.94,4.05,6183,49.27,0
SEN_0305,22.98,37.76,95.57,232.03,3.07,8966,76.58,0
SEN_0306,93.55,33.84,191.33,227.64,3.82,4937,43.69,1
SEN_0307,54.13,165.08,260.92,230.73,1.78,13574,60.31,1
SEN_0308,52.46,21.31,168.47,233.29,3.0,10448,78.14,0
SEN_0309,89.45,46.0,205.26,219.81,0.56,1583,91.71,0
SEN_0310,70.14,169.44,259.08,220.23,2.53,5147,76.54,0
SEN_0311,20.18,127.92,286.19,230.19,2.22,12550,78.95,0
SEN_0312,47.24,34.25,128.8,237.3,3.83,12728,49.94,0
SEN_0313,84.43,53.38,300.28,228.47,1.84,14834,70.23,1
SEN_0314,38.09,55.67,88.39,215.69,1.36,12766,81.85,0
SEN_0315,22.37,175.9,316.77,221.67,1.72,759,70.78,1
SEN_0316,92.74,138.11,304.65,228.83,2.96,6215,77.26,1
SEN_0317,40.44,48.06,266.31,214.19,2.54,4996,70.55,0
SEN_0318,78.17,135.96,319.34,215.78,1.46,4982,52.98,1
SEN_0319,70.2,163.42,318.68,213.89,0.5,3900,58.59,1
SEN_0320,68.17,99.57,83.91,216.7,1.02,4816,64.63,0
SEN_0321,56.33,24.31,238.27,224.44,1.28,6382,88.65,0
SEN_0322,47.91,99.6,172.56,214.67,4.78,6988,89.4,0
SEN_0323,73.67,41.56,127.67,212.25,0.54,11678,61.45,1
SEN_0324,62.14,170.66,117.9,213.04,1.68,14974,68.44,0
SEN_0325,29.61,173.77,271.9,212.06,1.37,9191,86.19,1
SEN_0326,22.14,176.69,237.35,232.44,4.1,10992,76.57,0
SEN_0327,53.8,176.52,186.05,237.82,4.16,3072,46.47,1
SEN_0328,37.98,64.3,249.61,218.4,4.51,186,84.29,0
SEN_0329,44.64,116.83,206.48,233.73,2.34,12259,55.95,0
SEN_0330,69.08,139.67,313.06,226.46,2.5,12176,85.1,0
SEN_0331,91.86,160.97,256.13,218.06,3.62,1106,51.09,1
SEN_0332,36.1,136.74,185.82,219.6,2.33,13279,66.49,0
SEN_0333,71.07,174.37,235.33,222.92,1.29,10260,87.59,1
SEN_0334,82.08,36.88,262.04,239.78,4.09,3416,52.03,0
SEN_0335,86.81,54.17,246.29,222.04,0.52,789,67.35,1
SEN_0336,21.53,173.22,247.71,237.51,0.87,3408,87.33,0
SEN_0337,33.2,127.89,220.56,235.94,0.48,2024,54.15,0
SEN_0338,33.85,151.13,249.51,238.35,0.87,8642,87.19,0
SEN_0339,77.69,53.46,84.33,228.63,3.51,9687,61.63,0
SEN_0340,21.17,34.75,125.76,226.39,4.76,14025,75.31,0
SEN_0341,80.33,89.03,163.52,216.43,0.43,12439,68.57,0
SEN_0342,94.65,55.65,110.76,220.54,3.96,14988,64.38,1
SEN_0343,68.52,149.04,83.5,227.03,3.18,7983,81.93,0
SEN_0344,27.72,78.68,295.9,225.12,4.14,12340,55.49,0
SEN_0345,68.87,137.48,230.06,217.11,4.35,14656,53.64,0
SEN_0346,35.75,123.44,168.89,216.38,2.8,572,84.92,0
SEN_0347,59.47,58.62,117.99,233.16,3.83,950,54.06,0
SEN_0348,91.33,42.87,160.87,220.28,0.32,6783,70.71,1
SEN_0349,24.96,170.94,83.87,211.31,2.39,14263,82.79,1
SEN_0350,89.62,27.8,243.98,226.28,3.88,1377,78.53,1
SEN_0351,33.03,157.64,101.74,232.9,4.08,2878,64.05,1
SEN_0352,34.64,45.16,95.11,215.6,4.08,10148,73.01,0
SEN_0353,23.65,139.53,237.52,223.92,4.68,4067,94.98,0
SEN_0354,58.13,76.37,228.74,215.01,3.14,8634,59.34,0
SEN_0355,89.04,30.62,274.38,229.79,3.99,10299,94.72,1
SEN_0356,61.89,94.28,96.5,220.84,1.06,5940,53.32,0
SEN_0357,20.78,80.37,125.88,220.97,3.11,4559,56.2,0
SEN_0358,70.91,157.66,203.89,214.04,4.67,11110,72.95,0
SEN_0359,57.52,113.67,282.39,223.18,3.13,8628,90.86,0
SEN_0360,83.91,72.93,250.82,217.53,1.21,9814,94.2,0
SEN_0361,58.27,92.53,175.99,226.87,2.36,5159,69.14,0
SEN_0362,79.44,95.71,231.6,229.46,4.82,6810,45.7,0
SEN_0363,39.21,72.07,287.58,234.26,4.74,11912,60.75,1
SEN_0364,48.71,54.43,153.25,227.04,1.37,14223,84.08,0
SEN_0365,31.79,144.34,278.01,238.44,0.47,4520,50.43,0
SEN_0366,48.14,141.31,127.83,226.53,4.07,9484,76.18,0
SEN_0367,89.29,145.14,313.31,214.53,3.19,5140,65.07,1
SEN_0368,81.52,130.19,306.69,230.53,1.42,10202,76.05,0
SEN_0369,21.08,30.22,261.11,212.95,2.41,5228,69.69,0
SEN_0370,22.53,83.94,162.18,239.32,3.3,11110,43.66,0
SEN_0371,50.81,97.12,214.91,219.93,1.52,13645,67.48,0
SEN_0372,34.9,27.42,244.28,238.21,0.6,6372,50.06,0
SEN_0373,72.67,160.3,98.43,219.3,0.82,7213,85.21,0
SEN_0374,36.84,58.72,309.11,225.68,3.86,6142,80.66,0
SEN_0375,61.99,167.2,107.6,239.31,1.44,10483,78.44,1
SEN_0376,75.27,155.25,159.66,221.2,2.64,7850,45.08,0
SEN_0377,81.02,44.19,125.34,219.16,0.91,9489,66.28,0
SEN_0378,46.74,73.18,118.71,221.91,4.11,3328,61.08,0
SEN_0379,91.78,99.3,254.79,222.41,3.6,9243,82.42,0
SEN_0380,81.07,119.3,149.55,212.14,0.5,10870,79.25,0
SEN_0381,93.44,129.07,311.97,219.4,3.04,1157,67.8,1
SEN_0382,49.13,37.67,237.68,216.86,4.07,5931,51.52,0
SEN_0383,41.7,122.8,122.91,219.15,3.88,5245,46.87,0
SEN_0384,46.48,71.19,147.75,236.99,3.82,9522,73.83,0
SEN_0385,27.78,122.53,124.14,219.59,3.47,11496,57.2,0
SEN_0386,60.7,65.91,125.03,223.28,2.29,2674,93.95,0
SEN_0387,37.85,120.44,109.06,223.37,1.75,12332,91.76,0
SEN_0388,61.44,21.48,289.59,220.7,2.43,5816,46.87,1
SEN_0389,38.48,140.33,168.73,226.3,2.91,6849,48.59,0
SEN_0390,22.98,173.5,304.1,221.89,4.67,1798,67.31,0
SEN_0391,40.73,160.77,144.39,220.14,1.19,14487,42.13,0
SEN_0392,69.43,167.22,277.83,214.06,2.06,10602,53.61,1
SEN_0393,77.73,158.76,103.99,217.89,1.28,10588,89.58,1
SEN_0394,91.69,167.29,172.43,238.32,3.55,7540,67.08,0
SEN_0395,80.41,141.67,113.63,227.32,0.73,11197,61.65,1
SEN_0396,52.96,26.28,305.7,238.8,4.31,10895,44.29,1
SEN_0397,71.58,113.96,120.31,234.6,0.86,13589,65.38,0
SEN_0398,21.03,159.52,276.92,214.14,1.28,12901,65.21,0
SEN_0399,79.39,29.21,252.46,239.22,2.21,3851,62.17,0
SEN_0400,47.67,142.51,253.52,238.57,0.53,9088,55.27,1
SEN_0401,26.87,90.82,235.86,218.98,4.92,2250,54.29,0
SEN_0402,73.42,15.86,144.95,224.17,0.31,637,77.99,0
SEN_0403,23.34,140.75,258.09,235.41,3.72,3245,80.15,0
SEN_0404,87.07,74.02,210.95,228.42,1.17,10126,91.16,1
SEN_0405,90.82,85.08,286.76,210.96,4.72,12699,41.23,1
SEN_0406,86.08,110.1,159.54,221.52,3.37,11088,87.18,1
SEN_0407,42.42,13.85,292.7,215.87,4.01,2521,48.24,1
SEN_0408,73.03,165.46,169.54,238.52,3.63,10830,41.34,1
SEN_0409,83.67,163.03,172.83,232.89,0.94,292,65.14,0
SEN_0410,46.14,87.41,153.91,212.44,0.2,11567,54.22,0
SEN_0411,63.67,123.89,96.05,224.16,4.17,12642,85.7,0
SEN_0412,20.06,68.77,178.86,235.35,4.42,1703,51.87,0
SEN_0413,85.97,116.09,133.21,234.85,4.32,12822,69.8,0
SEN_0414,23.23,67.83,111.09,236.42,4.08,11768,83.28,1
SEN_0415,88.11,45.75,211.86,229.04,3.16,7681,42.51,0
SEN_0416,62.12,102.89,265.4,238.62,1.65,4000,41.56,0
SEN_0417,49.21,140.69,269.76,232.04,1.17,14312,43.55,1
SEN_0418,74.69,161.52,260.08,219.15,2.41,1631,73.26,1
SEN_0419,23.1,80.67,200.35,218.79,2.13,4050,40.62,0
SEN_0420,56.5,121.83,80.95,213.91,0.49,3490,73.3,0
SEN_0421,43.66,110.88,100.87,220.82,2.3,12176,46.67,0
SEN_0422,84.97,26.27,212.56,221.53,2.69,8913,55.45,1
SEN_0423,62.39,18.41,189.4,211.02,3.98,12426,82.03,0
SEN_0424,74.45,178.01,177.36,233.82,0.38,4237,74.09,1
SEN_0425,44.73,24.77,269.52,229.8,0.52,13702,68.37,0
SEN_0426,28.14,151.96,175.89,238.68,2.04,8030,49.86,0
SEN_0427,58.16,36.84,116.35,213.08,0.6,8617,82.47,0
SEN_0428,38.2,150.24,99.4,230.26,2.4,12700,77.44,0
SEN_0429,29.93,62.38,89.45,215.04,3.54,13058,74.79,1
SEN_0430,83.87,83.36,143.15,230.41,3.98,3056,48.17,0
SEN_0431,91.82,129.19,235.72,228.22,4.46,9913,45.27,0
SEN_0432,32.71,171.17,285.9,227.52,4.32,5957,62.86,1
SEN_0433,79.44,62.76,83.77,235.17,4.39,12593,77.27,1
SEN_0434,91.57,115.58,92.63,221.45,4.09,14136,80.83,0
SEN_0435,68.31,74.81,222.38,216.25,3.02,7352,94.64,0
SEN_0436,88.12,90.72,97.23,210.48,3.14,12284,62.46,0
SEN_0437,27.83,108.77,221.16,214.67,1.52,14762,77.67,0
SEN_0438,85.39,146.82,286.09,210.39,3.2,15000,56.9,0
SEN_0439,63.17,21.01,218.88,224.17,2.33,7938,77.27,0
SEN_0440,33.6,51.65,85.57,231.65,3.9,11536,58.89,0
SEN_0441,87.46,117.54,301.07,239.72,1.5,3786,72.42,1
SEN_0442,38.3,16.56,228.9,226.92,3.96,13238,59.9,0
SEN_0443,82.45,100.96,101.74,236.46,1.12,2250,72.05,1
SEN_0444,22.25,84.03,80.97,215.49,1.31,7409,88.07,0
SEN_0445,49.97,46.61,129.32,225.35,1.46,7875,93.07,0
SEN_0446,48.07,95.54,130.17,210.44,0.82,7312,59.27,0
SEN_0447,54.03,10.14,221.21,217.98,4.84,7315,60.06,0
SEN_0448,39.21,172.59,194.85,235.65,3.58,745,83.74,0
SEN_0449,68.31,120.14,292.22,233.01,0.16,10006,85.41,0
SEN_0450,34.44,45.34,305.02,227.13,0.83,13725,57.07,1
SEN_0451,31.1,55.29,209.08,213.7,0.21,12730,75.64,0
SEN_0452,48.41,117.74,227.42,230.79,4.12,13535,76.81,0
SEN_0453,80.71,178.25,193.78,236.84,2.99,1627,88.08,1
SEN_0454,77.06,171.14,185.67,213.13,4.04,9700,53.68,1
SEN_0455,89.05,129.04,204.63,226.34,3.83,7098,58.13,1
SEN_0456,79.21,100.53,113.58,232.51,4.26,10831,49.13,0
SEN_0457,41.28,40.12,116.17,217.46,2.64,4855,91.43,0
SEN_0458,21.5,104.71,167.87,224.89,3.39,5074,80.33,0
SEN_0459,42.24,72.91,102.83,225.23,0.89,2979,55.47,0
SEN_0460,87.04,39.74,249.9,224.68,1.67,7664,56.7,0
SEN_0461,55.34,100.46,191.49,211.14,3.18,8222,88.27,0
SEN_0462,38.12,108.39,208.75,216.55,2.74,13184,72.81,0
SEN_0463,59.06,112.44,91.2,232.36,4.97,261,69.9,0
SEN_0464,22.76,45.69,126.4,221.01,3.29,7689,88.12,0
SEN_0465,91.7,78.91,261.05,222.33,3.13,3236,72.1,0
SEN_0466,32.05,79.86,259.52,224.93,4.49,6852,68.73,0
SEN_0467,26.17,107.49,130.56,214.21,3.61,3355,93.34,0
SEN_0468,25.99,148.83,160.9,222.62,0.22,6532,66.72,1
SEN_0469,93.86,20.9,184.91,233.68,0.57,12625,53.57,0
SEN_0470,88.49,177.61,175.46,213.36,0.48,158,79.27,1
SEN_0471,88.08,30.38,311.08,234.14,0.55,6980,57.55,0
SEN_0472,48.66,110.49,263.48,220.7,1.04,5715,57.64,0
SEN_0473,90.68,178.91,301.94,233.53,3.78,4204,61.98,1
SEN_0474,74.9,123.81,212.7,238.55,4.32,11243,92.21,0
SEN_0475,94.09,119.55,85.96,234.99,3.06,14657,84.29,0
SEN_0476,60.89,13.82,113.87,212.51,3.39,3690,94.53,0
SEN_0477,26.24,30.67,264.94,216.0,3.46,14172,80.73,0
SEN_0478,58.13,63.33,123.61,238.6,1.75,7951,59.33,0
SEN_0479,30.75,145.0,93.79,239.34,2.8,13716,45.73,0
SEN_0480,21.02,170.1,109.81,224.78,3.18,10770,78.25,1
SEN_0481,42.15,77.1,171.02,225.8,3.24,2061,85.54,0
SEN_0482,66.22,141.88,196.11,236.89,1.59,579,88.71,0
SEN_0483,72.26,71.06,246.76,227.52,2.89,1118,81.06,0
SEN_0484,64.58,62.97,200.38,210.75,1.97,14140,53.14,0
SEN_0485,90.39,15.02,205.42,225.28,0.44,6315,87.3,0
SEN_0486,70.06,90.82,249.35,230.0,4.38,12943,81.35,0
SEN_0487,60.66,147.64,173.26,229.6,1.98,12641,93.28,1
SEN_0488,82.64,102.13,194.65,218.93,2.89,2078,52.28,1
SEN_0489,20.25,155.79,185.48,223.22,0.62,11657,56.12,0
SEN_0490,43.69,14.58,129.79,226.72,1.26,14885,61.1,1
SEN_0491,48.33,55.45,228.75,214.58,1.52,7300,51.36,0
SEN_0492,65.89,109.23,191.76,220.8,0.93,11064,40.67,0
SEN_0493,60.53,99.36,191.81,216.32,2.09,8562,63.32,0
SEN_0494,57.08,49.3,307.76,218.86,1.8,5860,80.16,0
SEN_0495,36.23,150.79,279.74,217.46,1.78,1386,47.97,1
SEN_0496,82.64,37.02,148.36,239.31,2.6,9654,68.22,0
SEN_0497,45.47,14.94,202.62,223.96,4.08,13246,70.3,0
SEN_0498,78.84,73.51,301.62,223.22,4.45,7105,67.16,0
SEN_0499,36.68,55.17,223.48,215.02,2.15,9175,92.14,0
SEN_0500,61.13,108.67,280.08,237.47,3.62,8289,80.81,0
SEN_0501,35.8,84.35,153.53,214.73,3.51,5148,76.6,0
SEN_0502,56.21,31.98,100.63,237.73,0.59,9338,86.9,1
SEN_0503,89.11,133.18,215.0,239.67,3.87,14154,74.31,1
SEN_0504,87.7,24.74,167.12,218.48,1.11,2605,73.04,1
SEN_0505,75.78,105.88,190.48,225.5,1.72,2710,64.4,1
SEN_0506,34.21,90.8,226.98,227.46,4.1,6649,56.59,0
SEN_0507,44.21,25.24,91.8,216.07,1.23,6920,85.86,0
SEN_0508,67.5,147.71,300.63,238.96,4.1,2776,40.99,1
SEN_0509,25.56,49.49,283.28,224.97,1.95,6324,57.78,0
SEN_0510,74.18,74.34,218.89,229.16,2.13,2282,52.95,0
SEN_0511,67.8,17.94,289.18,216.38,2.18,14780,65.13,1
SEN_0512,59.51,37.08,93.96,220.94,0.81,9995,91.15,0
SEN_0513,40.71,44.44,231.83,234.13,2.92,13606,65.22,0
SEN_0514,20.4,88.09,276.07,210.28,3.87,11739,65.23,0
SEN_0515,63.99,172.27,259.68,220.76,1.44,7547,85.39,0
SEN_0516,82.8,112.55,302.97,237.67,4.02,6079,91.8,0
SEN_0517,65.15,162.89,143.92,231.11,2.51,5854,74.66,0
SEN_0518,29.35,119.7,262.97,229.89,4.83,8842,86.3,0
SEN_0519,66.99,72.88,181.52,234.31,1.03,5554,43.87,0
SEN_0520,82.0,144.77,281.34,212.54,1.45,11331,69.14,1
SEN_0521,59.02,67.98,117.99,214.72,4.91,5308,48.05,0
SEN_0522,20.0,95.25,234.39,213.17,1.1,2024,51.16,0
SEN_0523,24.56,56.41,220.86,234.58,4.29,5945,44.42,0
SEN_0524,44.97,21.94,167.63,219.1,4.09,14966,76.77,0
SEN_0525,33.55,24.38,138.79,236.21,2.42,4351,79.78,0
SEN_0526,78.35,121.9,225.98,215.54,4.16,8743,42.18,0
SEN_0527,31.39,121.39,317.89,220.19,0.66,9845,53.06,0
SEN_0528,63.29,66.22,217.26,217.06,0.1,8278,91.99,0
SEN_0529,30.34,54.37,215.01,224.89,1.1,4895,51.49,0
SEN_0530,73.76,74.39,256.13,225.96,1.72,12100,67.32,0
SEN_0531,81.3,17.25,89.64,224.34,0.94,1653,82.56,0
SEN_0532,22.54,134.9,114.93,223.26,2.05,12133,57.31,0
SEN_0533,87.8,178.51,111.5,235.04,3.29,12134,90.79,1
SEN_0534,26.59,154.97,250.46,223.92,1.26,4606,76.82,1
SEN_0535,20.68,98.16,295.3,230.99,1.06,608,72.36,1
SEN_0536,59.8,128.37,87.32,232.8,3.78,4153,45.16,0
SEN_0537,94.85,158.4,295.55,215.01,4.91,5549,62.69,1
SEN_0538,49.81,138.49,146.85,237.78,1.71,3072,81.83,0
SEN_0539,64.57,61.02,317.42,226.11,0.69,3258,47.23,0
SEN_0540,80.78,175.58,165.91,236.89,0.36,13857,64.79,0
SEN_0541,75.46,115.5,140.28,213.42,2.46,12246,94.87,0
SEN_0542,52.99,118.98,219.19,214.7,0.22,3549,46.47,0
SEN_0543,34.05,150.99,131.69,228.17,1.57,14281,46.16,0
SEN_0544,81.39,72.43,222.06,214.69,0.86,11805,90.92,1
SEN_0545,30.48,51.89,257.43,211.71,3.09,6349,78.8,0
SEN_0546,85.83,37.81,229.02,214.43,2.3,11358,57.05,0
SEN_0547,80.04,22.48,104.42,228.42,0.3,8516,57.33,0
SEN_0548,21.78,12.83,301.49,235.67,2.06,8509,41.26,0
SEN_0549,25.36,31.29,246.07,210.14,1.2,5609,91.91,0
SEN_0550,61.86,139.35,291.31,233.15,3.43,10067,56.27,0
SEN_0551,79.8,23.0,289.76,218.86,1.58,12727,52.06,1
SEN_0552,89.24,147.28,202.86,227.82,4.14,10639,54.96,1
SEN_0553,41.37,131.72,156.84,220.16,3.11,12788,61.94,0
SEN_0554,65.9,120.51,220.98,239.94,3.86,14361,45.68,0
SEN_0555,38.49,61.88,208.93,228.62,2.89,14755,43.9,0
SEN_0556,51.74,13.28,108.68,230.12,1.38,8825,76.62,0
SEN_0557,37.93,27.37,119.52,232.62,4.23,3380,49.93,0
SEN_0558,20.6,126.24,232.91,227.82,0.5,13714,51.16,0
SEN_0559,68.81,124.19,291.66,236.66,3.36,2302,47.82,0
SEN_0560,30.29,167.71,277.7,238.58,3.16,2362,50.93,0
SEN_0561,49.53,135.55,167.23,214.68,0.43,13008,55.14,0
SEN_0562,71.43,120.14,93.97,226.99,2.8,11908,50.96,1
SEN_0563,21.99,85.85,179.75,233.37,1.18,1315,86.48,0
SEN_0564,50.18,132.52,183.13,218.9,1.6,10077,53.58,0
SEN_0565,52.71,121.19,239.51,238.72,0.97,13109,59.56,0
SEN_0566,56.63,85.3,116.33,233.82,4.04,1711,86.03,0
SEN_0567,94.99,30.26,108.03,214.68,2.44,4299,89.55,1
SEN_0568,87.8,90.85,265.49,215.28,1.76,3814,59.47,0
SEN_0569,36.16,116.08,307.07,228.79,2.5,11676,67.56,0
SEN_0570,90.76,115.61,318.24,220.6,3.14,8293,83.29,0
SEN_0571,72.79,18.73,316.21,216.66,3.82,3638,42.93,0
SEN_0572,20.71,154.22,262.64,218.78,3.73,10230,40.03,1
SEN_0573,33.17,105.73,161.59,223.45,1.21,5883,81.48,0
SEN_0574,48.68,100.63,143.29,219.91,3.09,11113,82.57,0
SEN_0575,90.88,91.06,260.78,224.81,1.35,1353,42.86,0
SEN_0576,88.64,91.43,315.8,239.44,0.51,1735,66.65,1
SEN_0577,60.12,150.22,281.18,229.34,3.84,1667,52.03,1
SEN_0578,33.8,20.59,82.01,212.65,4.49,13130,89.43,0
SEN_0579,61.59,172.18,214.98,228.39,3.65,10525,62.93,1
SEN_0580,83.5,142.23,271.6,231.47,0.88,6676,63.35,1
SEN_0581,29.98,44.04,309.36,227.34,2.95,5614,57.43,1
SEN_0582,89.08,135.54,267.44,237.43,2.73,2714,41.73,0
SEN_0583,51.69,77.15,205.51,213.61,2.88,14946,88.91,0
SEN_0584,61.5,149.82,319.52,224.64,2.08,12099,71.82,1
SEN_0585,90.24,27.32,188.04,227.92,2.45,3088,43.19,1
SEN_0586,90.67,165.19,222.35,214.77,4.66,2019,88.58,1
SEN_0587,46.77,74.82,109.7,234.49,3.53,4055,77.72,0
SEN_0588,84.12,39.34,82.64,233.13,4.55,12476,76.89,1
SEN_0589,30.24,146.45,269.77,234.12,1.66,4522,79.55,1
SEN_0590,87.6,48.1,228.88,233.67,4.39,13716,75.89,1
SEN_0591,68.78,150.69,95.6,222.25,3.06,11863,71.36,0
SEN_0592,72.62,27.77,289.36,215.19,4.9,11601,73.23,1
SEN_0593,68.71,40.9,225.98,214.3,2.25,3860,56.04,0
SEN_0594,75.59,163.56,279.39,220.03,4.2,7959,52.89,1
SEN_0595,43.35,91.88,220.74,214.08,0.96,1052,40.06,0
SEN_0596,78.17,101.18,311.36,214.29,0.72,12096,93.06,0
SEN_0597,25.5,158.64,181.14,228.23,2.27,9003,54.81,0
SEN_0598,32.42,121.6,269.42,227.09,4.62,11959,70.0,0
SEN_0599,62.23,116.91,242.04,226.88,3.44,10054,91.24,0
SEN_0600,49.43,84.5,167.77,239.77,4.48,852,74.33,0
SEN_0601,75.83,174.47,176.72,213.82,3.33,5283,56.9,1
SEN_0602,62.67,72.37,265.14,227.64,1.19,1363,51.74,0
SEN_0603,91.43,125.09,177.48,212.43,1.05,11204,55.91,1
SEN_0604,39.08,167.73,294.56,233.27,4.87,1178,43.3,1
SEN_0605,57.66,125.5,269.04,229.0,4.97,14945,52.93,0
SEN_0606,79.99,40.44,144.42,235.9,3.65,10885,70.0,0
SEN_0607,84.92,26.17,163.64,230.17,0.63,14781,53.69,0
SEN_0608,79.89,49.52,245.33,222.99,1.3,11303,85.19,0
SEN_0609,54.17,46.38,193.75,220.07,3.67,3807,67.68,0
SEN_0610,37.12,65.03,89.85,239.97,3.93,2163,65.66,0
SEN_0611,57.56,132.63,215.07,223.16,1.26,11459,83.82,0
SEN_0612,26.77,68.26,116.62,234.14,3.89,12552,64.18,0
SEN_0613,64.17,149.25,297.86,233.72,1.24,2755,72.44,1
SEN_0614,42.18,40.98,232.39,238.19,3.26,7445,76.07,0
SEN_0615,53.91,40.75,148.47,235.9,2.2,11626,66.64,1
SEN_0616,28.84,174.25,262.14,228.01,4.96,10286,76.13,0
SEN_0617,73.71,104.6,100.87,223.97,4.8,13037,78.92,0
SEN_0618,94.78,138.08,127.7,225.59,0.96,7117,54.68,1
SEN_0619,59.59,87.72,291.28,227.79,3.96,13447,44.73,0
SEN_0620,24.99,142.9,279.82,233.5,0.19,14455,58.89,1
SEN_0621,30.21,13.99,127.85,220.46,2.43,3957,73.44,0
SEN_0622,32.46,144.19,133.2,220.71,3.93,3246,93.67,1
SEN_0623,45.49,77.62,172.16,225.34,4.67,14779,55.51,0
SEN_0624,50.02,166.48,101.46,237.51,3.95,9417,43.13,0
SEN_0625,74.72,111.48,310.69,211.99,2.56,7415,50.97,0
SEN_0626,27.07,171.69,232.51,233.51,3.62,8417,64.74,0
SEN_0627,37.98,67.24,148.34,221.28,2.4,2393,68.76,0
SEN_0628,60.91,120.55,191.64,215.05,2.31,4138,63.28,0
SEN_0629,72.86,157.97,254.45,216.87,2.71,12402,43.8,0
SEN_0630,72.72,56.43,198.8,214.4,4.26,11736,59.66,0
SEN_0631,20.34,39.17,87.64,226.05,2.55,9715,41.3,0
SEN_0632,69.11,170.42,123.53,234.06,0.95,4714,47.81,1
SEN_0633,50.32,39.38,315.21,222.84,0.79,13192,71.82,0
SEN_0634,46.27,126.45,295.9,236.28,3.42,962,57.29,0
SEN_0635,63.64,113.14,147.83,229.83,4.13,12126,80.62,0
SEN_0636,89.68,105.5,319.15,231.19,3.58,3619,48.18,0
SEN_0637,42.02,170.95,307.2,211.01,4.52,11282,65.05,0
SEN_0638,25.34,135.14,307.34,232.08,3.3,7143,61.79,0
SEN_0639,51.94,52.3,82.59,231.92,4.54,5847,44.1,0
SEN_0640,86.97,157.89,116.6,239.51,0.16,4976,91.37,0
SEN_0641,90.28,121.6,139.22,233.52,1.45,3176,88.41,0
SEN_0642,33.7,86.22,293.76,218.08,3.25,6708,91.19,0
SEN_0643,43.89,130.1,270.8,235.37,4.87,10169,45.83,0
SEN_0644,85.74,140.45,135.32,210.6,4.87,8743,52.34,1
SEN_0645,40.02,126.52,127.75,239.0,4.62,8661,63.96,0
SEN_0646,64.28,56.52,108.42,228.95,0.3,1374,82.65,0
SEN_0647,93.21,95.62,286.05,239.49,1.71,1269,66.24,0
SEN_0648,39.48,121.91,260.28,219.85,1.87,1255,72.16,0
SEN_0649,80.58,161.49,193.19,217.11,2.6,4047,74.48,0
SEN_0650,21.57,147.23,292.78,236.94,3.49,7615,86.57,1
SEN_0651,69.82,117.83,315.64,236.56,4.66,9491,66.53,0
SEN_0652,71.44,77.39,226.78,221.2,3.97,14342,61.37,0
SEN_0653,49.02,15.19,89.76,237.23,0.89,9469,60.85,0
SEN_0654,65.49,110.87,120.29,217.23,0.16,5411,52.93,0
SEN_0655,37.13,68.27,265.78,211.54,3.66,13454,48.03,0
SEN_0656,63.14,107.19,318.35,211.91,4.96,15000,84.19,0
SEN_0657,56.6,158.15,87.09,221.97,3.8,233,55.82,1
SEN_0658,82.88,23.49,141.82,214.86,3.9,13208,67.52,1
SEN_0659,41.53,28.73,141.91,221.03,4.96,4136,65.95,0
SEN_0660,55.66,116.97,106.0,230.48,3.79,3514,55.32,0
SEN_0661,33.32,136.76,113.49,222.53,2.9,4545,72.09,0
SEN_0662,20.65,84.5,158.21,239.18,1.19,1252,50.01,0
SEN_0663,90.0,83.79,244.54,237.86,3.86,214,62.03,0
SEN_0664,79.28,102.06,266.02,227.55,3.01,11095,41.89,0
SEN_0665,47.54,86.09,237.89,225.16,3.98,3037,86.16,0
SEN_0666,48.85,73.74,152.89,235.92,3.31,549,47.62,0
SEN_0667,84.46,162.94,299.78,235.63,3.19,14454,82.42,1
SEN_0668,83.2,163.07,104.91,214.45,3.13,140,46.55,1
SEN_0669,54.35,84.87,113.63,226.7,1.79,1434,49.78,0
SEN_0670,51.95,101.67,253.16,218.91,2.9,6134,59.41,0
SEN_0671,90.99,168.98,248.57,233.35,3.85,6177,79.44,0
SEN_0672,71.7,141.01,87.32,230.85,1.69,3593,54.01,0
SEN_0673,41.28,44.99,162.58,224.32,2.48,3732,91.81,0
SEN_0674,20.77,121.18,141.87,235.29,4.43,7232,66.0,0
SEN_0675,78.74,135.29,315.47,237.47,4.17,9879,89.3,0
SEN_0676,53.98,79.85,272.93,225.21,2.6,1606,54.24,0
SEN_0677,26.65,64.12,109.42,230.25,3.03,13115,60.48,0
SEN_0678,27.78,173.9,194.31,232.88,4.17,5368,88.19,0
SEN_0679,20.08,179.18,298.29,233.14,0.95,2803,76.07,0
SEN_0680,25.93,35.88,232.85,229.45,2.64,3533,69.49,0
SEN_0681,93.16,145.93,198.27,235.01,1.26,8283,42.81,1
SEN_0682,57.26,41.61,109.65,212.98,2.4,3529,51.28,0
SEN_0683,25.24,101.68,218.59,218.01,0.73,10943,80.85,0
SEN_0684,66.5,130.08,115.2,234.93,3.69,13849,90.64,0
SEN_0685,24.79,101.76,278.98,211.68,4.19,2817,76.43,0
SEN_0686,44.69,11.48,85.8,226.97,1.94,11157,41.81,0
SEN_0687,47.84,116.07,88.29,238.7,2.48,14916,77.86,1
SEN_0688,61.63,134.42,116.49,215.9,0.57,6522,51.21,0
SEN_0689,76.55,11.76,245.8,220.38,3.04,5502,84.16,0
SEN_0690,82.87,54.65,158.74,217.18,2.97,11179,93.66,1
SEN_0691,76.22,82.27,154.99,213.56,1.79,4309,68.11,0
SEN_0692,47.4,17.43,260.19,235.41,1.56,10962,87.3,1
SEN_0693,77.35,83.09,283.46,225.56,2.77,11034,51.4,0
SEN_0694,75.92,67.99,101.75,230.33,3.13,3866,60.04,0
SEN_0695,76.31,178.7,195.19,216.22,0.6,3084,68.93,0
SEN_0696,46.15,52.37,134.32,220.53,1.42,8283,53.5,0
SEN_0697,87.48,50.21,301.93,229.26,3.67,9540,79.09,0
SEN_0698,91.3,89.11,238.98,219.99,1.43,12198,92.78,1
SEN_0699,32.91,21.04,275.02,217.77,0.32,2996,70.78,0
SEN_0700,68.09,149.96,90.2,212.39,3.4,7417,64.29,0
SEN_0701,73.17,52.37,203.89,210.7,3.26,620,88.07,0
SEN_0702,80.09,56.51,113.32,227.84,2.72,12712,42.09,1
SEN_0703,82.59,51.56,162.61,216.07,2.2,6280,86.61,0
SEN_0704,29.91,148.29,283.01,236.45,0.36,12963,58.39,0
SEN_0705,89.49,154.34,227.74,229.34,0.73,4374,93.57,0
SEN_0706,90.1,69.73,160.97,238.61,1.92,4507,75.85,0
SEN_0707,80.81,99.25,155.18,238.39,4.8,4665,85.4,1
SEN_0708,28.01,104.48,300.05,231.07,1.76,229,47.46,0
SEN_0709,63.51,41.98,159.39,233.36,0.8,9110,60.73,0
SEN_0710,65.01,58.98,243.27,223.82,4.64,10810,81.06,0
SEN_0711,61.53,104.83,177.94,222.57,1.3,1971,89.36,0
SEN_0712,91.8,155.07,198.66,231.98,2.14,9762,72.49,0
SEN_0713,47.0,52.93,146.76,227.18,2.03,6004,57.78,0
SEN_0714,91.38,142.35,197.67,221.16,3.39,2222,55.46,1
SEN_0715,56.89,20.84,158.83,225.27,1.06,6471,83.08,0
SEN_0716,70.21,83.7,145.15,212.43,0.68,14839,57.8,0
SEN_0717,66.9,109.09,214.63,222.87,4.29,4944,43.13,0
SEN_0718,26.07,85.66,229.9,239.65,4.56,7850,43.46,0
SEN_0719,32.06,122.64,168.74,217.4,3.55,8178,91.38,0
SEN_0720,32.16,104.85,253.9,214.11,3.73,2325,82.78,0
SEN_0721,76.04,160.53,229.78,218.28,4.18,8669,67.78,0
SEN_0722,28.84,175.65,107.61,234.37,2.31,959,42.37,1
SEN_0723,64.22,29.89,110.55,234.24,3.43,11474,48.92,0
SEN_0724,73.47,100.59,160.77,229.79,3.09,1875,40.65,0
SEN_0725,91.91,38.44,267.71,233.17,1.09,11979,86.12,0
SEN_0726,22.31,78.96,315.21,211.56,1.95,14725,42.01,0
SEN_0727,20.45,133.79,302.29,210.97,0.63,364,69.71,0
SEN_0728,49.1,83.28,152.21,222.96,2.14,6198,68.68,0
SEN_0729,32.09,98.7,96.53,218.68,3.55,1230,53.71,0
SEN_0730,22.87,32.89,256.73,229.66,4.98,9571,65.6,0
SEN_0731,92.22,52.85,315.3,225.57,4.46,13652,75.85,0
SEN_0732,80.21,18.65,97.22,218.88,1.8,6431,88.75,0
SEN_0733,63.71,31.61,155.08,225.42,2.33,12976,72.06,1
SEN_0734,49.29,114.6,225.78,210.97,4.33,5852,62.7,0
SEN_0735,24.76,82.13,89.7,213.52,3.12,14828,51.62,0
SEN_0736,50.85,70.34,165.1,232.4,3.12,5546,92.96,0
SEN_0737,35.41,125.64,109.47,213.71,2.85,12382,47.44,0
SEN_0738,78.11,87.22,186.42,215.85,3.64,5135,50.32,0
SEN_0739,25.52,77.01,245.55,225.49,4.19,8423,70.27,0
SEN_0740,67.8,84.27,172.91,214.7,2.69,1035,55.97,0
SEN_0741,80.59,111.57,97.85,217.59,0.15,5347,69.28,0
SEN_0742,75.85,158.2,318.0,214.42,2.78,668,70.6,1
SEN_0743,87.97,46.5,291.07,237.2,3.54,4769,46.74,0
SEN_0744,56.02,159.96,242.44,230.49,0.56,8075,63.35,0
SEN_0745,29.71,162.57,147.23,230.86,4.01,6455,64.11,1
SEN_0746,70.32,176.07,241.44,235.88,3.66,8807,88.8,1
SEN_0747,27.36,135.36,297.66,221.64,4.75,2426,89.26,1
SEN_0748,87.88,68.11,111.63,220.96,4.92,8320,43.81,0
SEN_0749,35.64,69.58,84.45,216.34,2.41,13365,73.67,0
SEN_0750,54.7,112.12,170.85,229.17,1.43,1142,79.81,0
SEN_0751,76.31,62.81,106.77,220.66,3.26,7563,54.74,0
SEN_0752,30.77,87.42,250.12,213.96,3.35,4930,66.53,0
SEN_0753,28.11,98.74,124.03,217.82,3.26,14117,86.56,0
SEN_0754,50.11,141.64,211.96,218.53,3.79,9198,60.32,0
SEN_0755,36.37,115.78,126.95,218.89,4.61,3332,76.6,0
SEN_0756,20.34,58.36,293.61,229.26,2.38,2911,68.75,0
SEN_0757,35.24,15.35,296.52,224.9,4.57,13246,54.74,0
SEN_0758,21.25,144.92,215.77,237.38,2.77,3529,69.72,0
SEN_0759,73.47,163.87,96.68,232.04,0.12,5872,54.4,0
SEN_0760,75.81,76.32,317.37,235.8,0.87,13496,57.36,0
SEN_0761,50.35,111.7,81.93,237.5,4.88,14461,40.16,0
SEN_0762,42.76,52.52,305.03,237.08,4.91,326,62.36,0
SEN_0763,57.75,178.32,217.58,233.24,0.16,5705,52.45,1
SEN_0764,68.78,40.63,106.14,230.84,2.68,8110,68.99,0
SEN_0765,52.25,112.62,193.49,229.37,3.52,10834,76.27,0
SEN_0766,65.59,116.59,258.12,220.04,3.98,10378,73.24,0
SEN_0767,78.97,64.87,318.08,220.24,1.89,14564,41.14,1
SEN_0768,92.26,36.15,274.67,225.21,3.37,8897,77.58,1
SEN_0769,83.56,120.0,164.69,232.22,1.55,1379,76.43,0
SEN_0770,91.3,133.2,216.08,215.72,0.79,14443,49.42,1
SEN_0771,73.35,68.67,188.91,219.41,2.71,4607,51.19,0
SEN_0772,49.66,88.5,182.23,229.7,4.21,9232,57.99,1
SEN_0773,51.8,140.66,272.76,229.9,0.16,8444,58.17,0
SEN_0774,52.9,102.72,136.79,231.9,2.46,3447,83.79,0
SEN_0775,26.12,112.61,283.68,238.62,1.87,7364,92.62,0
SEN_0776,75.97,132.64,174.81,235.28,0.78,5092,52.99,0
SEN_0777,46.67,112.03,162.92,226.31,0.36,13969,53.82,0
SEN_0778,70.01,122.19,267.91,220.86,3.0,3996,69.92,0
SEN_0779,89.86,118.22,151.51,210.24,0.95,2620,77.03,1
SEN_0780,73.29,140.25,149.29,227.48,2.71,2509,86.55,0
SEN_0781,36.57,116.23,174.33,222.15,4.76,271,92.93,0
SEN_0782,62.3,126.03,123.15,233.39,1.86,7643,61.01,0
SEN_0783,20.25,115.93,179.2,230.05,3.74,7360,91.91,0
SEN_0784,89.1,24.24,263.13,213.36,1.88,1217,89.77,1
SEN_0785,44.49,73.89,220.79,233.7,0.31,11813,60.19,0
SEN_0786,84.65,73.19,103.77,235.39,0.73,14858,80.02,0
SEN_0787,74.83,161.18,203.93,224.12,4.38,1943,88.65,0
SEN_0788,69.21,112.31,248.26,224.12,4.4,105,53.07,0
SEN_0789,29.16,144.02,293.54,214.42,1.71,8538,43.95,1
SEN_0790,63.05,144.46,183.91,229.32,4.42,3595,60.9,0
SEN_0791,41.53,27.45,95.41,222.61,4.85,4902,78.81,0
SEN_0792,63.88,154.6,162.08,212.84,4.25,10408,79.6,0
SEN_0793,85.15,10.72,296.16,212.87,0.78,9283,74.68,0
SEN_0794,34.31,84.11,292.41,213.81,4.81,10784,40.48,1
SEN_0795,49.65,159.92,102.26,211.64,3.55,12044,48.31,1
SEN_0796,32.08,108.44,144.96,233.9,2.47,4183,92.85,0
SEN_0797,60.22,78.04,206.41,239.75,1.76,12915,94.11,0
SEN_0798,94.21,111.27,297.4,211.01,3.18,963,77.45,1
SEN_0799,28.66,58.72,244.8,213.51,4.54,7416,70.04,0
SEN_0800,32.43,120.88,210.89,223.35,2.34,8123,61.34,0
SEN_0801,86.67,105.41,302.79,219.07,3.52,8351,51.05,1
SEN_0802,91.45,142.58,109.25,224.71,0.68,360,59.24,1
SEN_0803,37.38,12.29,301.06,232.29,2.74,11866,85.43,1
SEN_0804,42.3,173.72,171.77,214.81,3.97,12815,47.36,0
SEN_0805,77.33,29.02,222.93,213.91,3.93,8916,62.29,0
SEN_0806,41.37,84.62,261.2,210.78,0.88,10625,43.12,1
SEN_0807,92.39,52.47,227.13,227.13,4.76,1299,75.26,1
SEN_0808,56.86,21.66,269.2,214.2,2.92,2970,92.59,1
SEN_0809,58.18,29.66,121.63,214.17,4.48,14981,55.03,0
SEN_0810,75.49,12.48,194.6,224.96,3.67,729,57.74,0
SEN_0811,63.37,162.19,296.46,215.69,4.22,5727,87.34,0
SEN_0812,90.23,58.91,249.21,215.05,0.42,1774,91.17,0
SEN_0813,43.56,101.95,238.41,211.22,0.56,2857,63.07,0
SEN_0814,65.48,141.66,263.3,211.05,3.42,10595,92.67,0
SEN_0815,30.77,147.43,175.06,227.55,4.74,11197,52.55,0
SEN_0816,79.05,72.25,300.04,213.56,1.4,1118,85.48,0
SEN_0817,78.0,51.13,292.37,226.58,4.19,6315,82.46,0
SEN_0818,66.21,54.49,95.34,224.7,2.67,1524,87.08,0
SEN_0819,54.86,59.58,212.07,214.96,3.37,4259,85.16,0
SEN_0820,57.66,143.94,304.37,217.63,0.77,10377,44.68,0
SEN_0821,89.54,179.73,208.86,221.51,0.99,14487,64.74,0
SEN_0822,63.88,74.06,245.81,239.4,1.47,1359,53.69,0
SEN_0823,72.85,127.81,195.07,225.97,3.74,8859,42.9,0
SEN_0824,68.57,13.53,130.2,219.95,2.24,13832,51.3,0
SEN_0825,88.76,148.44,260.11,211.33,2.33,10800,57.73,1
SEN_0826,23.41,24.22,291.81,237.82,0.99,12510,73.86,1
SEN_0827,87.77,31.5,126.32,218.19,1.78,7239,66.26,0
SEN_0828,90.0,28.25,318.02,222.71,2.53,11258,89.89,1
SEN_0829,81.58,16.15,301.91,228.26,0.28,11489,40.73,1
SEN_0830,80.37,166.87,183.74,217.36,0.61,10320,94.81,1
SEN_0831,83.59,54.93,81.44,210.9,4.31,11324,51.58,0
SEN_0832,38.49,138.91,232.96,213.7,4.11,1356,63.14,0
SEN_0833,66.71,65.08,223.47,223.85,1.99,5715,70.9,0
SEN_0834,42.92,132.4,151.2,222.4,3.79,3353,73.25,0
SEN_0835,25.69,148.02,222.41,231.28,4.38,1309,73.7,0
SEN_0836,36.33,12.56,216.48,237.67,0.35,13042,68.32,0
SEN_0837,82.43,12.0,312.21,234.21,2.6,4519,74.17,0
SEN_0838,52.07,134.83,211.86,225.71,0.32,8083,51.79,0
SEN_0839,41.31,137.2,290.35,236.23,3.71,668,58.85,0
SEN_0840,70.13,148.08,273.79,227.85,0.35,6889,55.78,1
SEN_0841,77.73,51.62,107.15,223.81,1.34,1483,57.69,0
SEN_0842,31.03,26.14,172.2,217.03,1.07,5073,90.81,0
SEN_0843,81.22,87.62,98.55,231.51,1.9,7980,54.55,0
SEN_0844,63.82,154.97,105.52,232.86,1.92,11054,84.04,0
SEN_0845,91.02,147.43,85.35,217.44,3.58,357,78.42,1
SEN_0846,93.92,113.11,133.55,228.35,3.56,5333,88.66,0
SEN_0847,63.13,70.26,100.03,210.89,4.5,12580,47.39,1
SEN_0848,61.76,39.24,140.42,212.68,0.68,2075,94.2,0
SEN_0849,56.22,155.75,259.41,229.99,3.01,12547,87.78,0
SEN_0850,86.28,156.95,127.88,228.35,4.98,10041,63.43,0
SEN_0851,76.91,33.71,246.58,212.05,1.02,7231,78.05,0
SEN_0852,86.85,51.94,204.22,211.3,3.88,7405,48.03,0
SEN_0853,67.93,64.03,173.24,234.44,3.81,1153,85.35,0
SEN_0854,74.23,81.33,248.58,217.58,2.5,10508,78.15,0
SEN_0855,34.95,116.21,196.03,211.36,4.72,3413,90.53,0
SEN_0856,44.49,59.33,288.71,227.06,1.85,9428,63.53,0
SEN_0857,83.07,28.01,202.04,234.18,3.98,5732,94.51,0
SEN_0858,74.87,44.49,84.79,237.44,4.83,7789,51.45,0
SEN_0859,81.38,72.3,213.84,213.53,4.48,2472,87.62,1
SEN_0860,24.66,159.5,299.41,228.65,4.87,11805,57.54,1
SEN_0861,46.03,106.22,282.62,219.4,1.04,6821,70.3,0
SEN_0862,23.69,132.34,199.48,213.59,2.07,14646,44.28,0
SEN_0863,43.07,107.58,184.46,227.46,3.64,5591,86.76,0
SEN_0864,70.58,83.55,157.07,232.54,4.64,3207,68.41,0
SEN_0865,29.66,74.54,84.45,233.67,0.93,9669,54.02,0
SEN_0866,28.05,32.59,232.01,216.24,4.08,10007,84.82,0
SEN_0867,60.78,125.31,201.5,211.26,1.91,1797,83.11,0
SEN_0868,62.55,21.62,266.82,237.26,3.08,1658,73.97,0
SEN_0869,30.72,21.62,307.27,215.95,4.69,2194,89.55,0
SEN_0870,41.16,40.1,208.98,215.04,3.19,9310,61.72,0
SEN_0871,71.2,138.91,165.8,215.82,1.96,5006,94.24,0
SEN_0872,22.37,19.4,132.79,229.87,4.88,5442,84.9,0
SEN_0873,87.76,130.49,181.77,224.86,1.4,12576,62.38,1
SEN_0874,85.64,16.76,306.51,219.12,3.44,1247,83.83,0
SEN_0875,93.62,154.96,253.89,219.86,4.78,12109,92.67,1
SEN_0876,60.05,55.66,111.35,218.3,4.89,11208,81.22,0
SEN_0877,77.24,140.93,188.72,214.4,1.08,5624,67.9,0
SEN_0878,88.9,71.98,293.72,222.81,1.54,4169,48.18,0
SEN_0879,20.51,89.69,233.59,210.28,0.37,6624,74.46,0
SEN_0880,40.24,42.68,205.83,229.7,0.99,1338,46.06,0
SEN_0881,85.6,76.24,182.01,235.46,1.16,8133,54.81,1
SEN_0882,57.15,123.23,89.47,229.56,0.95,3116,58.66,0
SEN_0883,23.63,99.92,308.79,210.42,3.35,14705,85.03,0
SEN_0884,68.09,60.21,318.79,228.82,0.51,6461,62.08,1
SEN_0885,38.01,132.77,107.38,239.79,4.27,1416,77.76,0
SEN_0886,64.24,158.77,148.19,214.43,0.14,2908,79.89,1
SEN_0887,65.03,138.12,282.75,231.43,4.64,14412,92.57,0
SEN_0888,88.84,116.81,176.44,228.49,0.55,6705,86.0,0
SEN_0889,90.32,49.31,244.28,230.85,2.56,10629,87.87,1
SEN_0890,73.72,10.71,101.01,219.92,4.08,11312,54.27,0
SEN_0891,91.06,30.49,267.59,213.21,1.36,14162,90.45,0
SEN_0892,35.99,50.98,167.67,210.09,4.86,5451,60.2,0
SEN_0893,74.54,90.07,122.82,226.32,2.48,7335,75.11,0
SEN_0894,83.26,40.34,309.13,231.36,1.23,14709,86.04,1
SEN_0895,75.97,127.57,295.82,239.93,1.81,5912,73.91,0
SEN_0896,63.13,89.82,167.14,233.12,4.94,5244,59.81,0
SEN_0897,27.57,47.84,222.54,215.18,2.86,4303,89.93,0
SEN_0898,79.35,134.5,281.54,229.1,4.32,8986,60.88,0
SEN_0899,58.34,59.38,162.19,232.53,1.08,6965,54.07,0
SEN_0900,75.42,31.8,251.84,225.79,1.21,12027,77.41,0
SEN_0901,29.95,129.59,146.87,218.28,1.92,13360,84.53,1
SEN_0902,84.19,75.71,213.36,213.96,3.65,1704,66.93,0
SEN_0903,42.94,113.93,266.71,213.55,1.72,11975,65.37,0
SEN_0904,86.84,22.65,209.96,237.93,3.16,5377,75.57,0
SEN_0905,78.82,58.87,171.59,214.9,0.88,9240,58.11,0
SEN_0906,29.93,32.19,274.93,218.5,3.66,14212,72.34,0
SEN_0907,95.0,77.32,191.21,216.06,0.89,3528,50.11,0
SEN_0908,70.08,125.11,98.47,229.51,0.16,10478,41.96,0
SEN_0909,50.99,95.36,110.14,234.67,4.36,9791,88.31,0
SEN_0910,33.67,109.99,313.06,230.77,0.37,7010,60.78,0
SEN_0911,25.11,93.04,142.62,211.18,2.37,8410,59.81,0
SEN_0912,43.19,150.45,267.23,236.86,4.49,13986,75.37,0
SEN_0913,35.29,143.03,172.29,239.48,3.76,9188,50.29,1
SEN_0914,40.42,118.04,242.03,239.31,1.17,5345,59.46,0
SEN_0915,49.33,96.76,148.79,215.63,1.97,1572,69.95,0
SEN_0916,30.86,168.59,275.43,235.1,3.41,8355,57.13,1
SEN_0917,76.45,90.83,193.19,210.2,0.58,4604,60.2,0
SEN_0918,74.83,58.22,154.74,211.9,0.2,10872,64.74,1
SEN_0919,62.79,135.53,185.91,231.39,0.31,4194,41.31,0
SEN_0920,52.9,130.45,160.17,231.58,2.68,12473,64.73,0
SEN_0921,32.42,27.76,248.03,232.5,4.87,12048,78.76,0
SEN_0922,33.15,41.54,140.44,221.56,3.86,7852,71.9,0
SEN_0923,48.3,25.78,246.42,232.59,3.98,13658,65.86,0
SEN_0924,77.72,100.47,278.35,225.05,3.99,6174,57.91,0
SEN_0925,75.04,68.14,98.22,222.2,1.59,12472,68.47,0
SEN_0926,43.23,129.95,280.01,213.18,3.41,8082,85.86,0
SEN_0927,53.4,121.61,218.85,238.85,0.68,9356,82.57,0
SEN_0928,56.02,15.56,305.76,213.51,1.54,9920,42.35,0
SEN_0929,29.78,164.83,212.14,211.77,4.88,239,56.19,1
SEN_0930,78.56,53.22,233.71,230.84,4.06,13930,94.69,0
SEN_0931,27.96,114.11,117.47,234.48,2.52,2625,65.82,0
SEN_0932,54.75,61.21,205.4,226.45,1.41,8332,94.61,0
SEN_0933,88.54,63.75,287.75,215.66,2.86,2879,67.44,1
SEN_0934,34.63,148.39,196.26,220.81,3.95,1816,79.97,0
SEN_0935,39.53,166.91,100.34,220.86,2.89,14738,49.75,1
SEN_0936,49.74,139.29,194.17,216.78,4.18,10383,60.25,1
SEN_0937,23.46,108.67,312.82,224.34,3.72,12571,50.85,0
SEN_0938,54.69,25.8,215.24,234.68,3.73,1199,69.24,0
SEN_0939,33.38,82.62,186.39,230.44,1.97,11474,59.6,0
SEN_0940,66.37,67.73,151.09,224.23,2.04,6769,92.35,0
SEN_0941,88.47,125.42,263.84,211.49,2.82,7942,77.92,1
SEN_0942,70.64,60.38,140.51,234.98,0.81,9353,46.3,0
SEN_0943,22.27,163.16,177.73,227.72,2.69,5996,80.64,0
SEN_0944,50.88,131.69,163.14,233.26,4.26,11786,52.71,0
SEN_0945,86.44,143.57,225.29,218.02,1.42,1003,52.62,0
SEN_0946,79.51,64.75,172.21,218.05,4.33,7791,90.45,0
SEN_0947,49.61,136.5,258.97,233.84,1.96,7635,52.96,0
SEN_0948,34.7,76.04,211.33,216.74,0.73,12570,78.37,0
SEN_0949,49.94,52.52,173.22,220.63,4.73,13743,92.05,0
SEN_0950,45.6,61.84,159.37,212.09,3.51,898,44.87,0
SEN_0951,32.02,111.67,240.16,229.1,4.87,10731,57.07,0
SEN_0952,34.88,39.67,204.36,225.19,2.43,9737,83.07,0
SEN_0953,44.78,47.34,264.2,226.49,1.19,8942,73.35,0
SEN_0954,63.56,76.25,272.69,216.46,1.94,12360,71.58,0
SEN_0955,66.48,108.35,146.3,220.51,3.92,5501,40.17,0
SEN_0956,73.44,102.61,222.15,216.03,1.05,13551,63.91,0
SEN_0957,59.92,57.9,110.5,223.02,3.75,765,60.67,0
SEN_0958,63.23,163.25,201.53,219.32,1.05,5498,61.86,0
SEN_0959,40.94,13.88,269.88,219.8,1.06,228,75.09,0
SEN_0960,72.49,75.9,114.34,216.12,0.92,845,86.19,0
SEN_0961,64.86,57.42,237.22,239.47,2.37,4255,91.09,0
SEN_0962,46.09,72.59,254.02,222.0,0.11,10399,65.94,0
SEN_0963,57.71,15.07,267.95,211.82,3.41,7288,76.63,0
SEN_0964,36.43,161.56,200.16,238.03,4.93,3152,79.66,0
SEN_0965,86.21,103.86,198.28,233.39,4.86,2947,59.77,0
SEN_0966,24.86,96.17,267.96,213.56,2.98,702,87.57,0
SEN_0967,79.7,143.38,152.67,216.44,1.39,11649,52.88,1
SEN_0968,84.23,75.14,315.79,214.35,1.03,13234,49.97,1
SEN_0969,80.76,43.54,279.31,234.5,0.58,6101,74.09,0
SEN_0970,31.33,147.81,314.83,232.14,0.36,11455,76.5,1
SEN_0971,73.99,82.02,267.26,210.42,4.48,7481,78.75,0
SEN_0972,55.02,47.76,100.29,228.6,0.68,5353,67.51,0
SEN_0973,64.74,160.68,199.23,221.78,4.67,8959,46.98,0
SEN_0974,53.38,166.14,189.75,223.39,3.94,4121,64.13,1
SEN_0975,81.1,107.02,81.08,212.39,4.87,9999,54.75,1
SEN_0976,79.05,46.05,133.02,216.61,3.41,9076,66.8,0
SEN_0977,62.15,98.14,182.97,225.81,4.65,4705,52.64,0
SEN_0978,43.45,34.96,124.82,228.04,4.4,12497,47.97,0
SEN_0979,55.08,16.01,255.93,235.53,1.67,12575,59.39,0
SEN_0980,46.38,31.33,292.94,225.78,3.15,9291,78.21,0
SEN_0981,54.37,26.74,107.68,214.75,3.2,1546,64.12,0
SEN_0982,38.27,84.32,94.48,215.62,3.0,12426,76.45,0
SEN_0983,38.85,82.12,219.49,221.65,3.81,10264,51.82,0
SEN_0984,20.89,128.16,136.89,223.04,4.29,9422,66.24,0
SEN_0985,71.55,12.43,235.16,216.74,0.1,13468,63.63,0
SEN_0986,33.86,18.17,222.88,212.48,2.69,12965,82.33,0
SEN_0987,66.44,70.41,187.05,223.16,1.99,11777,93.65,0
SEN_0988,20.8,176.67,110.03,225.18,2.79,9073,68.42,1
SEN_0989,50.11,48.33,282.67,229.43,0.81,3333,52.38,1
SEN_0990,30.16,125.82,116.59,234.81,2.64,8675,90.04,0
SEN_0991,20.9,179.99,93.99,227.76,3.39,4645,84.59,0
SEN_0992,54.91,101.13,106.72,215.24,1.25,2121,54.42,0
SEN_0993,68.32,36.71,295.18,236.61,1.38,11787,86.35,0
SEN_0994,77.81,66.27,95.31,232.86,0.11,10928,42.45,1
SEN_0995,93.7,147.25,274.18,236.96,0.37,5175,82.1,0
SEN_0996,61.11,40.03,129.34,216.11,4.87,7317,67.08,0
SEN_0997,30.97,87.87,216.28,236.52,1.52,14904,55.27,0
SEN_0998,78.9,108.48,256.6,224.05,1.25,8473,81.19,0
SEN_0999,73.61,30.03,102.88,219.56,4.68,3660,69.36,0
SEN_1000,37.01,140.38,253.35,230.19,4.05,5144,87.67,0
SEN_1001,87.65,113.31,250.95,222.44,0.68,12382,87.77,0
SEN_1002,56.17,116.19,299.69,236.5,3.98,545,46.06,0
SEN_1003,79.71,91.92,82.0,239.09,2.32,11801,42.45,0
SEN_1004,75.39,14.54,183.05,222.65,1.52,12117,85.75,0
SEN_1005,74.34,164.19,257.52,228.11,3.75,12348,62.85,1
SEN_1006,26.51,55.85,184.17,222.02,3.81,10047,48.16,0
SEN_1007,44.99,125.5,122.63,222.82,3.79,1986,92.31,0
SEN_1008,74.43,141.17,239.05,229.48,0.29,14540,89.75,0
SEN_1009,55.28,172.64,183.05,222.42,1.39,13257,46.97,1
SEN_1010,55.05,33.51,177.85,211.02,2.67,15000,49.19,0
SEN_1011,82.57,81.82,128.36,230.51,2.67,8141,48.03,1
SEN_1012,67.25,130.11,234.83,213.24,3.83,9883,45.83,0
SEN_1013,23.16,89.38,225.56,233.15,2.52,7581,64.74,0
SEN_1014,59.81,73.68,137.94,235.99,1.35,3545,64.07,0
SEN_1015,90.6,20.95,260.17,226.41,1.42,10387,57.92,0
SEN_1016,71.24,107.11,257.15,228.3,0.91,12755,75.11,0
SEN_1017,80.61,140.93,242.19,213.99,3.95,11096,65.85,1
SEN_1018,58.1,85.82,113.63,235.57,3.98,11209,45.69,0
SEN_1019,20.55,57.34,250.17,232.19,4.32,13856,73.56,0
SEN_1020,65.53,179.99,150.82,219.81,0.85,14164,83.62,1
SEN_1021,84.87,162.83,163.36,222.88,3.3,266,67.39,0
SEN_1022,49.61,119.36,161.84,230.1,2.09,3507,73.02,0
SEN_1023,90.42,137.23,291.63,216.76,3.04,2006,88.7,1
SEN_1024,92.57,175.85,107.14,218.85,0.28,6829,92.53,1
SEN_1025,82.04,127.89,111.99,216.43,3.8,7424,75.15,0
SEN_1026,81.24,23.22,129.33,224.47,1.99,14758,69.01,1
SEN_1027,61.56,139.89,257.37,210.75,4.03,3272,92.18,0
SEN_1028,25.4,154.78,133.09,234.32,3.99,5696,60.12,0
SEN_1029,92.08,57.07,129.74,214.69,3.58,3931,59.15,0
SEN_1030,64.39,62.11,158.62,229.87,0.56,10368,56.35,0
SEN_1031,49.62,148.95,309.5,217.65,1.84,6113,58.63,0
SEN_1032,40.31,49.87,181.25,224.84,0.28,3686,58.94,0
SEN_1033,76.46,108.41,319.97,228.3,2.41,1850,51.93,1
SEN_1034,53.7,163.56,89.78,234.97,3.58,8481,83.09,0
SEN_1035,26.12,163.17,84.71,211.82,3.93,1864,93.5,0
SEN_1036,34.03,78.07,314.22,239.22,1.41,10965,65.62,1
SEN_1037,44.99,64.56,106.6,223.16,3.94,1927,53.86,0
SEN_1038,52.47,29.64,112.14,214.73,3.42,11245,68.9,0
SEN_1039,80.92,23.99,251.23,217.89,0.37,1137,76.83,0
SEN_1040,21.61,32.09,124.84,217.27,1.7,8019,55.17,0
SEN_1041,77.49,136.61,251.87,229.8,1.71,9630,74.71,0
SEN_1042,36.96,39.4,126.32,228.89,1.59,6783,76.54,0
SEN_1043,31.87,29.25,269.96,214.62,1.76,10666,90.47,0
SEN_1044,28.86,20.4,111.01,223.48,3.02,12880,48.42,0
SEN_1045,93.03,76.18,94.67,231.38,1.51,4564,55.19,0
SEN_1046,66.85,102.74,140.93,220.17,1.75,1653,72.74,0
SEN_1047,28.16,104.96,236.1,238.36,3.49,14030,63.59,0
SEN_1048,59.92,63.02,123.21,210.42,2.68,11669,81.43,0
SEN_1049,74.09,172.22,112.64,232.89,3.96,5272,83.35,0
SEN_1050,84.3,143.06,207.5,226.25,4.58,10533,58.69,0
SEN_1051,33.75,153.32,138.89,217.23,4.2,5840,48.08,0
SEN_1052,54.01,178.34,163.44,225.17,0.72,10863,53.2,1
SEN_1053,88.36,12.15,129.02,236.91,1.49,3394,90.48,0
SEN_1054,29.15,105.62,215.89,234.06,3.06,1767,64.46,0
SEN_1055,71.88,177.13,125.93,239.53,1.4,14507,75.34,1
SEN_1056,31.43,52.08,313.88,229.46,4.34,10429,79.67,1
SEN_1057,26.55,41.47,174.51,221.59,3.22,11913,62.4,0
SEN_1058,38.05,77.59,172.21,221.72,4.17,2715,82.09,0
SEN_1059,23.83,45.26,123.65,221.54,2.35,13075,64.02,0
SEN_1060,52.92,120.53,173.69,225.01,1.16,8181,82.5,0
SEN_1061,58.03,174.87,191.0,234.97,1.64,11178,88.44,0
SEN_1062,44.49,145.31,151.35,221.95,0.7,7186,70.47,1
SEN_1063,40.25,50.59,294.73,228.99,0.78,6946,57.1,0
SEN_1064,65.75,53.9,313.48,220.47,2.47,8661,75.22,0
SEN_1065,43.5,58.67,285.38,210.43,4.21,12967,89.55,1
SEN_1066,67.38,148.8,209.56,210.14,1.22,8544,47.52,0
SEN_1067,77.8,81.77,82.75,216.03,4.3,5283,52.66,0
SEN_1068,87.07,127.71,247.12,239.91,2.15,647,68.17,0
SEN_1069,94.96,121.26,166.26,233.19,0.53,12995,87.91,0
SEN_1070,55.17,125.05,192.26,236.18,3.04,6895,58.47,0
SEN_1071,57.31,96.16,156.4,229.02,4.27,4309,69.5,0
SEN_1072,61.16,23.79,304.16,211.99,2.12,2584,64.7,1
SEN_1073,35.5,83.31,233.31,212.71,1.45,8472,69.57,0
SEN_1074,50.91,21.09,200.9,237.07,1.2,7813,43.83,0
SEN_1075,72.01,116.45,297.32,221.48,0.51,14653,66.45,0
SEN_1076,50.75,168.76,147.02,216.94,3.7,8243,73.1,0
SEN_1077,21.27,163.05,170.25,213.97,1.33,8314,54.89,0
SEN_1078,84.49,60.14,235.03,215.87,4.09,7363,92.14,0
SEN_1079,70.55,14.26,191.09,223.99,2.8,9462,45.83,0
SEN_1080,63.95,101.48,145.0,239.6,0.69,9095,90.43,0
SEN_1081,58.15,143.13,194.75,220.47,0.59,8707,42.1,0
SEN_1082,32.01,148.88,89.36,211.53,0.87,4072,91.77,0
SEN_1083,23.43,115.45,293.16,238.9,1.27,3462,44.51,0
SEN_1084,31.06,128.13,278.34,225.8,0.79,906,40.89,0
SEN_1085,58.9,22.3,286.16,223.22,2.41,3327,63.51,0
SEN_1086,82.71,99.09,263.76,214.76,4.29,10912,86.0,0
SEN_1087,48.59,83.96,118.66,222.66,3.69,603,66.42,0
SEN_1088,37.86,113.55,109.61,222.82,3.49,1027,51.54,0
SEN_1089,72.03,62.62,241.05,218.41,3.19,10885,87.68,0
SEN_1090,50.85,128.0,152.01,210.78,3.59,8558,72.25,0
SEN_1091,51.61,174.02,167.51,237.95,1.07,10766,58.64,0
SEN_1092,69.69,65.05,132.67,217.14,3.18,263,53.91,0
SEN_1093,39.16,49.63,150.96,214.74,4.09,9781,60.22,0
SEN_1094,57.59,172.87,304.88,221.55,1.3,14399,54.86,1
SEN_1095,36.39,27.39,168.09,215.57,2.18,5808,74.97,0
SEN_1096,66.78,143.51,304.72,235.73,3.56,14956,92.35,0
SEN_1097,55.04,153.92,242.21,213.08,4.43,1637,57.77,0
SEN_1098,48.44,169.81,268.7,217.94,2.97,13165,46.51,1
SEN_1099,81.84,104.12,306.99,217.09,4.48,13407,82.46,1
SEN_1100,61.68,154.45,274.11,228.75,1.78,11448,93.1,0
SEN_1101,49.32,25.9,307.79,224.5,0.32,6568,67.41,1
SEN_1102,84.25,138.02,255.49,214.58,0.62,2222,82.79,1
SEN_1103,23.85,166.6,98.02,217.19,0.77,14167,78.22,0
SEN_1104,90.52,26.73,210.46,218.96,2.39,8435,62.76,0
SEN_1105,23.07,118.94,212.45,230.67,1.89,2545,40.63,0
SEN_1106,45.79,49.83,146.75,214.98,2.66,14643,51.42,0
SEN_1107,82.61,50.7,146.04,226.46,2.34,8153,84.66,0
SEN_1108,77.96,179.25,294.33,214.01,4.0,2749,66.02,1
SEN_1109,76.41,107.59,312.46,223.32,4.34,8739,51.81,0
SEN_1110,71.91,175.02,157.25,223.12,0.95,7973,82.29,1
SEN_1111,88.62,42.51,117.85,234.15,4.64,13762,66.03,0
SEN_1112,52.81,54.97,219.55,218.03,3.3,2076,45.73,0
SEN_1113,63.99,144.37,281.35,211.05,2.21,2733,83.81,0
SEN_1114,54.06,166.41,263.56,221.75,4.68,5624,67.58,0
SEN_1115,93.03,39.55,100.12,225.57,1.47,4249,73.38,0
SEN_1116,39.29,10.92,277.15,230.83,1.09,2286,44.68,0
SEN_1117,42.11,52.2,102.21,211.23,3.7,5075,69.11,0
SEN_1118,46.68,114.75,126.66,230.05,0.27,10950,57.25,0
SEN_1119,91.56,148.72,251.29,229.8,2.57,6239,71.43,0
SEN_1120,87.43,90.07,123.17,237.52,3.33,10608,86.66,1
SEN_1121,30.46,124.54,277.01,214.19,0.39,11967,86.96,0
SEN_1122,92.83,124.21,247.72,233.9,0.72,7235,66.57,0
SEN_1123,27.7,119.91,198.84,226.14,1.12,10759,61.7,0
SEN_1124,43.8,92.34,206.03,212.73,3.53,4133,47.04,0
SEN_1125,40.61,170.4,211.44,229.22,3.07,8811,44.72,0
SEN_1126,32.07,107.99,159.98,229.05,4.9,13563,89.2,0
SEN_1127,70.25,70.25,225.72,216.1,3.74,6126,75.17,0
SEN_1128,91.65,80.92,286.71,211.75,4.86,2613,41.01,1
SEN_1129,24.86,88.25,82.52,227.23,0.15,11980,63.47,1
SEN_1130,33.38,47.78,147.33,237.15,1.05,4139,69.32,0
SEN_1131,73.69,64.3,129.92,237.2,1.8,3602,59.16,0
SEN_1132,44.99,10.35,91.13,212.7,2.42,9640,64.92,1
SEN_1133,62.42,74.13,267.28,235.94,1.08,13975,68.55,0
SEN_1134,59.68,39.68,227.57,228.82,2.34,14618,53.54,0
SEN_1135,74.86,116.29,294.38,217.12,3.21,13762,43.4,0
SEN_1136,81.65,58.85,264.29,228.8,1.04,8660,61.09,0
SEN_1137,46.85,11.16,152.79,212.76,4.61,9295,62.86,0
SEN_1138,51.02,169.88,162.49,234.03,3.78,10872,40.42,0
SEN_1139,42.4,85.83,216.8,226.52,4.03,6203,70.37,0
SEN_1140,62.01,164.21,284.7,211.69,2.85,4782,66.44,1
SEN_1141,54.58,53.05,210.02,234.84,4.44,14677,61.48,0
SEN_1142,46.29,31.0,93.35,221.95,4.05,7086,58.52,0
SEN_1143,21.09,132.07,161.01,236.23,3.63,12791,73.01,0
SEN_1144,31.78,175.48,211.6,230.82,1.41,666,64.3,0
SEN_1145,90.14,166.91,139.07,214.45,0.29,5817,60.41,0
SEN_1146,30.65,65.63,175.38,239.07,3.64,12703,89.11,0
SEN_1147,93.95,130.17,262.31,218.07,1.29,8581,55.73,1
SEN_1148,84.0,95.31,96.9,229.59,4.92,2133,57.82,0
SEN_1149,47.21,155.27,191.93,233.45,1.21,1125,84.24,1
SEN_1150,29.51,33.2,180.14,217.58,2.06,8834,41.51,0
SEN_1151,22.5,73.78,168.03,210.92,1.94,9089,85.59,0
SEN_1152,74.18,53.83,230.05,210.59,0.36,1772,83.9,0
SEN_1153,68.73,44.23,235.75,236.36,2.5,6876,81.49,0
SEN_1154,53.72,132.56,290.08,211.51,1.34,11625,61.2,1
SEN_1155,77.3,37.95,110.71,223.01,1.06,4131,83.98,0
SEN_1156,45.67,121.44,310.11,222.51,0.35,3146,62.68,0
SEN_1157,41.76,120.36,185.96,210.13,4.82,8236,72.87,0
SEN_1158,39.13,63.18,234.11,217.12,2.14,10375,42.2,0
SEN_1159,55.33,72.3,135.27,238.69,3.29,3564,60.91,0
SEN_1160,47.97,164.03,134.46,216.63,2.48,4660,47.66,0
SEN_1161,93.61,132.12,255.6,233.97,1.97,8108,47.52,1
SEN_1162,55.44,111.05,115.66,216.47,0.85,6910,66.33,0
SEN_1163,31.67,120.6,107.46,239.1,2.44,10018,60.79,0
SEN_1164,29.6,135.97,269.13,217.16,1.21,4967,92.22,0
SEN_1165,67.55,111.77,317.05,235.84,3.83,7231,67.83,0
SEN_1166,37.11,154.65,120.38,223.43,3.84,13477,40.93,1
SEN_1167,79.21,71.79,227.67,223.11,2.44,14369,67.0,0
SEN_1168,74.33,59.45,298.47,228.68,0.98,6920,58.7,1
SEN_1169,62.99,87.65,234.16,210.45,0.19,5030,46.94,0
SEN_1170,28.33,86.11,228.27,216.25,3.53,8109,87.92,0
SEN_1171,35.5,144.92,196.28,213.3,2.78,5358,48.48,0
SEN_1172,92.47,116.93,309.67,237.93,0.81,9983,86.38,0
SEN_1173,36.05,72.97,269.18,236.27,4.29,8977,90.67,0
SEN_1174,72.16,39.3,225.11,239.13,1.64,11688,82.94,0
SEN_1175,81.2,135.03,298.67,227.6,1.87,14351,40.9,1
SEN_1176,65.85,87.31,298.45,223.97,3.18,9419,58.4,0
SEN_1177,58.54,30.07,185.22,221.33,1.81,10075,41.65,0
SEN_1178,82.21,147.1,121.72,228.51,4.35,11616,78.41,1
SEN_1179,42.49,41.97,298.66,218.32,2.83,8681,44.8,0
SEN_1180,82.73,95.02,282.94,227.02,0.2,13562,56.13,1
SEN_1181,34.12,28.58,91.42,233.45,2.52,11801,69.98,0
SEN_1182,40.89,42.41,218.87,214.41,4.94,14155,92.15,0
SEN_1183,32.51,143.14,204.32,213.01,4.88,6886,72.56,0
SEN_1184,42.53,12.42,230.05,235.62,4.64,6041,70.54,0
SEN_1185,64.62,153.13,224.7,221.76,2.47,3678,69.27,1
SEN_1186,69.45,137.32,240.72,211.14,4.01,14511,74.79,0
SEN_1187,89.77,113.81,191.5,224.23,4.03,7403,43.49,0
SEN_1188,52.22,148.39,157.21,212.92,4.37,13750,54.89,0
SEN_1189,44.17,157.22,298.31,228.89,3.45,2532,87.27,1
SEN_1190,82.2,168.2,129.45,219.36,3.17,116,92.91,0
SEN_1191,31.16,25.84,193.95,213.83,2.72,1502,85.57,0
SEN_1192,93.22,120.06,226.32,228.55,2.63,13474,47.03,0
SEN_1193,51.91,83.47,237.69,231.69,0.71,7418,65.07,0
SEN_1194,43.82,140.15,161.08,230.77,1.59,1866,61.52,1
SEN_1195,87.13,91.37,163.85,233.92,2.09,13464,72.95,1
SEN_1196,49.9,60.7,170.96,237.29,1.2,1763,42.46,0
SEN_1197,61.88,79.96,87.21,211.78,2.35,11888,59.01,1
SEN_1198,62.82,21.69,165.93,219.91,1.96,5170,63.53,0
SEN_1199,25.93,81.61,129.55,236.46,3.98,1194,42.1,0
SEN_1200,31.41,12.6,166.34,224.41,4.08,4415,47.92,0
