BuildingID,Surface_Area,Wall_Area,Roof_Area,Overall_Height,Orientation,Glass_Area_Ratio,Heating_Load_kWh
BLD_0001,682,330,352,7,5,0.4,82.54
BLD_0002,601,420,181,7,3,0.25,86.32
BLD_0003,765,318,447,7,5,0.1,96.24
BLD_0004,700,371,329,7,3,0.1,93.49
BLD_0005,515,346,169,3,4,0.4,65.69
BLD_0006,678,406,272,3,2,0.25,77.72
BLD_0007,597,244,353,7,3,0.4,79.87
BLD_0008,637,334,303,7,3,0.1,88.83
BLD_0009,616,244,372,3,3,0.4,70.44
BLD_0010,533,385,148,7,3,0.25,81.75
BLD_0011,645,244,401,3,2,0.1,68.83
BLD_0012,534,244,290,3,2,0.25,60.73
BLD_0013,701,310,391,7,4,0.1,93.07
BLD_0014,635,355,280,7,2,0.4,81.23
BLD_0015,779,320,459,7,5,0.4,93.71
BLD_0016,553,241,312,3,2,0.25,67.12
BLD_0017,660,322,338,7,5,0.4,82.08
BLD_0018,728,278,450,3,5,0.25,77.56
BLD_0019,755,371,384,3,5,0.25,87.66
BLD_0020,749,381,368,3,5,0.25,88.55
BLD_0021,611,325,286,7,3,0.4,79.12
BLD_0022,795,312,483,3,5,0.1,91.5
BLD_0023,514,312,202,3,2,0.25,66.1
BLD_0024,756,401,355,7,2,0.1,95.32
BLD_0025,596,342,254,3,2,0.4,70.24
BLD_0026,791,316,475,3,3,0.4,85.8
BLD_0027,509,256,253,7,3,0.25,73.08
BLD_0028,742,264,478,7,4,0.1,90.23
BLD_0029,738,252,486,3,3,0.4,77.28
BLD_0030,640,331,309,3,2,0.25,71.89
BLD_0031,508,298,210,3,5,0.25,63.94
BLD_0032,509,343,166,7,3,0.4,66.59
BLD_0033,668,310,358,3,3,0.25,76.84
BLD_0034,623,413,210,7,2,0.1,87.41
BLD_0035,643,259,384,7,4,0.1,81.37
BLD_0036,546,268,278,3,5,0.25,66.94
BLD_0037,640,307,333,7,5,0.25,80.32
BLD_0038,744,276,468,3,3,0.25,84.8
BLD_0039,791,328,463,3,3,0.1,95.08
BLD_0040,504,299,205,3,5,0.1,64.29
BLD_0041,664,276,388,7,5,0.4,81.44
BLD_0042,755,258,497,7,3,0.25,94.56
BLD_0043,544,308,236,7,5,0.4,77.28
BLD_0044,591,272,319,3,4,0.4,64.47
BLD_0045,758,251,507,7,5,0.4,87.42
BLD_0046,526,248,278,7,5,0.4,70.65
BLD_0047,708,312,396,3,2,0.1,80.01
BLD_0048,632,295,337,3,5,0.1,74.45
BLD_0049,669,414,255,7,4,0.4,85.68
BLD_0050,659,309,350,7,4,0.25,84.47
BLD_0051,741,400,341,3,5,0.4,82.75
BLD_0052,610,366,244,3,2,0.1,78.19
BLD_0053,738,329,409,3,3,0.1,81.33
BLD_0054,798,294,504,7,5,0.25,99.3
BLD_0055,683,331,352,7,5,0.4,82.22
BLD_0056,741,272,469,7,5,0.4,86.22
BLD_0057,795,324,471,7,2,0.4,97.74
BLD_0058,625,332,293,3,2,0.1,78.94
BLD_0059,540,376,164,7,2,0.1,84.54
BLD_0060,719,381,338,3,2,0.4,81.86
BLD_0061,526,364,162,3,4,0.1,68.8
BLD_0062,775,308,467,7,2,0.4,91.72
BLD_0063,523,335,188,3,4,0.25,61.82
BLD_0064,522,262,260,7,4,0.4,66.39
BLD_0065,793,268,525,7,2,0.1,93.24
BLD_0066,534,318,216,7,3,0.1,77.42
BLD_0067,514,350,164,3,4,0.25,59.13
BLD_0068,685,377,308,3,2,0.4,76.64
BLD_0069,537,305,232,3,5,0.1,70.17
BLD_0070,782,248,534,3,4,0.4,86.28
BLD_0071,542,369,173,3,2,0.4,61.06
BLD_0072,554,266,288,7,3,0.1,74.83
BLD_0073,651,414,237,3,2,0.4,72.91
BLD_0074,573,283,290,3,3,0.1,64.06
BLD_0075,763,275,488,3,3,0.25,78.71
BLD_0076,744,321,423,7,5,0.1,93.66
BLD_0077,664,309,355,3,4,0.1,73.28
BLD_0078,651,360,291,7,4,0.25,86.94
BLD_0079,597,371,226,3,5,0.1,73.15
BLD_0080,716,289,427,3,3,0.1,80.37
BLD_0081,742,373,369,7,2,0.25,93.22
BLD_0082,623,361,262,7,4,0.1,82.49
BLD_0083,750,336,414,3,4,0.25,82.08
BLD_0084,795,360,435,3,2,0.25,94.27
BLD_0085,622,243,379,3,4,0.25,65.15
BLD_0086,503,375,128,7,4,0.1,74.36
BLD_0087,676,353,323,7,4,0.4,85.24
BLD_0088,590,398,192,7,3,0.25,82.88
BLD_0089,737,396,341,7,4,0.25,100.92
BLD_0090,617,336,281,7,5,0.1,85.7
BLD_0091,567,384,183,3,5,0.1,71.0
BLD_0092,588,271,317,7,2,0.4,79.56
BLD_0093,642,372,270,7,3,0.1,91.93
BLD_0094,505,419,86,3,2,0.25,61.87
BLD_0095,758,249,509,7,3,0.25,91.02
BLD_0096,749,401,348,3,3,0.1,85.0
BLD_0097,674,353,321,7,3,0.1,94.33
BLD_0098,701,383,318,7,2,0.4,89.7
BLD_0099,567,417,150,7,4,0.4,80.14
BLD_0100,507,410,97,3,2,0.1,68.42
BLD_0101,654,338,316,7,5,0.4,85.21
BLD_0102,607,284,323,7,5,0.1,84.28
BLD_0103,630,338,292,7,3,0.25,81.21
BLD_0104,684,390,294,3,4,0.25,83.81
BLD_0105,582,285,297,7,3,0.1,78.58
BLD_0106,585,386,199,3,2,0.4,71.45
BLD_0107,570,395,175,3,4,0.4,69.35
BLD_0108,537,354,183,3,5,0.4,67.05
BLD_0109,706,406,300,3,2,0.25,86.4
BLD_0110,616,314,302,7,2,0.25,84.67
BLD_0111,717,312,405,3,3,0.25,79.67
BLD_0112,616,256,360,7,3,0.1,80.68
BLD_0113,779,357,422,3,2,0.1,92.33
BLD_0114,719,324,395,7,3,0.1,90.86
BLD_0115,622,370,252,3,5,0.1,80.59
BLD_0116,663,384,279,7,4,0.1,87.23
BLD_0117,725,329,396,7,3,0.4,91.15
BLD_0118,529,254,275,3,3,0.25,64.09
BLD_0119,504,291,213,7,5,0.4,71.42
BLD_0120,562,246,316,7,4,0.4,67.97
BLD_0121,571,420,151,3,2,0.1,74.02
BLD_0122,532,325,207,3,3,0.1,63.24
BLD_0123,519,301,218,3,4,0.4,59.95
BLD_0124,649,361,288,3,5,0.4,75.62
BLD_0125,668,287,381,7,4,0.1,89.02
BLD_0126,582,293,289,3,5,0.4,68.51
BLD_0127,643,416,227,3,2,0.25,73.4
BLD_0128,758,255,503,7,2,0.1,96.8
BLD_0129,707,250,457,7,4,0.25,91.14
BLD_0130,598,364,234,3,4,0.1,75.74
BLD_0131,501,396,105,7,4,0.4,71.16
BLD_0132,544,407,137,3,3,0.4,71.71
BLD_0133,539,300,239,3,4,0.1,61.66
BLD_0134,525,316,209,7,4,0.1,71.47
BLD_0135,763,321,442,7,5,0.25,92.62
BLD_0136,505,258,247,7,2,0.25,69.28
BLD_0137,742,312,430,7,5,0.1,97.41
BLD_0138,512,334,178,7,2,0.25,69.67
BLD_0139,551,265,286,7,3,0.4,74.26
BLD_0140,638,280,358,7,2,0.1,82.34
BLD_0141,508,267,241,7,4,0.4,72.84
BLD_0142,731,369,362,3,3,0.4,83.78
BLD_0143,550,402,148,7,4,0.25,75.07
BLD_0144,712,280,432,7,3,0.1,87.45
BLD_0145,633,387,246,3,2,0.25,79.16
BLD_0146,633,281,352,3,3,0.1,74.94
BLD_0147,649,289,360,3,5,0.25,76.35
BLD_0148,505,248,257,3,5,0.4,61.42
BLD_0149,682,304,378,3,4,0.4,77.84
BLD_0150,617,372,245,7,4,0.4,79.61
BLD_0151,506,399,107,3,3,0.25,65.35
BLD_0152,700,391,309,3,3,0.4,76.69
BLD_0153,785,335,450,7,4,0.25,100.06
BLD_0154,727,283,444,3,5,0.25,82.54
BLD_0155,761,279,482,7,2,0.4,86.72
BLD_0156,743,410,333,3,2,0.1,87.85
BLD_0157,687,328,359,3,4,0.25,82.97
BLD_0158,591,365,226,3,3,0.1,72.14
BLD_0159,553,300,253,7,4,0.1,80.46
BLD_0160,745,349,396,3,3,0.1,82.75
BLD_0161,725,380,345,3,3,0.4,85.02
BLD_0162,522,276,246,3,4,0.25,65.44
BLD_0163,513,417,96,7,3,0.4,74.91
BLD_0164,761,315,446,7,5,0.4,89.75
BLD_0165,595,351,244,3,5,0.4,73.93
BLD_0166,694,389,305,3,3,0.25,84.13
BLD_0167,669,403,266,7,2,0.1,95.12
BLD_0168,776,276,500,3,4,0.1,89.41
BLD_0169,768,297,471,3,3,0.4,77.68
BLD_0170,542,379,163,7,2,0.4,73.89
BLD_0171,789,381,408,7,5,0.4,95.98
BLD_0172,546,273,273,7,2,0.4,67.83
BLD_0173,532,275,257,3,2,0.4,59.95
BLD_0174,761,291,470,7,3,0.1,96.24
BLD_0175,707,294,413,3,5,0.25,82.49
BLD_0176,506,271,235,7,3,0.25,65.44
BLD_0177,517,259,258,7,4,0.25,68.55
BLD_0178,665,300,365,7,3,0.4,78.59
BLD_0179,707,367,340,3,5,0.25,77.06
BLD_0180,571,242,329,3,4,0.1,67.94
BLD_0181,633,369,264,3,4,0.25,76.69
BLD_0182,506,325,181,3,3,0.25,65.57
BLD_0183,520,243,277,7,5,0.25,67.79
BLD_0184,560,342,218,3,5,0.25,65.66
BLD_0185,794,346,448,7,2,0.1,105.13
BLD_0186,659,266,393,3,4,0.1,71.4
BLD_0187,643,359,284,3,3,0.25,74.86
BLD_0188,573,254,319,7,4,0.1,78.18
BLD_0189,648,265,383,7,3,0.4,80.71
BLD_0190,758,268,490,7,2,0.25,97.5
BLD_0191,653,246,407,3,5,0.4,73.09
BLD_0192,682,242,440,7,3,0.25,88.64
BLD_0193,768,288,480,3,4,0.25,85.44
BLD_0194,767,308,459,3,4,0.1,83.93
BLD_0195,625,317,308,7,4,0.4,78.03
BLD_0196,543,362,181,3,5,0.1,66.69
BLD_0197,533,367,166,7,5,0.4,71.54
BLD_0198,725,347,378,3,4,0.1,88.45
BLD_0199,661,390,271,3,4,0.1,78.35
BLD_0200,783,391,392,7,4,0.25,102.2
BLD_0201,729,258,471,7,3,0.4,89.12
BLD_0202,548,355,193,7,2,0.25,81.74
BLD_0203,525,404,121,3,4,0.4,62.94
BLD_0204,764,278,486,7,2,0.25,91.41
BLD_0205,612,284,328,7,4,0.4,75.32
BLD_0206,508,337,171,3,4,0.25,66.91
BLD_0207,518,269,249,7,5,0.1,76.49
BLD_0208,796,347,449,7,5,0.1,104.03
BLD_0209,643,293,350,3,4,0.1,74.66
BLD_0210,740,417,323,3,2,0.25,82.94
BLD_0211,622,322,300,3,4,0.25,70.62
BLD_0212,756,246,510,7,3,0.25,95.18
BLD_0213,643,401,242,7,5,0.4,82.09
BLD_0214,662,346,316,3,3,0.1,82.31
BLD_0215,767,332,435,7,2,0.25,93.63
BLD_0216,762,263,499,3,5,0.4,79.61
BLD_0217,563,260,303,3,4,0.1,71.97
BLD_0218,563,270,293,3,4,0.4,65.68
BLD_0219,731,312,419,7,5,0.4,87.47
BLD_0220,786,290,496,7,2,0.1,97.29
BLD_0221,600,366,234,3,2,0.25,69.65
BLD_0222,619,270,349,7,4,0.4,81.4
BLD_0223,586,352,234,3,4,0.4,72.65
BLD_0224,724,256,468,3,5,0.1,83.24
BLD_0225,581,289,292,3,4,0.4,66.64
BLD_0226,682,402,280,7,3,0.1,94.51
BLD_0227,613,329,284,7,2,0.1,83.22
BLD_0228,670,304,366,3,3,0.4,78.2
BLD_0229,780,268,512,3,3,0.1,84.25
BLD_0230,632,266,366,3,2,0.1,75.43
BLD_0231,745,402,343,3,4,0.4,85.8
BLD_0232,750,275,475,3,3,0.1,85.77
BLD_0233,758,265,493,3,5,0.4,80.83
BLD_0234,782,403,379,7,5,0.25,103.86
BLD_0235,796,310,486,7,5,0.4,95.19
BLD_0236,501,363,138,7,4,0.1,80.29
BLD_0237,737,383,354,3,5,0.1,82.99
BLD_0238,512,272,240,3,4,0.1,66.58
BLD_0239,760,418,342,7,3,0.4,96.86
BLD_0240,605,344,261,3,5,0.1,76.88
BLD_0241,588,241,347,7,4,0.4,70.19
BLD_0242,752,409,343,7,5,0.4,92.25
BLD_0243,696,333,363,3,3,0.4,72.94
BLD_0244,502,369,133,7,5,0.4,76.06
BLD_0245,632,386,246,3,5,0.1,75.27
BLD_0246,500,379,121,3,3,0.4,61.21
BLD_0247,648,315,333,3,5,0.4,72.58
BLD_0248,637,263,374,3,3,0.25,71.2
BLD_0249,508,347,161,3,3,0.25,62.12
BLD_0250,645,365,280,7,2,0.4,87.1
BLD_0251,716,304,412,3,2,0.1,79.52
BLD_0252,554,273,281,7,5,0.1,75.35
BLD_0253,784,247,537,7,2,0.4,92.19
BLD_0254,609,411,198,7,5,0.25,85.37
BLD_0255,635,395,240,3,2,0.25,76.61
BLD_0256,582,279,303,7,4,0.1,76.66
BLD_0257,634,364,270,3,2,0.25,73.91
BLD_0258,738,285,453,3,2,0.1,88.0
BLD_0259,586,377,209,7,4,0.1,85.47
BLD_0260,517,358,159,3,3,0.25,67.89
BLD_0261,512,366,146,3,4,0.25,61.78
BLD_0262,709,260,449,7,2,0.1,87.58
BLD_0263,536,318,218,3,4,0.25,62.94
BLD_0264,757,259,498,7,3,0.4,88.38
BLD_0265,586,328,258,3,4,0.4,64.44
BLD_0266,677,366,311,3,2,0.25,75.38
BLD_0267,700,340,360,7,4,0.1,93.26
BLD_0268,671,413,258,7,2,0.1,94.15
BLD_0269,738,385,353,7,5,0.25,100.28
BLD_0270,733,295,438,3,4,0.4,81.58
BLD_0271,623,381,242,7,3,0.4,82.75
BLD_0272,756,347,409,3,2,0.25,90.25
BLD_0273,609,259,350,3,3,0.25,66.83
BLD_0274,558,357,201,3,3,0.25,70.23
BLD_0275,530,397,133,3,5,0.25,65.08
BLD_0276,523,274,249,3,3,0.1,65.54
BLD_0277,789,253,536,3,2,0.4,77.7
BLD_0278,675,294,381,3,4,0.1,80.77
BLD_0279,687,264,423,3,4,0.4,70.48
BLD_0280,602,301,301,7,5,0.1,86.93
BLD_0281,608,300,308,3,5,0.1,73.34
BLD_0282,710,385,325,3,3,0.25,78.75
BLD_0283,706,242,464,3,2,0.4,73.51
BLD_0284,690,331,359,3,2,0.1,78.3
BLD_0285,774,407,367,3,5,0.4,86.91
BLD_0286,673,295,378,7,5,0.4,84.85
BLD_0287,600,270,330,7,3,0.4,80.95
BLD_0288,670,301,369,7,5,0.25,88.58
BLD_0289,553,310,243,7,2,0.25,79.11
BLD_0290,758,280,478,3,3,0.25,80.43
BLD_0291,695,353,342,7,5,0.25,85.94
BLD_0292,725,326,399,3,5,0.25,78.47
BLD_0293,532,324,208,3,4,0.4,58.22
BLD_0294,718,387,331,7,4,0.1,99.36
BLD_0295,662,347,315,7,5,0.25,90.98
BLD_0296,682,409,273,3,2,0.1,79.12
BLD_0297,712,387,325,7,3,0.4,87.32
BLD_0298,500,307,193,3,5,0.4,56.86
BLD_0299,728,318,410,7,5,0.1,90.86
BLD_0300,615,250,365,7,2,0.4,79.27
BLD_0301,587,285,302,3,4,0.1,74.06
BLD_0302,582,267,315,3,3,0.25,62.95
BLD_0303,709,416,293,7,4,0.1,96.65
BLD_0304,690,341,349,7,3,0.25,90.32
BLD_0305,750,330,420,7,2,0.25,99.0
BLD_0306,717,380,337,3,5,0.1,80.91
BLD_0307,586,251,335,3,4,0.4,64.81
BLD_0308,646,343,303,7,2,0.1,82.88
BLD_0309,559,385,174,3,5,0.4,70.88
BLD_0310,619,334,285,7,2,0.25,78.16
BLD_0311,589,332,257,3,4,0.4,66.42
BLD_0312,758,348,410,7,4,0.25,97.79
BLD_0313,559,404,155,7,3,0.1,78.57
BLD_0314,784,384,400,3,5,0.25,85.98
BLD_0315,793,405,388,7,2,0.4,94.37
BLD_0316,554,382,172,3,2,0.25,69.95
BLD_0317,735,254,481,3,2,0.4,78.58
BLD_0318,758,253,505,3,5,0.4,83.69
BLD_0319,794,347,447,7,3,0.4,95.35
BLD_0320,693,386,307,3,4,0.1,85.85
BLD_0321,612,415,197,7,4,0.1,89.77
BLD_0322,752,323,429,3,2,0.25,82.52
BLD_0323,669,386,283,7,2,0.1,95.44
BLD_0324,793,335,458,7,4,0.4,98.1
BLD_0325,626,368,258,3,4,0.1,81.38
BLD_0326,746,243,503,7,2,0.1,92.96
BLD_0327,616,293,323,3,2,0.4,69.9
BLD_0328,790,248,542,3,4,0.1,89.56
BLD_0329,686,400,286,7,3,0.1,89.4
BLD_0330,710,279,431,3,5,0.4,72.25
BLD_0331,579,254,325,3,2,0.1,71.13
BLD_0332,750,258,492,3,2,0.4,83.09
BLD_0333,627,278,349,7,4,0.25,77.53
BLD_0334,617,293,324,7,4,0.1,82.42
BLD_0335,525,273,252,7,4,0.25,72.7
BLD_0336,680,348,332,7,3,0.4,81.9
BLD_0337,687,311,376,3,3,0.1,76.68
BLD_0338,594,258,336,3,2,0.25,67.95
BLD_0339,687,280,407,7,3,0.4,81.41
BLD_0340,529,332,197,3,4,0.4,65.98
BLD_0341,725,375,350,7,3,0.4,87.58
BLD_0342,681,264,417,3,5,0.25,76.79
BLD_0343,524,280,244,3,2,0.1,61.48
BLD_0344,655,264,391,3,3,0.1,80.26
BLD_0345,515,402,113,7,5,0.4,76.85
BLD_0346,685,377,308,7,4,0.1,93.26
BLD_0347,714,261,453,3,3,0.1,84.51
BLD_0348,636,306,330,3,3,0.25,72.83
BLD_0349,518,336,182,3,4,0.1,63.02
BLD_0350,516,323,193,3,4,0.1,69.89
BLD_0351,734,309,425,3,3,0.25,82.4
BLD_0352,716,297,419,7,4,0.4,86.67
BLD_0353,777,248,529,7,3,0.25,88.83
BLD_0354,583,323,260,3,3,0.4,67.97
BLD_0355,501,367,134,3,2,0.25,63.33
BLD_0356,774,360,414,3,4,0.25,84.66
BLD_0357,686,390,296,7,3,0.4,85.98
BLD_0358,534,372,162,7,2,0.25,75.91
BLD_0359,753,375,378,7,5,0.4,93.41
BLD_0360,732,246,486,3,5,0.25,84.27
BLD_0361,518,379,139,7,4,0.1,76.2
BLD_0362,679,298,381,3,5,0.1,83.92
BLD_0363,546,416,130,7,2,0.25,82.85
BLD_0364,790,358,432,7,2,0.25,103.94
BLD_0365,773,252,521,3,3,0.4,81.6
BLD_0366,627,378,249,7,5,0.25,84.34
BLD_0367,626,406,220,7,3,0.1,91.27
BLD_0368,596,319,277,3,2,0.25,65.64
BLD_0369,757,392,365,3,5,0.4,90.18
BLD_0370,542,398,144,7,4,0.4,72.84
BLD_0371,636,282,354,7,3,0.25,78.07
BLD_0372,735,385,350,3,5,0.1,83.1
BLD_0373,609,302,307,7,3,0.1,84.89
BLD_0374,598,323,275,7,4,0.25,76.89
BLD_0375,777,342,435,3,2,0.4,90.0
BLD_0376,789,285,504,7,4,0.4,96.8
BLD_0377,739,410,329,3,5,0.4,83.4
BLD_0378,690,393,297,7,4,0.25,86.67
BLD_0379,571,258,313,7,2,0.4,69.49
BLD_0380,654,343,311,7,3,0.1,89.75
BLD_0381,541,409,132,7,4,0.4,71.76
BLD_0382,590,250,340,7,5,0.1,79.15
BLD_0383,720,386,334,7,5,0.1,95.82
BLD_0384,750,410,340,3,2,0.1,92.85
BLD_0385,734,319,415,3,4,0.1,86.3
BLD_0386,693,289,404,7,3,0.4,82.23
BLD_0387,742,247,495,7,3,0.4,83.32
BLD_0388,578,405,173,3,2,0.1,77.9
BLD_0389,623,314,309,7,4,0.1,80.99
BLD_0390,717,361,356,3,2,0.4,78.8
BLD_0391,774,323,451,7,3,0.25,99.54
BLD_0392,713,334,379,3,3,0.25,80.36
BLD_0393,527,413,114,7,2,0.4,78.81
BLD_0394,679,413,266,7,5,0.25,93.28
BLD_0395,565,412,153,7,2,0.1,83.63
BLD_0396,687,259,428,7,3,0.4,81.61
BLD_0397,546,389,157,3,2,0.1,66.14
BLD_0398,800,248,552,3,4,0.4,82.82
BLD_0399,525,284,241,7,5,0.4,70.96
BLD_0400,695,381,314,3,4,0.25,82.37
BLD_0401,767,354,413,3,2,0.25,88.72
BLD_0402,531,367,164,3,2,0.4,59.14
BLD_0403,684,258,426,3,5,0.25,72.27
BLD_0404,664,340,324,7,4,0.25,84.14
BLD_0405,651,385,266,3,3,0.25,77.32
BLD_0406,776,404,372,7,5,0.1,103.78
BLD_0407,680,249,431,3,3,0.4,76.33
BLD_0408,538,275,263,3,2,0.4,58.87
BLD_0409,566,407,159,7,2,0.1,79.03
BLD_0410,505,255,250,3,4,0.25,59.58
BLD_0411,674,376,298,7,5,0.4,86.58
BLD_0412,789,349,440,3,2,0.1,90.43
BLD_0413,604,266,338,3,2,0.1,75.25
BLD_0414,745,307,438,3,3,0.25,78.47
BLD_0415,800,262,538,7,2,0.25,92.35
BLD_0416,503,272,231,7,5,0.1,70.44
BLD_0417,566,304,262,7,4,0.4,77.03
BLD_0418,767,359,408,3,3,0.4,87.42
BLD_0419,607,338,269,3,2,0.25,69.6
BLD_0420,536,361,175,7,5,0.25,79.15
BLD_0421,561,414,147,7,4,0.4,73.63
BLD_0422,588,344,244,7,4,0.1,86.11
BLD_0423,563,306,257,7,4,0.4,71.36
BLD_0424,692,271,421,7,5,0.4,83.92
BLD_0425,574,393,181,3,2,0.4,72.18
BLD_0426,789,289,500,3,5,0.25,81.42
BLD_0427,686,327,359,3,4,0.25,79.81
BLD_0428,773,300,473,3,4,0.4,80.57
BLD_0429,612,293,319,3,5,0.1,74.05
BLD_0430,777,297,480,7,2,0.25,100.11
BLD_0431,629,358,271,3,3,0.4,68.42
BLD_0432,734,364,370,7,4,0.4,91.31
BLD_0433,786,291,495,3,5,0.1,85.3
BLD_0434,606,282,324,7,4,0.4,73.57
BLD_0435,522,420,102,7,5,0.1,80.6
BLD_0436,758,360,398,7,4,0.25,94.73
BLD_0437,768,241,527,3,5,0.4,83.69
BLD_0438,787,300,487,3,4,0.1,93.04
BLD_0439,791,277,514,3,5,0.25,88.07
BLD_0440,504,267,237,7,3,0.25,68.72
BLD_0441,712,260,452,7,3,0.25,92.95
BLD_0442,527,249,278,7,5,0.1,72.12
BLD_0443,645,317,328,7,4,0.4,80.25
BLD_0444,611,378,233,3,4,0.1,75.02
BLD_0445,595,326,269,7,4,0.4,80.88
BLD_0446,666,413,253,7,5,0.25,91.86
BLD_0447,770,321,449,3,5,0.25,83.83
BLD_0448,595,273,322,7,4,0.1,83.3
BLD_0449,648,302,346,7,3,0.4,80.3
BLD_0450,564,387,177,7,5,0.25,83.22
BLD_0451,598,409,189,3,5,0.4,69.57
BLD_0452,791,411,380,7,3,0.25,100.06
BLD_0453,688,358,330,7,5,0.1,90.39
BLD_0454,666,360,306,3,2,0.4,77.28
BLD_0455,662,288,374,3,3,0.4,72.32
BLD_0456,755,364,391,7,2,0.1,94.98
BLD_0457,778,363,415,3,3,0.25,90.72
BLD_0458,783,284,499,3,3,0.1,89.91
BLD_0459,577,341,236,7,5,0.1,80.12
BLD_0460,543,409,134,3,2,0.4,66.51
BLD_0461,530,256,274,7,3,0.25,71.81
BLD_0462,581,388,193,3,5,0.25,70.21
BLD_0463,726,374,352,3,2,0.25,86.92
BLD_0464,713,361,352,3,3,0.25,81.59
BLD_0465,646,343,303,3,2,0.1,73.69
BLD_0466,620,411,209,3,3,0.25,74.83
BLD_0467,668,353,315,7,4,0.25,84.28
BLD_0468,733,357,376,3,5,0.4,84.4
BLD_0469,555,292,263,7,4,0.4,72.96
BLD_0470,521,381,140,7,5,0.1,75.05
BLD_0471,796,281,515,3,3,0.4,88.66
BLD_0472,751,373,378,7,2,0.1,100.78
BLD_0473,517,396,121,7,3,0.25,75.88
BLD_0474,592,369,223,7,2,0.25,84.97
BLD_0475,593,310,283,3,3,0.25,71.03
BLD_0476,789,299,490,3,3,0.25,87.09
BLD_0477,707,412,295,7,5,0.1,98.5
BLD_0478,745,254,491,7,4,0.4,85.25
BLD_0479,726,247,479,7,5,0.1,88.86
BLD_0480,685,391,294,7,5,0.1,91.94
BLD_0481,596,366,230,7,3,0.25,82.27
BLD_0482,754,300,454,7,4,0.4,91.39
BLD_0483,605,410,195,7,5,0.4,86.79
BLD_0484,554,272,282,3,5,0.25,66.51
BLD_0485,533,266,267,7,3,0.25,74.31
BLD_0486,617,275,342,7,4,0.1,80.16
BLD_0487,546,325,221,3,3,0.1,63.63
BLD_0488,640,340,300,3,2,0.25,76.39
BLD_0489,707,380,327,7,5,0.25,89.31
BLD_0490,700,373,327,3,2,0.4,77.8
BLD_0491,550,292,258,7,3,0.25,75.42
BLD_0492,772,400,372,7,2,0.4,97.72
BLD_0493,516,393,123,3,2,0.25,65.12
BLD_0494,561,276,285,7,3,0.25,74.93
BLD_0495,704,364,340,3,4,0.1,85.73
BLD_0496,523,387,136,3,3,0.4,64.41
BLD_0497,689,402,287,7,5,0.25,89.21
BLD_0498,654,406,248,3,5,0.25,80.87
BLD_0499,600,382,218,7,3,0.25,84.74
BLD_0500,691,400,291,3,5,0.1,88.44
BLD_0501,713,308,405,7,4,0.1,91.23
BLD_0502,531,295,236,3,4,0.4,64.66
BLD_0503,610,393,217,3,2,0.1,79.14
BLD_0504,553,276,277,7,4,0.4,72.85
BLD_0505,656,371,285,3,2,0.1,81.69
BLD_0506,504,407,97,3,5,0.25,66.33
BLD_0507,562,301,261,7,2,0.1,80.27
BLD_0508,663,406,257,7,3,0.25,90.84
BLD_0509,733,372,361,3,5,0.25,84.71
BLD_0510,563,418,145,3,4,0.1,70.71
BLD_0511,552,395,157,3,5,0.25,69.9
BLD_0512,576,413,163,3,4,0.4,64.95
BLD_0513,770,317,453,7,4,0.1,102.35
BLD_0514,535,304,231,3,5,0.1,65.58
BLD_0515,707,418,289,3,4,0.4,78.14
BLD_0516,592,379,213,7,4,0.25,83.68
BLD_0517,522,247,275,7,5,0.1,73.26
BLD_0518,689,301,388,3,5,0.25,81.81
BLD_0519,576,419,157,3,5,0.4,69.99
BLD_0520,637,302,335,3,2,0.1,73.56
BLD_0521,759,342,417,3,3,0.25,80.98
BLD_0522,698,413,285,3,2,0.1,80.57
BLD_0523,694,313,381,7,2,0.1,94.13
BLD_0524,623,377,246,3,4,0.4,73.88
BLD_0525,694,372,322,3,4,0.4,82.73
BLD_0526,741,344,397,3,3,0.1,86.8
BLD_0527,717,383,334,7,2,0.4,95.01
BLD_0528,532,400,132,3,2,0.25,69.52
BLD_0529,512,292,220,3,5,0.1,64.8
BLD_0530,585,396,189,3,2,0.4,70.57
BLD_0531,605,301,304,7,2,0.4,81.9
BLD_0532,597,252,345,3,2,0.25,67.79
BLD_0533,552,306,246,3,2,0.1,66.08
BLD_0534,754,241,513,3,3,0.1,82.07
BLD_0535,746,302,444,7,5,0.25,95.4
BLD_0536,747,251,496,7,4,0.1,93.91
BLD_0537,561,389,172,7,2,0.4,79.22
BLD_0538,590,281,309,3,4,0.25,71.31
BLD_0539,741,336,405,3,5,0.4,78.71
BLD_0540,641,402,239,3,3,0.1,81.34
BLD_0541,525,343,182,3,5,0.1,70.4
BLD_0542,703,393,310,3,3,0.4,81.56
BLD_0543,717,306,411,3,5,0.1,80.52
BLD_0544,690,254,436,3,3,0.1,73.61
BLD_0545,520,253,267,7,5,0.25,69.09
BLD_0546,609,354,255,7,2,0.25,80.45
BLD_0547,581,397,184,7,3,0.1,85.28
BLD_0548,787,240,547,7,3,0.25,92.59
BLD_0549,565,278,287,3,5,0.4,58.87
BLD_0550,660,261,399,3,3,0.1,77.21
BLD_0551,602,258,344,3,3,0.1,73.28
BLD_0552,786,372,414,3,2,0.25,85.1
BLD_0553,630,288,342,3,4,0.25,73.26
BLD_0554,762,356,406,7,3,0.1,94.5
BLD_0555,553,340,213,3,2,0.4,66.55
BLD_0556,674,256,418,7,3,0.4,77.62
BLD_0557,706,387,319,7,3,0.4,95.25
BLD_0558,715,410,305,7,5,0.25,90.81
BLD_0559,764,392,372,3,3,0.25,85.34
BLD_0560,560,413,147,3,4,0.1,73.99
BLD_0561,693,288,405,3,4,0.1,77.91
BLD_0562,658,253,405,3,4,0.4,72.51
BLD_0563,729,247,482,3,5,0.4,75.97
BLD_0564,565,261,304,3,3,0.25,65.65
BLD_0565,795,342,453,3,3,0.25,85.1
BLD_0566,685,357,328,7,4,0.1,88.83
BLD_0567,588,271,317,7,5,0.25,77.01
BLD_0568,646,359,287,3,5,0.4,72.45
BLD_0569,706,404,302,3,5,0.4,80.56
BLD_0570,536,242,294,3,3,0.1,62.78
BLD_0571,683,241,442,3,3,0.25,70.23
BLD_0572,772,289,483,3,2,0.1,83.83
BLD_0573,691,308,383,7,3,0.1,89.84
BLD_0574,758,333,425,3,2,0.1,87.08
BLD_0575,745,258,487,3,3,0.1,80.98
BLD_0576,634,293,341,3,5,0.1,78.0
BLD_0577,682,349,333,3,3,0.1,77.22
BLD_0578,577,286,291,7,3,0.25,75.44
BLD_0579,610,253,357,7,2,0.1,77.1
BLD_0580,727,367,360,7,4,0.4,86.79
BLD_0581,711,259,452,7,3,0.4,82.94
BLD_0582,786,339,447,7,5,0.1,104.18
BLD_0583,618,329,289,7,2,0.25,80.52
BLD_0584,537,358,179,7,3,0.4,78.2
BLD_0585,558,380,178,7,3,0.4,73.46
BLD_0586,732,246,486,3,4,0.4,79.97
BLD_0587,614,348,266,7,3,0.1,87.42
BLD_0588,756,334,422,7,3,0.1,94.21
BLD_0589,703,391,312,7,2,0.25,95.28
BLD_0590,635,400,235,7,4,0.1,89.55
BLD_0591,776,381,395,3,4,0.1,94.3
BLD_0592,745,253,492,7,3,0.1,94.53
BLD_0593,773,363,410,3,3,0.1,86.34
BLD_0594,512,281,231,3,4,0.25,64.53
BLD_0595,669,378,291,3,2,0.25,81.86
BLD_0596,564,416,148,3,2,0.25,70.14
BLD_0597,614,388,226,7,2,0.4,84.37
BLD_0598,800,249,551,3,4,0.1,83.84
BLD_0599,655,290,365,7,4,0.25,81.82
BLD_0600,587,377,210,3,2,0.1,75.42
BLD_0601,689,355,334,7,4,0.1,92.21
BLD_0602,528,271,257,3,2,0.1,64.9
BLD_0603,788,406,382,7,3,0.25,97.23
BLD_0604,711,400,311,7,3,0.1,99.34
BLD_0605,781,399,382,3,5,0.1,93.36
BLD_0606,681,356,325,7,5,0.1,90.67
BLD_0607,637,294,343,7,5,0.25,87.69
BLD_0608,672,324,348,7,4,0.1,87.47
BLD_0609,535,312,223,7,5,0.25,76.15
BLD_0610,667,397,270,3,5,0.25,82.58
BLD_0611,595,343,252,7,4,0.25,79.45
BLD_0612,600,384,216,7,5,0.4,84.62
BLD_0613,662,323,339,7,4,0.25,87.84
BLD_0614,752,342,410,7,4,0.25,99.28
BLD_0615,668,398,270,3,4,0.1,83.55
BLD_0616,787,339,448,7,5,0.1,96.48
BLD_0617,630,250,380,3,5,0.4,72.07
BLD_0618,544,343,201,3,3,0.4,68.34
BLD_0619,643,258,385,7,3,0.1,89.08
BLD_0620,709,359,350,7,5,0.4,86.97
BLD_0621,706,285,421,7,3,0.25,88.24
BLD_0622,701,293,408,3,3,0.4,75.97
BLD_0623,757,395,362,3,3,0.25,83.35
BLD_0624,561,273,288,7,4,0.25,75.03
BLD_0625,576,355,221,7,4,0.1,86.0
BLD_0626,687,300,387,7,3,0.25,92.34
BLD_0627,538,356,182,3,4,0.4,68.81
BLD_0628,691,369,322,7,5,0.1,95.84
BLD_0629,540,242,298,7,4,0.25,74.45
BLD_0630,650,366,284,7,4,0.1,90.09
BLD_0631,800,373,427,7,4,0.25,100.62
BLD_0632,630,356,274,7,4,0.25,84.38
BLD_0633,509,417,92,7,3,0.1,74.29
BLD_0634,748,374,374,3,5,0.4,84.94
BLD_0635,694,360,334,3,2,0.4,74.13
BLD_0636,605,400,205,3,3,0.25,72.88
BLD_0637,671,319,352,7,3,0.4,84.46
BLD_0638,671,381,290,3,3,0.4,81.65
BLD_0639,576,303,273,3,2,0.4,68.36
BLD_0640,554,416,138,3,3,0.1,69.63
BLD_0641,601,405,196,7,2,0.4,76.99
BLD_0642,580,339,241,3,4,0.4,72.01
BLD_0643,751,388,363,3,5,0.1,88.99
BLD_0644,527,250,277,7,5,0.25,73.96
BLD_0645,522,259,263,3,3,0.1,64.47
BLD_0646,657,368,289,7,3,0.25,90.62
BLD_0647,561,248,313,7,4,0.4,71.27
BLD_0648,749,410,339,7,3,0.1,104.76
BLD_0649,583,409,174,7,5,0.25,84.56
BLD_0650,532,302,230,3,2,0.1,70.44
