SensorID,Temperature_C,Vibration_Hz,Pressure_kPa,Voltage_V,Flow_Rate_m3s,Operating_Hours,Noise_dB,Fault_Status
SEN_0001,20.27,154.22,182.68,237.65,2.61,2481,65.71,0
SEN_0002,42.85,21.22,267.42,230.17,3.16,13535,87.01,0
SEN_0003,84.46,175.08,93.39,235.17,3.08,4096,59.49,1
SEN_0004,57.09,36.98,131.38,239.82,0.65,1147,65.8,0
SEN_0005,76.37,127.91,192.89,237.77,0.12,9842,89.8,0
SEN_0006,58.44,157.18,192.75,222.4,3.76,6148,92.96,0
SEN_0007,51.2,107.83,319.63,214.17,3.52,1648,54.46,0
SEN_0008,29.59,91.69,85.18,221.22,2.15,9629,64.86,0
SEN_0009,39.57,97.74,129.96,232.91,4.23,3242,68.31,0
SEN_0010,53.97,35.66,138.87,231.48,1.16,11150,52.23,0
SEN_0011,49.23,118.08,310.93,229.66,2.41,1221,89.66,0
SEN_0012,22.31,66.77,276.14,230.34,3.64,13633,45.38,0
SEN_0013,48.28,124.15,191.58,215.01,4.8,560,63.11,0
SEN_0014,31.33,39.39,217.13,239.98,0.12,6940,73.15,0
SEN_0015,68.65,65.72,235.66,231.09,3.84,1371,51.87,0
SEN_0016,52.08,15.69,226.25,213.01,3.67,976,48.34,0
SEN_0017,46.36,107.43,232.94,222.8,3.49,490,56.48,0
SEN_0018,77.04,17.99,288.22,229.45,4.37,3160,77.26,0
SEN_0019,70.25,82.45,150.78,210.01,0.64,10584,77.86,0
SEN_0020,70.57,58.05,86.06,233.02,3.49,2172,59.67,0
SEN_0021,45.85,31.76,104.89,237.51,4.07,9272,73.02,0
SEN_0022,26.99,50.88,239.61,236.38,3.39,6697,94.21,0
SEN_0023,48.72,155.46,158.51,228.84,1.81,5847,89.83,1
SEN_0024,78.83,76.34,285.09,229.25,0.87,14527,79.01,1
SEN_0025,70.18,33.82,237.31,230.29,0.53,10482,49.93,0
SEN_0026,64.18,105.97,263.44,225.66,2.38,11827,67.4,0
SEN_0027,34.44,177.31,236.72,219.85,2.5,5987,94.03,1
SEN_0028,46.91,126.75,271.19,213.59,0.36,9537,41.93,0
SEN_0029,61.87,38.66,201.43,229.79,1.26,13037,46.23,0
SEN_0030,70.05,134.14,278.74,225.61,4.29,14681,41.4,0
SEN_0031,42.33,176.49,298.29,212.5,1.62,13394,90.78,0
SEN_0032,46.15,92.01,123.62,218.76,2.53,12220,50.94,0
SEN_0033,26.33,179.72,98.99,231.03,2.46,4083,61.15,0
SEN_0034,24.59,121.22,283.82,217.6,3.84,9460,67.29,0
SEN_0035,50.73,35.59,156.5,236.44,4.72,3361,44.76,0
SEN_0036,43.07,81.98,201.21,218.51,1.94,1296,61.75,0
SEN_0037,49.37,160.09,270.04,237.63,2.88,2119,81.49,0
SEN_0038,25.1,80.75,204.47,210.58,0.35,3986,45.26,0
SEN_0039,69.11,15.88,253.8,238.79,3.05,1839,88.12,0
SEN_0040,68.66,115.15,134.18,237.37,1.53,3626,59.41,0
SEN_0041,27.02,94.84,291.64,221.5,3.13,2196,64.48,0
SEN_0042,43.69,13.57,280.37,229.35,1.71,9157,89.86,0
SEN_0043,21.2,89.27,289.13,235.39,4.8,4807,55.0,0
SEN_0044,84.68,11.02,260.71,220.13,3.77,7564,49.38,1
SEN_0045,47.73,126.71,195.94,227.33,0.19,4277,54.29,0
SEN_0046,45.85,160.76,199.36,232.06,3.8,11599,79.4,0
SEN_0047,80.4,20.07,172.67,212.85,0.35,6421,55.01,0
SEN_0048,47.46,76.97,261.62,230.65,2.58,1922,61.91,0
SEN_0049,76.28,55.88,238.16,239.0,3.76,14808,92.01,1
SEN_0050,31.38,25.52,251.61,224.14,0.82,1674,66.99,0
SEN_0051,23.79,110.01,279.78,235.28,0.51,10426,60.55,0
SEN_0052,37.36,131.66,313.96,212.26,4.74,6159,91.7,0
SEN_0053,62.31,67.08,308.1,223.65,2.02,11659,90.19,0
SEN_0054,37.57,48.79,257.08,220.08,0.7,8307,63.38,0
SEN_0055,73.8,28.13,276.85,214.93,2.13,11517,58.44,0
SEN_0056,80.1,65.49,189.66,223.56,0.89,11095,50.81,0
SEN_0057,49.57,20.46,118.78,213.53,0.16,6007,55.83,0
SEN_0058,76.13,111.05,178.22,213.08,2.9,900,44.52,0
SEN_0059,80.97,158.5,237.02,216.77,0.86,13654,41.56,1
SEN_0060,38.72,95.96,178.3,211.48,1.52,4806,46.09,0
SEN_0061,21.57,37.1,269.5,216.17,0.47,10265,70.24,0
SEN_0062,59.81,38.23,277.81,223.96,4.55,12007,61.08,0
SEN_0063,27.08,134.67,143.91,213.46,3.89,1336,42.13,0
SEN_0064,28.67,73.78,244.23,222.42,4.37,525,43.74,0
SEN_0065,78.82,167.98,311.43,230.66,1.62,551,76.07,0
SEN_0066,75.17,18.31,221.1,219.66,2.77,4829,54.57,0
SEN_0067,41.4,167.46,135.0,220.66,0.45,8650,51.99,1
SEN_0068,67.4,165.46,161.49,222.73,2.83,14252,63.62,0
SEN_0069,89.87,104.63,120.36,219.58,4.03,13233,56.18,1
SEN_0070,23.09,165.51,117.08,236.11,2.99,7902,48.23,0
SEN_0071,45.7,163.58,265.87,212.42,3.76,13849,92.98,1
SEN_0072,67.25,151.12,299.41,211.82,1.31,9276,50.27,0
SEN_0073,60.59,75.38,307.06,232.35,0.75,7799,54.92,0
SEN_0074,68.42,11.52,222.46,235.97,4.81,7822,94.5,0
SEN_0075,26.96,91.43,222.35,230.95,2.15,8926,71.14,0
SEN_0076,20.25,142.41,131.09,226.08,1.46,1556,92.93,1
SEN_0077,50.72,165.97,240.81,226.76,4.66,14184,61.1,1
SEN_0078,73.11,108.77,167.2,238.18,3.12,14862,51.89,0
SEN_0079,21.42,99.18,236.19,212.01,1.77,7331,71.03,0
SEN_0080,49.99,164.93,211.1,224.19,0.75,12447,78.36,0
SEN_0081,75.9,101.52,270.47,211.5,3.0,14399,74.51,0
SEN_0082,54.43,51.02,216.83,213.57,2.75,12702,87.46,0
SEN_0083,89.64,142.55,194.53,226.4,4.62,7403,40.89,1
SEN_0084,50.59,108.89,271.53,227.44,2.27,8068,88.36,0
SEN_0085,39.08,99.72,117.35,216.45,1.21,6111,67.11,0
SEN_0086,60.74,114.95,135.34,226.09,4.6,2647,70.91,0
SEN_0087,76.29,146.61,315.91,220.63,4.01,5740,77.93,0
SEN_0088,25.14,105.67,174.82,230.23,1.61,11442,53.62,0
SEN_0089,84.08,109.46,234.87,234.5,2.1,4553,91.74,1
SEN_0090,34.79,179.91,168.62,211.38,3.57,1862,42.18,0
SEN_0091,55.28,179.7,99.73,214.29,4.92,740,65.87,1
SEN_0092,55.04,103.72,205.06,236.7,2.39,8569,73.08,0
SEN_0093,34.06,94.32,85.84,217.22,2.45,2469,84.19,0
SEN_0094,94.55,14.35,209.69,213.93,1.23,1855,72.62,0
SEN_0095,88.81,47.37,99.51,221.0,1.7,4646,48.92,0
SEN_0096,28.43,167.54,258.93,220.66,0.32,11914,75.37,0
SEN_0097,88.39,106.1,209.05,221.42,0.22,7736,67.75,0
SEN_0098,88.71,71.64,170.08,236.64,3.84,8757,60.9,0
SEN_0099,30.46,91.82,86.56,211.98,4.3,2333,55.93,0
SEN_0100,91.42,168.92,281.49,218.94,2.23,7398,63.33,1
SEN_0101,82.54,118.44,214.95,226.5,2.85,7538,61.74,0
SEN_0102,76.83,109.38,268.23,222.4,0.16,1633,86.91,0
SEN_0103,34.67,128.44,150.57,228.76,2.43,8518,90.76,0
SEN_0104,87.93,116.5,260.85,238.0,3.56,3225,69.58,0
SEN_0105,61.06,18.88,135.89,211.1,1.38,11446,47.01,0
SEN_0106,28.24,133.66,233.0,218.55,3.85,8786,41.02,0
SEN_0107,71.5,77.49,121.63,225.86,0.5,12609,53.33,0
SEN_0108,51.46,52.4,204.62,216.07,0.83,4054,42.26,0
SEN_0109,68.11,46.74,253.29,227.16,1.57,7052,83.89,0
SEN_0110,75.7,160.79,237.97,216.99,4.99,12760,60.47,0
SEN_0111,84.0,54.56,177.16,220.42,2.82,7741,69.53,0
SEN_0112,32.52,69.69,306.88,222.34,3.23,4644,82.33,0
SEN_0113,27.12,83.37,129.92,239.22,1.32,3476,61.65,0
SEN_0114,54.19,172.2,92.17,221.59,2.45,9429,53.03,1
SEN_0115,83.74,144.84,289.52,237.4,0.52,608,86.71,1
SEN_0116,23.79,57.57,297.58,218.86,3.97,374,71.05,0
SEN_0117,27.63,45.5,254.1,220.7,0.96,1285,50.3,0
SEN_0118,63.22,109.35,298.08,231.97,4.06,11343,87.73,0
SEN_0119,20.51,21.14,123.95,220.41,3.77,14813,54.22,0
SEN_0120,61.94,54.13,209.11,218.55,1.66,7013,71.85,0
SEN_0121,37.67,118.43,130.25,237.76,4.0,10403,93.2,0
SEN_0122,36.35,16.82,268.29,212.58,1.07,4001,45.63,0
SEN_0123,68.12,124.38,120.24,227.09,1.6,12722,49.06,0
SEN_0124,64.22,117.72,160.7,234.37,2.29,3957,50.43,0
SEN_0125,86.49,60.05,279.11,233.47,3.72,7030,48.32,1
SEN_0126,60.48,148.07,135.31,225.59,1.2,7223,50.56,0
SEN_0127,28.69,27.76,122.57,239.13,1.87,1858,85.18,0
SEN_0128,85.69,38.39,267.81,224.92,2.83,12079,78.2,0
SEN_0129,62.02,156.97,288.01,225.88,4.05,11832,58.72,1
SEN_0130,71.21,179.25,179.5,222.31,1.44,4686,65.95,0
SEN_0131,85.23,76.72,218.65,231.77,1.64,507,60.41,0
SEN_0132,46.93,53.04,161.01,237.72,2.73,11372,45.21,0
SEN_0133,73.12,169.57,227.09,217.1,4.71,3635,87.84,0
SEN_0134,73.46,59.73,215.38,219.36,1.98,2177,64.15,0
SEN_0135,46.3,167.94,207.18,221.18,3.55,2347,76.52,0
SEN_0136,91.23,140.89,257.44,224.58,0.57,3569,63.54,0
SEN_0137,32.98,36.51,95.8,231.85,0.72,7252,89.39,0
SEN_0138,52.83,18.46,288.21,225.44,1.27,11894,61.88,0
SEN_0139,24.89,30.6,202.53,237.6,0.78,13809,54.11,0
SEN_0140,40.49,168.36,308.06,213.4,3.53,14380,45.22,1
SEN_0141,27.25,98.86,241.18,227.35,1.42,10175,91.89,0
SEN_0142,26.89,155.01,310.44,217.19,1.68,14733,57.17,1
SEN_0143,49.42,78.72,210.5,237.47,4.14,10056,60.6,0
SEN_0144,54.27,41.28,124.09,213.59,2.39,14330,45.57,0
SEN_0145,53.26,57.48,133.02,238.11,2.56,13765,90.25,0
SEN_0146,61.44,161.48,154.21,224.58,0.92,1842,70.58,0
SEN_0147,29.59,156.1,193.74,232.27,0.82,11640,72.61,0
SEN_0148,56.49,83.32,229.75,232.14,2.32,13815,42.79,0
SEN_0149,34.27,154.64,263.98,222.09,3.34,13263,69.04,0
SEN_0150,27.42,171.23,294.71,215.17,1.57,14502,66.25,1
SEN_0151,54.85,156.01,163.84,215.89,0.75,1369,66.34,0
SEN_0152,65.25,107.4,95.98,234.35,3.79,3756,94.34,0
SEN_0153,85.65,73.68,267.45,237.9,3.48,12931,45.72,0
SEN_0154,49.7,43.53,281.85,236.51,1.5,7524,45.08,1
SEN_0155,92.4,54.7,106.63,231.76,2.98,11601,78.59,0
SEN_0156,66.24,32.17,193.77,225.01,0.96,11125,44.04,0
SEN_0157,37.31,169.68,119.73,219.71,3.65,11825,68.95,0
SEN_0158,71.18,160.65,100.15,229.41,2.43,13767,59.97,0
SEN_0159,24.76,55.96,99.39,230.72,0.98,10390,50.73,0
SEN_0160,40.02,99.02,294.79,231.25,1.89,13461,54.27,1
SEN_0161,29.73,141.08,112.18,215.1,0.48,11751,61.56,0
SEN_0162,82.76,130.09,179.9,214.25,4.4,8912,51.28,0
SEN_0163,41.0,151.39,170.42,230.91,1.32,10264,66.85,1
SEN_0164,67.85,92.24,104.57,228.92,4.74,8986,64.52,0
SEN_0165,57.41,21.06,319.24,211.3,4.04,3801,65.08,0
SEN_0166,86.56,44.32,172.71,236.57,1.21,3401,65.48,0
SEN_0167,80.73,108.84,218.48,212.03,2.88,10094,84.02,1
SEN_0168,25.73,18.48,169.27,210.24,3.2,8855,87.24,0
SEN_0169,79.67,99.93,87.32,234.87,2.42,7778,49.73,0
SEN_0170,60.4,35.74,155.0,234.26,1.22,1446,41.77,0
SEN_0171,26.28,126.63,81.26,238.43,4.39,8758,70.75,0
SEN_0172,42.78,166.15,177.22,231.89,4.45,6931,91.27,0
SEN_0173,34.56,30.84,155.59,226.82,1.79,549,54.53,0
SEN_0174,70.56,97.93,174.56,225.12,0.84,8602,79.9,0
SEN_0175,27.0,13.58,159.25,233.11,0.6,1983,49.48,0
SEN_0176,65.94,169.85,313.87,220.39,0.97,14408,83.36,0
SEN_0177,65.49,178.0,305.2,211.15,0.63,4623,57.66,1
SEN_0178,64.11,43.79,256.07,211.09,2.75,13996,84.97,0
SEN_0179,50.7,29.79,85.2,212.85,1.07,5955,65.44,0
SEN_0180,81.0,28.87,288.43,234.12,3.02,5887,49.83,0
SEN_0181,90.46,131.21,166.36,226.82,2.85,13808,61.58,0
SEN_0182,45.19,164.3,316.55,211.19,1.06,10754,42.58,0
SEN_0183,75.94,139.57,283.69,235.6,1.5,11477,81.09,0
SEN_0184,25.99,131.66,211.26,221.96,0.78,5990,89.87,0
SEN_0185,80.39,18.5,111.6,232.59,0.79,8049,88.24,1
SEN_0186,63.64,107.27,248.9,232.17,4.12,5844,44.9,0
SEN_0187,80.39,175.98,154.62,222.65,1.18,2305,90.45,1
SEN_0188,53.88,20.14,279.96,227.73,1.46,14188,75.81,0
SEN_0189,69.32,145.84,246.53,211.89,0.67,13051,75.84,0
SEN_0190,25.53,179.23,182.22,223.69,2.42,12188,70.39,1
SEN_0191,33.87,178.37,140.62,212.93,0.23,11101,80.88,0
SEN_0192,55.63,37.58,161.2,215.5,2.05,11150,49.87,0
SEN_0193,87.76,87.19,198.02,218.85,2.87,11105,59.97,0
SEN_0194,49.24,105.86,220.09,239.74,3.87,6122,63.17,0
SEN_0195,41.51,41.94,205.38,225.47,1.05,11051,83.24,0
SEN_0196,50.43,30.17,106.03,239.2,4.46,4137,78.59,0
SEN_0197,91.53,148.79,158.41,219.66,4.45,14783,54.8,1
SEN_0198,78.57,58.75,124.04,227.11,3.23,6995,71.62,0
SEN_0199,82.71,115.85,181.54,213.23,2.68,1643,52.54,0
SEN_0200,86.19,132.53,114.59,236.47,1.14,7123,53.94,1
SEN_0201,81.57,128.62,155.17,237.16,4.09,4393,44.44,0
SEN_0202,46.62,67.44,229.68,225.16,1.51,12292,93.08,0
SEN_0203,74.39,10.83,275.98,221.87,3.36,7574,71.17,0
SEN_0204,94.15,70.3,226.61,225.66,2.28,11778,76.84,1
SEN_0205,93.83,80.09,109.95,233.37,0.67,11857,60.43,1
SEN_0206,84.34,144.35,124.2,212.13,2.69,11816,65.51,1
SEN_0207,78.41,99.21,115.66,239.56,0.46,1899,82.76,0
SEN_0208,50.54,87.6,98.95,237.01,1.97,4301,75.92,0
SEN_0209,51.19,149.04,300.61,211.0,0.79,4689,59.12,0
SEN_0210,68.96,54.73,266.17,223.75,3.61,13658,91.91,0
SEN_0211,88.26,40.58,155.8,211.73,4.89,4673,84.32,0
SEN_0212,55.42,35.22,138.56,224.78,1.41,7154,66.06,0
SEN_0213,48.28,94.12,131.46,235.83,1.99,1131,57.67,0
SEN_0214,49.03,53.45,286.29,224.65,0.64,5172,80.24,0
SEN_0215,53.3,74.63,265.39,211.74,0.71,212,94.73,0
SEN_0216,56.79,151.76,274.68,220.47,1.74,6443,81.93,0
SEN_0217,87.88,33.87,82.06,219.88,0.43,4910,92.64,0
SEN_0218,31.54,149.64,294.4,210.84,4.66,14261,85.41,1
SEN_0219,80.47,23.99,313.3,234.24,0.56,3662,77.32,1
SEN_0220,37.67,72.8,189.81,224.9,1.93,12107,88.27,0
SEN_0221,92.77,54.0,148.7,213.87,2.3,13419,46.69,0
SEN_0222,45.08,173.25,285.66,211.53,0.98,1082,64.43,1
SEN_0223,22.89,137.78,317.09,213.47,3.93,14866,80.33,1
SEN_0224,34.86,78.72,239.76,213.9,4.02,13713,82.74,0
SEN_0225,27.39,54.47,278.91,224.17,3.02,8813,89.26,0
SEN_0226,37.47,179.73,314.01,220.34,0.66,13000,75.33,1
SEN_0227,51.94,47.05,318.89,228.6,0.23,7437,69.98,0
SEN_0228,77.33,145.73,111.16,219.9,0.38,253,57.03,0
SEN_0229,66.19,106.53,297.58,233.09,4.59,13949,80.54,0
SEN_0230,39.44,173.4,93.56,225.25,2.64,8508,90.41,0
SEN_0231,20.96,35.9,80.65,225.85,1.63,12556,91.09,0
SEN_0232,65.73,138.61,314.52,215.47,2.79,3100,61.89,1
SEN_0233,83.74,36.72,268.32,236.59,2.86,2467,52.18,1
SEN_0234,27.75,178.94,84.66,226.36,3.14,451,50.02,0
SEN_0235,27.67,168.52,108.71,224.93,2.32,13862,65.1,0
SEN_0236,48.6,109.75,226.95,210.12,0.28,10332,48.72,0
SEN_0237,23.96,35.42,214.01,219.53,2.98,7149,41.72,0
SEN_0238,32.25,99.59,274.81,222.79,0.3,247,48.05,0
SEN_0239,57.62,36.98,277.76,212.56,0.87,7355,85.78,0
SEN_0240,49.06,81.28,164.45,219.57,0.29,13978,87.04,0
SEN_0241,65.09,109.9,186.78,228.99,0.18,13489,79.8,0
SEN_0242,20.52,82.51,208.65,217.84,0.35,2622,86.3,0
SEN_0243,27.93,105.86,256.98,210.35,1.33,10642,80.76,0
SEN_0244,60.23,124.73,183.9,216.28,0.14,500,63.37,0
SEN_0245,20.36,38.36,315.35,231.07,1.44,13298,68.92,0
SEN_0246,75.36,170.11,219.34,224.53,2.95,2709,73.34,0
SEN_0247,46.59,30.88,264.43,229.66,3.27,5375,87.15,0
SEN_0248,66.15,109.57,281.29,217.22,4.08,8072,66.52,0
SEN_0249,30.52,84.59,162.6,225.1,2.14,10710,73.68,0
SEN_0250,75.22,42.99,252.87,237.05,3.6,4620,68.15,0
SEN_0251,83.41,20.06,207.37,218.76,3.27,7426,91.54,1
SEN_0252,21.43,31.72,121.75,239.43,1.0,9437,49.44,0
SEN_0253,72.38,120.92,245.56,224.06,4.1,13193,51.24,0
SEN_0254,45.87,129.27,217.36,219.84,1.15,202,53.47,0
SEN_0255,71.05,19.57,192.22,225.74,0.12,11636,66.9,0
SEN_0256,63.09,100.43,142.62,216.86,2.83,13494,51.45,0
SEN_0257,63.29,127.92,264.12,232.01,2.8,531,63.61,0
SEN_0258,28.71,69.65,83.73,235.54,2.8,464,43.78,0
SEN_0259,56.92,138.49,138.35,229.42,1.49,8403,51.76,0
SEN_0260,44.37,43.02,284.95,237.61,4.15,2151,59.57,0
SEN_0261,51.53,93.9,80.06,239.68,3.35,9337,86.73,0
SEN_0262,58.4,23.75,200.56,227.13,4.86,11705,70.19,0
SEN_0263,77.84,138.82,89.69,215.59,0.5,3203,71.55,0
SEN_0264,83.91,164.07,223.78,226.35,2.36,4034,60.54,0
SEN_0265,91.13,114.85,244.07,216.69,4.72,2570,75.31,1
SEN_0266,65.54,26.82,92.26,224.45,2.99,11224,64.08,0
SEN_0267,82.05,159.62,235.17,226.77,3.49,12651,70.62,0
SEN_0268,26.1,51.79,282.66,216.7,4.83,10440,86.91,0
SEN_0269,36.77,83.35,93.86,232.34,3.32,2856,40.01,0
SEN_0270,66.05,28.11,86.86,239.43,2.09,7832,55.08,0
SEN_0271,84.37,32.43,196.61,233.15,1.93,8013,68.36,0
SEN_0272,85.49,60.98,256.31,235.05,1.36,13490,77.8,1
SEN_0273,59.47,84.61,135.78,219.06,4.73,13611,83.92,0
SEN_0274,77.89,36.95,198.72,220.03,0.93,14683,78.55,0
SEN_0275,81.16,142.06,261.78,231.67,0.18,14725,88.4,1
SEN_0276,86.87,168.79,135.45,221.12,1.7,13725,46.27,0
SEN_0277,79.46,18.03,217.56,215.99,0.85,14734,85.39,0
SEN_0278,33.11,174.62,196.59,210.88,3.03,4201,67.93,0
SEN_0279,48.1,30.09,167.83,217.91,2.4,8844,69.73,0
SEN_0280,46.61,92.96,111.6,234.51,3.29,7316,56.19,0
SEN_0281,84.43,55.59,118.45,226.19,3.83,6942,57.09,0
SEN_0282,39.43,103.76,156.26,236.47,2.99,4855,92.12,0
SEN_0283,20.76,55.48,197.26,238.13,2.75,7731,72.57,0
SEN_0284,27.15,142.91,307.24,234.23,3.64,14410,40.76,0
SEN_0285,48.8,110.63,232.74,222.49,2.58,9546,92.8,0
SEN_0286,21.9,27.19,118.29,214.39,0.49,852,91.81,0
SEN_0287,41.16,60.05,114.21,223.2,4.3,11644,40.11,1
SEN_0288,58.23,159.14,222.03,223.78,3.69,9293,64.78,0
SEN_0289,49.82,26.75,143.74,221.17,1.58,2625,82.28,0
SEN_0290,51.98,53.95,148.73,213.9,0.31,4301,43.51,0
SEN_0291,66.74,160.68,91.51,233.11,2.35,13433,87.3,0
SEN_0292,69.58,102.22,211.56,217.66,2.85,12440,88.74,0
SEN_0293,85.21,21.06,102.3,210.48,0.1,6366,43.46,1
SEN_0294,23.17,103.8,243.59,212.57,4.11,6524,69.87,0
SEN_0295,39.63,26.68,316.06,231.49,0.19,1597,46.07,0
SEN_0296,22.24,51.83,315.0,231.54,0.1,5920,83.01,0
SEN_0297,90.16,106.3,141.53,223.49,0.37,11944,78.56,1
SEN_0298,20.94,174.12,289.98,215.5,2.68,9281,80.38,1
SEN_0299,61.81,48.56,203.31,237.79,3.56,636,54.91,0
SEN_0300,69.93,65.88,205.21,211.3,4.63,13660,59.51,0
SEN_0301,72.3,153.41,81.2,226.95,1.16,7463,86.08,0
SEN_0302,89.27,82.19,83.61,218.88,0.72,1777,88.88,0
SEN_0303,84.5,122.84,316.53,213.5,4.75,8180,85.83,1
SEN_0304,83.38,135.15,248.93,213.91,1.21,3354,46.52,0
SEN_0305,62.4,116.27,130.56,229.37,1.17,7263,68.85,0
SEN_0306,30.19,146.21,153.95,237.01,2.44,10425,46.05,0
SEN_0307,87.73,69.13,286.13,223.93,0.94,9807,46.05,0
SEN_0308,52.4,26.95,270.99,234.42,3.5,3543,92.73,0
SEN_0309,89.17,57.09,99.72,220.75,0.75,7730,75.31,1
SEN_0310,55.57,151.7,108.44,220.99,4.11,5710,52.08,0
SEN_0311,38.89,23.93,142.9,238.62,1.38,9839,51.54,0
SEN_0312,28.78,165.64,171.15,225.72,4.94,11704,68.54,0
SEN_0313,49.7,164.12,102.88,224.43,3.98,14648,78.11,1
SEN_0314,27.37,111.6,295.45,238.2,1.75,2151,43.63,0
SEN_0315,35.9,163.46,222.23,210.56,1.47,6904,68.55,0
SEN_0316,86.55,142.32,181.96,211.41,1.26,14781,74.22,1
SEN_0317,27.56,81.51,220.08,223.05,3.05,7966,65.96,0
SEN_0318,22.95,22.95,94.21,213.08,1.51,10813,56.02,0
SEN_0319,28.11,118.61,250.16,231.73,4.67,8838,63.81,0
SEN_0320,28.69,36.59,276.01,215.97,4.07,9358,55.86,0
SEN_0321,77.33,150.89,298.22,224.81,1.14,8323,72.14,1
SEN_0322,82.04,56.28,96.82,223.86,4.66,8083,46.26,0
SEN_0323,71.76,119.43,102.34,213.95,3.94,11993,70.09,0
SEN_0324,64.11,127.34,96.1,234.42,4.18,2993,88.53,0
SEN_0325,34.99,95.27,88.57,226.3,2.66,8244,71.65,0
SEN_0326,26.18,123.65,173.55,238.87,3.44,2941,62.06,0
SEN_0327,26.12,120.05,148.09,237.74,1.3,10362,82.21,0
SEN_0328,21.08,119.03,188.16,210.27,2.57,7508,40.09,0
SEN_0329,44.44,85.53,154.55,237.63,0.55,7095,75.13,0
SEN_0330,32.38,68.43,302.43,238.19,0.81,11264,60.29,1
SEN_0331,81.63,167.14,183.16,210.86,4.32,10069,88.09,1
SEN_0332,81.35,153.15,266.19,222.64,1.57,10808,67.81,0
SEN_0333,27.63,57.96,179.48,218.9,3.65,12717,50.76,0
SEN_0334,40.67,53.26,278.42,218.66,2.31,7526,67.89,0
SEN_0335,82.71,11.12,214.44,231.11,2.03,7025,54.75,1
SEN_0336,85.95,139.31,224.82,222.45,0.55,13652,55.88,0
SEN_0337,76.83,176.51,186.44,239.47,0.19,1582,70.7,1
SEN_0338,36.55,46.32,227.22,210.05,3.18,9923,77.97,0
SEN_0339,93.02,21.06,312.99,225.2,1.97,11357,73.61,1
SEN_0340,70.78,41.38,84.78,226.79,0.52,13606,51.6,0
SEN_0341,48.34,157.93,90.1,228.8,3.76,3916,64.45,1
SEN_0342,63.25,92.41,300.4,229.71,4.26,4105,75.84,0
SEN_0343,93.63,44.65,211.09,216.76,4.24,6430,66.83,0
SEN_0344,51.51,17.58,166.58,210.22,3.74,7735,78.08,0
SEN_0345,34.86,74.06,101.93,228.47,3.34,2056,85.12,0
SEN_0346,32.95,105.56,93.7,219.64,3.18,7579,79.76,0
SEN_0347,62.16,60.71,211.94,227.73,3.92,4699,56.03,0
SEN_0348,81.71,62.12,180.61,223.95,4.25,11735,91.63,1
SEN_0349,49.21,63.44,133.54,234.36,4.29,7654,62.02,0
SEN_0350,24.78,108.23,151.54,215.28,4.37,8349,94.75,0
SEN_0351,22.41,148.93,193.18,238.08,1.18,11305,72.09,1
SEN_0352,67.5,24.35,272.83,236.91,3.97,8029,80.97,0
SEN_0353,47.71,18.86,214.88,217.65,4.39,6786,78.77,0
SEN_0354,31.58,20.77,101.02,220.03,4.42,3442,60.88,0
SEN_0355,70.98,165.93,108.65,220.64,2.75,4489,59.57,0
SEN_0356,54.08,152.02,250.27,235.42,2.31,4643,76.5,0
SEN_0357,36.79,22.45,97.94,217.21,4.19,8648,59.03,0
SEN_0358,29.35,100.07,154.47,222.8,1.77,13455,80.09,0
SEN_0359,29.97,97.87,152.68,232.28,3.17,3916,42.37,1
SEN_0360,27.98,103.43,118.01,237.52,3.18,959,50.08,0
SEN_0361,50.54,124.92,233.97,228.11,0.59,7583,94.09,0
SEN_0362,40.63,61.44,149.16,230.68,3.95,4320,71.32,0
SEN_0363,39.74,96.02,153.1,233.6,2.13,10805,80.18,0
SEN_0364,63.03,127.53,243.93,216.82,2.87,7033,90.34,0
SEN_0365,77.08,17.19,247.3,227.63,3.76,6149,76.65,0
SEN_0366,26.88,70.87,180.72,233.93,4.64,6198,65.89,0
SEN_0367,78.14,47.23,158.99,225.2,2.13,9928,73.57,0
SEN_0368,32.29,21.71,88.62,235.71,4.16,10392,72.66,1
SEN_0369,86.81,79.18,297.73,216.78,4.0,14681,42.08,0
SEN_0370,42.65,97.33,224.57,213.42,1.92,1014,60.92,0
SEN_0371,65.54,92.08,201.49,232.86,2.79,8672,70.12,0
SEN_0372,89.75,65.92,315.57,224.92,3.95,552,83.37,1
SEN_0373,83.03,112.68,188.77,233.7,2.93,13100,82.17,0
SEN_0374,79.33,145.8,308.25,218.91,1.3,3107,58.04,1
SEN_0375,86.15,40.64,284.9,224.07,1.95,7328,90.15,0
SEN_0376,70.22,129.64,93.78,233.34,3.04,1900,48.39,0
SEN_0377,78.73,83.88,235.27,220.76,2.2,12256,50.95,0
SEN_0378,47.73,84.05,293.02,239.35,0.83,14208,58.34,0
SEN_0379,76.73,167.87,234.88,217.41,1.88,5919,49.63,1
SEN_0380,49.71,166.46,190.06,216.78,1.03,13604,80.43,0
SEN_0381,53.39,26.54,316.56,227.05,2.62,5355,49.58,0
SEN_0382,22.5,22.42,283.44,225.79,3.02,2215,72.31,1
SEN_0383,72.13,143.8,197.56,231.79,2.57,10457,48.77,1
SEN_0384,25.63,95.53,261.14,237.96,3.8,5315,82.96,0
SEN_0385,63.02,62.78,198.33,215.19,3.72,13900,54.93,0
SEN_0386,21.7,19.43,193.18,217.96,1.27,1478,66.47,0
SEN_0387,52.74,11.54,217.2,229.84,0.94,3220,92.07,0
SEN_0388,67.95,175.32,260.59,226.24,4.49,5568,52.8,0
SEN_0389,69.42,142.88,115.03,218.37,0.19,219,50.42,1
SEN_0390,88.12,129.18,262.22,219.61,1.79,2748,74.36,0
SEN_0391,64.69,40.24,113.35,235.11,0.75,3144,61.39,0
SEN_0392,63.76,145.65,132.54,236.02,3.92,7751,47.47,0
SEN_0393,66.06,77.98,95.73,210.86,2.07,14060,47.45,0
SEN_0394,67.84,90.02,90.35,224.6,4.75,9061,49.14,0
SEN_0395,72.52,170.11,244.2,228.86,1.58,2802,81.58,0
SEN_0396,48.82,133.27,188.64,221.76,4.32,508,50.36,0
SEN_0397,61.05,123.24,102.09,230.07,4.43,12381,43.5,1
SEN_0398,88.31,95.32,282.91,235.49,2.92,8935,70.99,0
SEN_0399,90.42,60.5,92.78,235.53,3.92,13632,66.24,1
SEN_0400,33.02,118.61,151.43,225.67,2.02,8682,50.07,0
SEN_0401,83.74,175.45,179.34,224.27,2.48,13114,80.13,1
SEN_0402,78.43,87.88,258.17,239.24,4.06,13087,66.98,0
SEN_0403,40.74,28.69,290.56,236.97,3.88,13344,62.47,0
SEN_0404,22.93,128.46,165.3,215.04,3.74,1013,78.46,0
SEN_0405,29.06,91.77,187.8,230.24,4.41,11882,94.26,0
SEN_0406,37.35,50.01,195.55,227.24,3.1,4661,46.78,0
SEN_0407,43.6,127.44,206.98,215.4,0.52,7587,72.62,0
SEN_0408,65.97,168.75,100.48,211.81,4.63,7206,79.74,0
SEN_0409,38.56,123.79,245.53,224.42,1.68,7861,85.69,0
SEN_0410,74.36,131.03,282.5,230.61,1.25,12963,63.54,0
SEN_0411,40.2,137.73,286.69,218.09,1.03,417,49.36,0
SEN_0412,40.71,100.88,278.61,227.47,0.68,1071,71.39,0
SEN_0413,75.54,173.55,165.74,234.64,1.7,6328,47.19,1
SEN_0414,67.95,73.89,279.33,217.14,3.15,13896,74.02,0
SEN_0415,84.03,144.23,168.65,211.92,1.35,13254,93.66,0
SEN_0416,57.35,44.71,230.29,238.71,3.91,11113,74.73,0
SEN_0417,71.56,119.24,302.42,221.08,2.83,8799,42.21,0
SEN_0418,92.28,114.76,133.75,214.55,0.86,6945,88.34,0
SEN_0419,35.55,71.3,263.91,234.12,4.48,14319,48.94,1
SEN_0420,58.42,103.14,171.27,230.52,1.52,7258,80.68,0
SEN_0421,78.72,101.49,137.9,216.26,0.39,3683,40.07,0
SEN_0422,79.67,120.06,253.09,213.95,4.72,9059,47.29,0
SEN_0423,85.49,82.32,110.59,210.45,2.96,13885,41.68,0
SEN_0424,74.54,13.03,171.22,220.46,0.14,6472,64.56,0
SEN_0425,75.79,68.14,251.84,213.51,1.06,6999,76.7,0
SEN_0426,86.43,163.76,166.78,231.77,0.79,11261,87.65,1
SEN_0427,40.01,105.3,294.74,210.02,3.87,8114,46.84,0
SEN_0428,23.27,125.42,310.24,227.58,4.83,305,63.79,1
SEN_0429,26.69,150.86,112.46,230.04,0.21,12959,77.08,1
SEN_0430,25.19,108.48,236.99,216.25,1.31,5815,90.51,0
SEN_0431,46.83,74.13,171.71,234.37,0.32,13647,51.71,0
SEN_0432,33.34,13.05,179.25,224.94,4.23,11047,89.8,0
SEN_0433,71.61,36.06,83.39,239.44,3.67,14237,73.87,0
SEN_0434,24.57,111.7,143.7,239.7,0.83,6440,61.45,0
SEN_0435,26.25,93.62,218.86,224.52,4.43,14834,53.77,0
SEN_0436,22.1,15.9,102.37,237.55,3.52,13814,93.12,0
SEN_0437,55.77,172.56,235.46,227.42,2.38,6188,92.24,1
SEN_0438,45.66,150.72,208.65,222.43,4.68,4637,63.87,0
SEN_0439,55.6,173.89,109.98,212.63,2.82,13196,84.07,1
SEN_0440,76.59,122.12,309.32,220.81,4.55,14830,51.09,0
SEN_0441,89.54,84.54,221.1,213.84,3.2,14310,43.3,0
SEN_0442,23.07,145.19,252.23,233.55,0.79,10838,61.59,0
SEN_0443,82.09,71.98,202.0,216.72,3.04,14870,76.28,0
SEN_0444,44.1,97.61,210.21,232.51,4.54,3070,64.73,0
SEN_0445,49.65,119.5,159.25,219.02,1.58,12338,77.03,0
SEN_0446,34.2,31.26,157.08,210.76,1.87,10213,76.94,0
SEN_0447,39.21,27.66,90.72,223.29,1.99,1169,92.92,0
SEN_0448,44.83,148.66,266.86,210.74,0.75,3758,55.02,1
SEN_0449,85.5,142.82,143.93,217.41,2.66,5794,41.09,1
SEN_0450,49.82,171.5,275.52,223.81,1.46,10948,45.75,0
SEN_0451,90.07,48.08,145.49,220.57,2.93,12670,68.49,0
SEN_0452,37.0,42.76,193.81,218.77,3.48,12588,57.13,0
SEN_0453,77.94,172.87,268.91,219.62,2.85,12060,57.69,0
SEN_0454,93.07,164.83,202.03,210.3,2.72,2135,55.11,1
SEN_0455,49.73,115.24,279.51,214.59,4.14,3281,62.12,0
SEN_0456,45.84,22.29,275.96,229.18,4.98,12075,40.78,0
SEN_0457,85.15,136.86,175.25,220.14,2.46,3467,47.09,0
SEN_0458,62.48,176.94,272.99,237.13,0.61,11446,44.46,0
SEN_0459,54.49,45.33,95.92,212.83,1.2,11949,81.69,0
SEN_0460,33.06,155.54,269.91,238.0,2.87,2552,69.14,0
SEN_0461,61.78,68.16,220.23,233.17,1.19,14674,76.96,0
SEN_0462,25.02,21.72,227.79,224.99,0.11,11547,62.0,0
SEN_0463,91.21,123.51,262.31,219.62,3.26,6935,43.01,0
SEN_0464,37.76,36.93,212.92,210.21,4.19,8076,56.88,0
SEN_0465,31.98,157.65,223.26,211.46,0.39,5432,91.65,1
SEN_0466,34.46,95.7,274.97,214.7,4.32,12466,76.78,0
SEN_0467,73.96,78.63,88.23,211.51,4.79,3531,52.63,0
SEN_0468,39.28,143.49,107.86,238.48,2.09,6338,77.05,1
SEN_0469,43.81,129.46,194.47,213.97,4.63,9905,51.21,0
SEN_0470,55.76,66.95,204.62,217.35,1.25,12690,44.16,0
SEN_0471,26.87,108.47,116.96,220.88,2.84,14772,41.67,0
SEN_0472,84.1,76.31,222.99,214.38,0.59,4211,49.1,0
SEN_0473,84.83,119.87,233.35,229.34,0.98,13118,51.72,0
SEN_0474,36.72,33.57,301.58,217.61,1.91,9231,85.53,0
SEN_0475,51.55,102.98,196.62,223.11,1.41,6321,92.93,0
SEN_0476,33.12,144.76,149.39,221.94,3.84,1855,41.49,1
SEN_0477,27.72,14.63,257.43,237.53,0.15,7121,76.29,0
SEN_0478,77.74,67.12,115.65,232.43,4.64,6287,59.71,0
SEN_0479,65.96,141.85,134.65,224.68,0.77,4003,76.44,0
SEN_0480,79.06,158.04,307.5,239.08,3.22,10149,87.51,0
SEN_0481,72.58,123.18,296.21,236.1,3.77,3999,54.41,0
SEN_0482,23.41,16.38,277.16,235.37,2.75,4733,49.05,0
SEN_0483,32.52,142.14,145.97,231.48,1.13,6472,46.2,1
SEN_0484,40.36,101.8,95.23,231.58,1.22,10045,83.26,0
SEN_0485,79.41,32.64,124.54,212.48,5.0,12264,80.55,0
SEN_0486,55.12,174.54,242.45,236.71,0.43,13762,63.1,1
SEN_0487,38.31,159.32,94.1,215.54,0.92,7242,89.94,0
SEN_0488,36.64,178.63,232.89,227.13,3.74,2556,70.49,0
SEN_0489,74.55,127.88,152.75,210.14,1.93,5081,76.32,0
SEN_0490,36.55,146.43,209.91,237.01,2.39,1492,52.13,0
SEN_0491,88.07,66.9,104.15,230.96,2.68,8441,80.81,1
SEN_0492,24.04,122.55,116.06,228.01,1.05,10417,53.54,0
SEN_0493,47.77,27.19,95.16,238.74,1.7,8421,94.42,0
SEN_0494,83.16,56.93,125.22,233.09,1.55,1028,84.05,0
SEN_0495,48.26,160.63,303.86,232.34,2.93,13081,62.46,0
SEN_0496,87.47,25.0,282.03,212.39,1.07,8292,92.85,1
SEN_0497,62.53,148.53,249.55,210.02,3.47,6140,52.44,0
SEN_0498,44.39,60.01,236.87,229.24,3.9,9144,89.5,0
SEN_0499,68.7,49.34,107.69,216.83,0.34,11046,62.31,0
SEN_0500,58.55,29.47,123.94,215.95,4.74,8530,80.22,0
SEN_0501,21.35,13.43,165.81,216.39,2.89,3766,50.55,0
SEN_0502,92.38,10.04,103.46,221.01,0.21,11596,57.53,0
SEN_0503,60.74,77.06,108.77,236.27,1.78,2216,67.97,0
SEN_0504,21.92,109.38,303.65,212.09,2.01,3545,44.48,0
SEN_0505,56.5,128.52,234.91,233.79,3.02,1019,48.62,0
SEN_0506,49.02,92.28,89.34,212.96,0.17,13186,67.06,1
SEN_0507,30.82,151.26,145.64,232.1,4.86,12245,69.83,0
SEN_0508,60.8,30.41,268.07,231.41,3.85,4403,72.25,0
SEN_0509,78.89,31.29,167.95,235.56,3.43,11921,48.94,0
SEN_0510,38.16,79.07,319.54,233.09,3.14,6874,51.03,0
SEN_0511,94.56,156.56,209.71,226.13,0.25,577,41.72,0
SEN_0512,32.07,170.14,117.37,224.61,3.59,7409,72.44,0
SEN_0513,92.27,169.9,169.85,210.24,4.38,5662,89.62,1
SEN_0514,36.0,34.64,130.43,224.53,3.72,14528,50.47,0
SEN_0515,40.97,175.14,195.73,213.43,1.85,9383,41.48,0
SEN_0516,32.46,179.05,182.3,236.5,2.3,9292,50.51,0
SEN_0517,42.45,14.69,80.61,211.79,3.04,11854,88.11,0
SEN_0518,75.99,24.22,213.46,214.72,3.16,3087,81.51,0
SEN_0519,47.3,72.87,244.34,229.41,2.19,13741,90.27,0
SEN_0520,93.9,154.46,117.41,236.33,0.33,10938,56.96,0
SEN_0521,56.9,25.91,311.0,225.08,2.76,7851,65.2,0
SEN_0522,78.02,85.55,102.45,233.91,2.03,2041,92.48,0
SEN_0523,67.54,16.58,154.35,224.82,3.8,3835,60.36,0
SEN_0524,43.8,54.47,301.9,237.17,2.98,8155,75.54,0
SEN_0525,90.7,37.37,279.68,222.48,4.96,9760,58.19,1
SEN_0526,30.66,62.66,184.3,228.44,1.21,13973,51.48,0
SEN_0527,73.24,88.35,90.49,225.37,0.24,3826,89.25,0
SEN_0528,68.61,155.84,262.06,222.55,1.75,10753,44.11,0
SEN_0529,88.65,38.31,99.99,225.8,1.8,3823,86.58,1
SEN_0530,28.53,121.28,115.85,235.7,4.91,1793,82.78,0
SEN_0531,32.23,155.48,264.25,216.12,1.36,4282,85.28,1
SEN_0532,50.9,85.31,216.67,232.09,1.06,7504,82.38,0
SEN_0533,39.04,58.24,318.83,239.83,2.14,14473,49.63,1
SEN_0534,65.35,139.04,227.59,212.63,1.92,11242,73.97,0
SEN_0535,22.89,74.44,237.28,232.41,4.28,7842,67.61,0
SEN_0536,93.01,106.89,126.16,216.67,0.57,4571,77.56,1
SEN_0537,26.49,118.92,129.35,236.3,3.28,8104,52.44,0
SEN_0538,35.95,60.93,290.84,232.2,0.34,10612,44.73,0
SEN_0539,28.34,160.27,176.13,212.19,4.34,11061,64.75,0
SEN_0540,54.73,10.11,141.31,221.33,2.64,8085,41.04,0
SEN_0541,65.81,35.95,235.18,230.91,1.73,3222,91.77,0
SEN_0542,72.8,149.53,239.15,232.1,3.32,7037,75.78,0
SEN_0543,39.85,97.53,101.44,215.52,4.79,4259,44.83,0
SEN_0544,51.27,140.46,285.56,210.99,0.41,14674,41.66,1
SEN_0545,44.27,27.68,119.94,234.39,1.53,13621,67.04,0
SEN_0546,55.0,138.41,106.57,227.57,0.82,7403,75.92,0
SEN_0547,43.85,41.46,204.09,216.93,3.99,8106,93.8,0
SEN_0548,22.24,109.39,143.21,233.88,4.23,10135,79.19,0
SEN_0549,61.05,91.54,122.54,228.33,1.33,10078,93.59,0
SEN_0550,89.65,37.71,96.4,224.27,1.61,13410,57.98,0
SEN_0551,65.31,118.91,277.89,238.22,2.56,5882,50.99,0
SEN_0552,20.84,172.39,178.88,232.07,0.28,2437,46.15,0
SEN_0553,72.31,24.87,168.93,218.78,3.43,4649,69.58,0
SEN_0554,88.33,63.15,103.09,226.45,1.07,14764,43.2,1
SEN_0555,26.43,96.12,95.73,224.88,0.21,8004,74.19,0
SEN_0556,82.22,141.0,130.47,232.63,3.22,13596,51.73,1
SEN_0557,47.18,32.88,91.92,239.84,4.5,1492,72.4,0
SEN_0558,73.59,52.59,165.64,217.12,4.35,14711,62.52,1
SEN_0559,57.02,177.23,237.68,234.17,2.93,11716,51.1,1
SEN_0560,81.59,142.07,309.21,227.7,0.7,1678,85.43,0
SEN_0561,39.16,101.78,289.37,231.94,1.18,3390,73.24,0
SEN_0562,33.07,179.52,110.92,238.23,3.98,9472,74.41,0
SEN_0563,74.6,99.22,207.47,233.46,3.84,3295,74.43,0
SEN_0564,78.78,160.18,99.57,226.08,2.18,14839,65.35,0
SEN_0565,57.48,149.01,174.58,226.02,2.72,7444,72.37,0
SEN_0566,55.69,150.2,301.17,220.84,3.75,5455,70.47,1
SEN_0567,64.89,120.87,146.67,219.95,1.64,12359,80.55,0
SEN_0568,60.67,72.32,165.01,233.61,0.4,11062,60.75,0
SEN_0569,64.48,106.73,132.61,235.02,2.31,13122,87.43,0
SEN_0570,55.97,102.32,93.81,220.04,3.09,8327,68.16,0
SEN_0571,48.32,147.87,278.33,216.03,4.01,7012,81.32,0
SEN_0572,87.29,114.67,177.95,231.02,2.36,10209,58.77,0
SEN_0573,46.3,116.01,235.26,221.49,1.54,8981,50.85,0
SEN_0574,88.37,170.74,101.63,220.91,2.38,8123,47.69,1
SEN_0575,54.08,66.29,207.24,211.86,0.73,12806,51.16,0
SEN_0576,80.86,113.28,275.07,223.6,2.0,5719,68.87,0
SEN_0577,66.98,179.43,216.84,216.47,4.76,4358,78.66,1
SEN_0578,40.03,42.19,283.59,210.35,1.25,7896,68.1,0
SEN_0579,92.01,70.52,295.17,222.32,4.29,9436,89.69,1
SEN_0580,40.85,32.84,99.74,220.39,2.74,10601,72.9,0
SEN_0581,73.28,153.84,297.8,211.1,0.58,8713,70.74,0
SEN_0582,89.59,36.85,283.83,234.45,0.93,5894,59.29,1
SEN_0583,85.04,156.04,163.36,228.15,4.39,6941,58.59,0
SEN_0584,82.52,50.16,129.5,234.57,0.19,2862,61.14,1
SEN_0585,53.12,146.2,232.08,236.35,3.95,8043,81.06,0
SEN_0586,88.11,116.1,201.04,234.23,4.22,1387,84.55,0
SEN_0587,59.4,146.64,140.06,218.46,2.88,7421,56.95,1
SEN_0588,77.01,128.92,237.15,222.74,0.64,4833,45.91,0
SEN_0589,73.49,169.57,282.11,227.66,4.77,9597,47.6,1
SEN_0590,38.94,92.8,316.9,222.77,2.49,13782,44.17,0
SEN_0591,85.44,29.68,314.35,238.22,3.43,3289,44.81,0
SEN_0592,51.75,71.81,264.07,234.73,3.06,11208,52.24,0
SEN_0593,71.38,70.15,165.54,212.58,1.09,13234,52.54,0
SEN_0594,89.44,16.58,308.53,222.15,3.62,2602,40.47,0
SEN_0595,36.31,158.2,159.29,215.53,1.07,9067,83.39,1
SEN_0596,48.65,25.33,101.93,212.66,2.35,7149,54.33,0
SEN_0597,67.34,151.06,115.5,236.1,2.28,858,56.77,1
SEN_0598,88.02,177.55,237.64,219.97,3.66,5259,87.98,1
SEN_0599,83.16,94.94,248.04,230.59,4.03,11327,83.26,0
SEN_0600,56.32,89.44,110.99,225.27,3.39,4265,69.95,0
SEN_0601,61.29,159.77,275.87,212.83,4.65,3622,51.6,0
SEN_0602,59.16,29.03,264.8,211.55,1.26,8862,41.16,0
SEN_0603,25.09,158.38,89.23,230.19,1.41,13123,61.18,0
SEN_0604,59.88,124.37,203.67,235.0,0.38,12287,90.67,1
SEN_0605,42.7,38.82,271.29,221.65,4.76,915,70.66,0
SEN_0606,32.95,49.11,254.86,233.42,3.71,8438,73.99,0
SEN_0607,34.91,179.34,134.22,232.34,2.53,1479,60.57,1
SEN_0608,61.94,118.61,250.4,210.52,2.97,1400,56.95,0
SEN_0609,55.46,82.06,238.38,230.45,3.87,12858,94.63,0
SEN_0610,62.63,35.08,240.71,218.98,0.81,11376,57.07,0
SEN_0611,59.99,93.51,140.56,226.97,4.93,13652,76.57,1
SEN_0612,38.95,46.86,114.38,215.45,2.64,7316,43.05,0
SEN_0613,94.3,20.23,185.47,233.21,4.18,6176,76.18,1
SEN_0614,55.12,85.83,292.79,213.28,3.43,12746,51.55,0
SEN_0615,71.62,82.74,105.95,214.46,2.59,7212,86.72,0
SEN_0616,90.87,162.87,170.65,234.87,0.3,6389,71.29,0
SEN_0617,23.46,68.54,118.7,235.06,2.72,5891,40.34,0
SEN_0618,38.37,90.0,223.14,215.29,4.92,8271,50.79,0
SEN_0619,83.48,14.48,166.03,232.54,3.04,1569,52.6,1
SEN_0620,59.39,148.27,250.92,220.38,0.34,4379,63.93,1
SEN_0621,55.43,163.25,300.61,221.02,0.16,8142,43.93,1
SEN_0622,23.13,66.42,245.33,212.46,4.02,14103,76.21,0
SEN_0623,63.58,32.0,86.33,239.26,3.88,10811,83.27,0
SEN_0624,56.51,44.6,162.72,226.24,0.44,11859,81.28,0
SEN_0625,38.28,135.82,246.71,211.69,1.89,2576,65.65,0
SEN_0626,43.71,65.74,292.27,226.96,1.35,6378,67.5,0
SEN_0627,43.2,58.19,314.59,228.47,2.74,9580,46.52,0
SEN_0628,52.0,144.4,118.38,229.8,2.14,5092,47.61,0
SEN_0629,40.58,135.75,121.76,238.91,0.31,1129,48.37,0
SEN_0630,85.38,42.92,220.92,228.4,2.97,11341,92.35,1
SEN_0631,38.84,166.17,145.35,217.42,3.86,2507,68.13,0
SEN_0632,60.33,164.0,203.89,213.16,1.05,2455,81.22,1
SEN_0633,34.73,52.09,209.31,226.37,2.66,6333,63.41,0
SEN_0634,28.41,131.75,289.06,236.0,3.25,14597,82.24,1
SEN_0635,93.47,81.65,247.09,213.59,2.26,8288,57.51,0
SEN_0636,44.63,143.66,309.2,237.06,0.45,13117,74.88,0
SEN_0637,57.03,75.78,255.44,225.81,1.62,6030,86.02,0
SEN_0638,66.04,20.63,217.65,212.36,4.7,6119,60.36,0
SEN_0639,48.48,82.21,126.44,233.48,4.64,7311,77.74,0
SEN_0640,41.99,123.19,187.1,227.27,2.29,13471,80.23,0
SEN_0641,60.74,121.86,289.67,239.67,3.66,1384,86.71,0
SEN_0642,48.32,91.99,212.96,211.59,2.54,12510,62.73,0
SEN_0643,62.72,91.61,207.63,217.72,3.57,6543,66.97,0
SEN_0644,33.41,116.59,300.24,213.94,1.89,7821,47.81,0
SEN_0645,90.89,106.18,263.42,213.03,0.97,9608,48.69,0
SEN_0646,83.72,123.86,120.42,238.95,2.44,7156,64.37,1
SEN_0647,26.24,155.41,282.54,234.06,0.5,5867,41.96,1
SEN_0648,37.72,93.69,106.53,237.04,0.86,7261,45.12,0
SEN_0649,31.21,166.89,146.12,211.06,1.33,6336,52.51,1
SEN_0650,65.33,22.73,308.12,232.44,1.72,10894,85.54,0
SEN_0651,69.96,168.24,189.74,233.81,0.34,10998,86.65,1
SEN_0652,26.88,50.08,88.15,239.07,3.89,5960,85.93,0
SEN_0653,51.49,59.6,129.21,235.66,0.89,11775,79.43,0
SEN_0654,92.3,31.11,201.89,217.37,1.69,1806,61.64,0
SEN_0655,56.29,65.93,240.5,224.86,4.6,107,87.89,0
SEN_0656,59.81,78.0,210.51,215.34,4.04,382,59.46,0
SEN_0657,62.32,119.83,220.55,235.02,2.13,12682,61.7,0
SEN_0658,42.42,30.27,224.59,228.95,3.51,14592,80.55,0
SEN_0659,80.9,81.62,269.17,230.95,2.63,8631,58.52,1
SEN_0660,22.58,125.11,126.99,239.08,1.68,12466,41.04,0
SEN_0661,48.1,12.34,248.01,214.56,1.7,502,81.06,0
SEN_0662,32.75,105.36,308.44,223.21,3.95,11672,51.89,0
SEN_0663,25.75,138.92,187.53,234.83,3.46,12416,46.63,0
SEN_0664,67.36,174.05,230.61,229.74,2.75,11426,71.19,0
SEN_0665,87.2,89.91,216.73,225.29,2.73,7672,76.56,0
SEN_0666,29.74,36.2,105.46,219.53,4.21,4912,44.81,0
SEN_0667,80.81,171.17,239.22,219.77,2.62,3160,40.15,1
SEN_0668,65.34,154.31,258.38,230.18,2.03,1118,90.98,0
SEN_0669,31.41,147.5,105.61,220.63,0.78,2583,46.51,1
SEN_0670,23.05,123.17,316.53,223.65,3.2,7224,46.08,0
SEN_0671,80.97,139.4,198.63,229.05,4.34,13759,71.52,0
SEN_0672,69.46,78.74,307.92,234.57,1.26,10176,76.32,0
SEN_0673,50.98,41.38,305.89,224.5,4.11,3196,78.66,0
SEN_0674,73.67,145.24,176.73,222.31,0.69,9459,84.3,0
SEN_0675,64.5,72.02,95.7,233.9,0.35,3796,72.84,0
SEN_0676,52.28,168.8,283.69,215.34,1.76,12233,73.24,0
SEN_0677,28.81,106.58,282.04,235.64,4.23,8854,88.83,0
SEN_0678,53.36,103.9,144.71,216.25,3.46,1504,92.28,0
SEN_0679,38.59,19.0,173.01,213.36,2.44,12843,55.42,0
SEN_0680,88.62,163.66,174.23,233.73,3.78,11509,86.1,0
SEN_0681,85.47,114.2,244.0,232.65,0.64,658,81.57,0
SEN_0682,93.66,136.94,274.96,225.4,3.51,13244,70.52,1
SEN_0683,66.77,32.05,176.95,222.37,1.3,7723,84.65,0
SEN_0684,70.81,151.1,90.84,229.59,1.78,5710,61.73,0
SEN_0685,48.78,157.69,264.02,237.97,0.82,1011,50.07,0
SEN_0686,93.1,106.29,252.61,211.68,4.09,564,46.05,0
SEN_0687,79.79,64.17,197.61,229.16,4.63,13901,79.84,0
SEN_0688,68.04,14.44,204.67,215.78,1.61,4406,42.22,0
SEN_0689,46.63,74.63,127.23,216.55,1.16,11007,74.31,0
SEN_0690,85.41,38.21,314.12,213.6,2.97,12268,47.29,1
SEN_0691,33.52,43.15,277.67,221.79,4.71,1825,86.32,0
SEN_0692,27.08,11.82,120.97,238.29,1.05,404,76.24,0
SEN_0693,44.21,146.23,229.31,230.12,4.35,4779,73.86,1
SEN_0694,81.68,70.37,294.44,233.04,0.35,4218,54.87,0
SEN_0695,42.82,88.89,204.69,236.38,4.01,13558,43.33,1
SEN_0696,41.36,23.12,158.22,221.17,3.98,7311,64.07,0
SEN_0697,30.21,148.27,89.56,231.68,4.24,1261,49.29,0
SEN_0698,30.91,132.72,151.48,237.72,1.76,640,90.17,0
SEN_0699,91.25,60.62,222.7,221.88,3.8,5049,66.66,0
SEN_0700,52.6,148.46,197.88,233.55,4.64,9491,81.15,0
SEN_0701,80.62,148.04,123.62,213.35,2.59,8055,52.92,1
SEN_0702,91.91,124.28,98.14,220.43,2.7,4344,86.06,0
SEN_0703,30.08,15.02,234.88,230.36,0.42,11014,58.87,0
SEN_0704,89.68,13.68,112.58,211.15,0.86,7028,93.77,0
SEN_0705,71.88,53.78,180.68,218.3,1.81,9538,67.07,0
SEN_0706,60.67,123.82,163.39,217.7,3.01,5096,75.18,0
SEN_0707,46.05,20.15,174.35,217.79,3.53,10469,85.76,0
SEN_0708,66.58,171.57,297.49,236.1,4.89,8855,52.53,1
SEN_0709,33.03,23.78,317.56,231.7,0.68,6881,84.46,0
SEN_0710,90.31,136.65,274.25,222.68,3.5,8081,83.37,0
SEN_0711,69.47,46.78,298.05,219.44,3.76,1981,78.83,0
SEN_0712,32.18,76.7,139.15,234.1,3.31,2822,82.04,0
SEN_0713,28.14,165.79,263.91,232.4,3.48,3159,47.22,1
SEN_0714,81.02,61.0,284.82,235.02,1.33,10816,41.87,0
SEN_0715,86.03,159.26,149.29,216.97,2.41,7649,42.63,0
SEN_0716,32.7,14.22,169.27,228.69,3.28,12608,72.37,1
SEN_0717,74.59,110.99,282.62,233.31,3.09,10888,89.29,1
SEN_0718,35.0,18.88,95.04,217.85,1.01,8868,44.98,0
SEN_0719,82.1,80.25,147.9,232.88,2.78,3323,86.0,1
SEN_0720,62.01,105.0,80.09,222.46,1.94,4534,44.1,0
SEN_0721,70.81,45.19,217.0,221.31,3.19,10259,61.82,0
SEN_0722,67.26,37.87,201.46,221.07,4.22,3144,45.82,0
SEN_0723,46.54,20.67,103.91,234.17,3.09,11358,75.54,0
SEN_0724,84.08,174.88,284.18,222.96,2.58,11167,41.34,0
SEN_0725,66.44,175.02,182.65,231.17,1.3,7967,43.66,1
SEN_0726,29.41,48.04,177.83,220.0,3.6,110,58.66,0
SEN_0727,39.48,144.32,113.25,233.03,1.61,8574,73.33,0
SEN_0728,81.63,116.82,278.66,226.93,0.44,12276,50.79,1
SEN_0729,45.39,27.82,184.16,219.87,0.54,617,64.34,0
SEN_0730,55.29,61.95,173.74,217.37,1.47,10314,75.62,0
SEN_0731,21.77,154.71,96.56,237.1,1.8,1726,65.29,0
SEN_0732,31.18,17.05,319.13,235.78,0.52,5927,82.98,0
SEN_0733,66.45,30.87,88.25,233.09,3.78,12615,75.64,0
SEN_0734,57.44,19.36,223.38,221.68,0.31,7554,80.34,0
SEN_0735,24.86,89.95,106.54,235.73,4.73,8415,78.46,0
SEN_0736,28.04,24.84,120.01,236.39,4.06,3674,85.78,0
SEN_0737,84.28,60.14,143.38,215.71,2.39,3811,42.91,0
SEN_0738,88.66,12.83,212.06,239.61,4.45,10960,62.41,0
SEN_0739,89.25,11.79,141.0,225.36,4.06,13446,66.58,0
SEN_0740,44.22,83.32,253.12,226.98,0.54,12362,85.56,0
SEN_0741,67.41,29.98,238.18,214.05,4.24,10447,79.0,1
SEN_0742,73.77,53.33,303.78,220.36,0.11,1835,92.02,1
SEN_0743,60.19,48.05,102.58,211.65,1.99,14331,42.3,0
SEN_0744,43.4,52.43,234.86,211.82,4.97,4581,44.33,0
SEN_0745,81.78,77.69,215.9,238.2,2.94,2337,50.7,0
SEN_0746,49.92,138.84,84.84,221.21,3.41,8642,94.46,0
SEN_0747,47.46,59.99,140.47,238.17,0.52,5461,82.45,0
SEN_0748,74.27,34.91,231.22,214.72,2.46,12673,55.72,0
SEN_0749,71.74,144.63,236.73,210.92,4.55,5625,63.26,0
SEN_0750,84.1,131.68,186.23,217.07,4.38,10762,94.18,1
SEN_0751,78.65,164.87,304.76,225.37,0.27,2547,87.83,1
SEN_0752,85.37,55.5,160.23,223.28,3.29,5769,88.06,1
SEN_0753,25.57,121.59,147.85,235.42,3.18,6739,93.2,0
SEN_0754,48.87,12.76,197.69,217.16,0.62,3088,41.4,0
SEN_0755,92.19,94.85,195.61,220.22,1.23,4026,66.47,0
SEN_0756,70.18,162.2,299.83,225.97,1.2,4126,85.03,0
SEN_0757,35.35,93.26,88.58,228.72,2.47,9378,63.09,0
SEN_0758,71.62,150.35,127.56,223.83,4.43,7360,41.98,1
SEN_0759,28.06,145.63,208.47,227.54,1.34,14358,94.59,1
SEN_0760,55.27,169.27,169.05,226.08,3.35,4684,53.79,1
SEN_0761,54.88,125.31,307.96,221.49,4.85,3735,40.23,0
SEN_0762,56.61,121.63,140.68,217.06,1.67,9408,46.96,0
SEN_0763,53.45,167.29,194.53,238.26,1.77,12264,91.61,0
SEN_0764,75.79,53.43,205.71,214.77,1.48,8217,55.07,0
SEN_0765,45.14,48.65,234.47,222.96,0.35,3852,59.67,1
SEN_0766,94.56,125.05,113.35,211.84,1.5,8615,54.03,0
SEN_0767,52.48,66.0,187.21,225.63,2.55,13035,71.54,0
SEN_0768,92.3,167.46,309.61,221.39,1.77,2706,43.26,1
SEN_0769,52.41,150.95,105.83,219.84,4.93,9622,84.85,0
SEN_0770,27.0,152.76,176.32,234.59,3.83,7673,67.34,1
SEN_0771,60.11,120.93,118.09,217.64,4.09,5516,76.69,0
SEN_0772,57.53,79.3,136.12,231.93,3.12,13604,78.01,0
SEN_0773,71.48,37.21,290.5,223.93,1.71,13303,43.58,1
SEN_0774,40.22,147.13,207.21,227.28,3.7,13428,72.28,1
SEN_0775,54.91,71.38,296.02,233.31,0.22,1959,56.58,0
SEN_0776,61.43,157.29,159.08,236.68,3.29,11729,69.62,1
SEN_0777,74.36,19.96,139.86,217.16,1.55,7540,56.0,0
SEN_0778,21.55,89.37,151.18,222.67,1.14,12006,45.04,0
SEN_0779,31.4,34.03,157.94,229.47,1.31,12946,45.74,0
SEN_0780,56.68,109.5,259.63,213.71,0.95,13409,75.43,0
SEN_0781,32.89,80.02,88.19,214.95,3.67,6493,85.89,0
SEN_0782,37.39,150.34,108.95,218.8,0.56,10705,77.54,1
SEN_0783,56.51,70.53,241.47,215.14,1.8,2778,64.67,0
SEN_0784,34.55,124.25,209.24,236.69,1.88,674,63.48,0
SEN_0785,90.09,136.99,133.57,216.47,1.95,11548,82.65,0
SEN_0786,29.83,56.48,316.95,235.62,2.52,10776,58.44,1
SEN_0787,46.67,54.16,189.48,219.34,4.13,5803,73.04,0
SEN_0788,84.26,31.49,156.36,231.61,3.2,9893,44.5,1
SEN_0789,78.42,56.86,100.8,224.49,3.89,7918,55.12,0
SEN_0790,90.11,31.35,114.12,228.08,0.33,3371,73.1,0
SEN_0791,55.41,146.7,245.3,216.61,4.93,9489,57.89,1
SEN_0792,34.87,20.18,105.1,211.2,2.74,14463,88.71,0
SEN_0793,57.42,111.26,82.44,221.09,1.64,13402,48.11,0
SEN_0794,77.74,87.08,182.9,230.78,1.38,6787,51.92,0
SEN_0795,82.16,18.22,164.14,229.67,0.96,11415,92.77,0
SEN_0796,58.15,166.49,172.6,237.07,1.76,12077,51.98,0
SEN_0797,36.06,53.74,122.1,230.98,1.09,9015,62.88,0
SEN_0798,25.59,97.03,134.67,220.64,4.01,9736,55.91,0
SEN_0799,52.82,166.02,246.73,215.85,4.99,2085,64.51,0
SEN_0800,34.7,65.09,198.34,221.63,0.38,14044,55.08,0
SEN_0801,28.76,57.74,319.53,210.61,3.69,654,65.66,0
SEN_0802,31.88,126.8,177.59,210.87,1.76,3222,42.91,0
SEN_0803,30.88,30.59,85.79,236.68,1.19,13767,42.35,0
SEN_0804,89.11,168.84,113.68,210.7,1.34,14966,91.01,1
SEN_0805,51.3,151.55,294.79,229.99,3.27,7800,85.17,1
SEN_0806,70.18,94.54,216.67,220.19,3.43,8298,79.69,0
SEN_0807,65.13,115.22,243.68,211.61,3.25,6130,59.97,0
SEN_0808,70.41,27.39,157.5,216.29,4.61,13640,89.45,0
SEN_0809,79.99,132.6,167.47,214.97,3.48,4906,76.77,0
SEN_0810,25.8,13.44,172.42,227.66,2.7,13375,45.32,1
SEN_0811,30.84,34.63,216.27,223.56,0.12,4473,51.79,0
SEN_0812,54.88,27.07,310.87,228.86,4.52,5605,58.16,0
SEN_0813,38.84,88.66,136.01,232.24,0.25,2460,83.1,0
SEN_0814,22.98,89.66,258.55,222.13,2.81,3428,91.04,0
SEN_0815,73.6,119.86,269.52,211.01,0.55,10125,54.3,0
SEN_0816,65.11,175.17,166.75,217.37,1.63,9284,40.35,0
SEN_0817,35.87,37.95,85.17,236.05,2.72,2178,51.2,0
SEN_0818,25.25,134.72,134.51,231.41,3.08,2866,56.32,0
SEN_0819,34.38,131.5,226.05,219.87,2.0,12706,86.35,0
SEN_0820,52.5,175.17,220.73,235.5,3.45,13799,59.36,1
SEN_0821,42.52,28.47,160.72,212.75,3.67,1912,42.65,0
SEN_0822,27.99,36.0,169.15,235.38,2.2,6588,66.38,0
SEN_0823,32.94,154.93,81.96,216.64,2.85,10975,66.09,0
SEN_0824,41.48,69.62,222.71,210.83,3.52,999,94.67,0
SEN_0825,93.29,28.11,259.11,214.15,3.77,9889,60.83,0
SEN_0826,64.25,97.68,206.42,217.47,0.69,5901,64.18,0
SEN_0827,56.76,49.29,170.77,239.15,2.46,12745,75.86,0
SEN_0828,39.3,145.75,160.54,218.2,4.69,10463,77.23,1
SEN_0829,74.28,88.57,86.6,231.85,1.9,1100,84.03,0
SEN_0830,61.75,54.73,166.34,222.52,1.34,7659,63.36,0
SEN_0831,71.0,126.23,234.21,211.66,2.25,2147,86.08,0
SEN_0832,32.77,117.59,263.31,223.49,4.77,12867,93.89,0
SEN_0833,51.38,55.04,287.03,224.17,1.01,6229,83.39,0
SEN_0834,86.97,166.52,92.73,228.72,2.42,10422,76.49,1
SEN_0835,47.5,143.78,89.1,237.85,4.03,7374,90.5,0
SEN_0836,78.66,147.39,260.03,239.89,2.91,1954,65.81,1
SEN_0837,64.61,132.22,250.1,216.94,1.65,1840,75.42,0
SEN_0838,92.45,20.16,284.1,212.9,1.75,5427,82.37,1
SEN_0839,80.12,175.39,81.11,217.37,1.78,695,75.12,1
SEN_0840,60.45,95.91,263.38,220.49,2.92,11039,41.32,1
SEN_0841,30.28,172.22,118.58,237.05,1.58,4862,73.81,0
SEN_0842,23.4,108.81,218.25,235.12,2.02,8025,94.21,0
SEN_0843,62.33,148.67,133.92,212.07,2.27,10152,64.7,0
SEN_0844,69.13,160.79,276.4,222.65,1.84,7099,67.39,0
SEN_0845,52.98,176.02,231.52,226.93,4.63,2017,79.72,0
SEN_0846,36.47,44.04,126.31,220.4,2.76,6242,69.21,0
SEN_0847,80.18,52.96,171.24,222.67,1.33,7175,43.2,0
SEN_0848,42.36,95.6,107.91,237.36,0.98,8382,90.57,0
SEN_0849,89.21,33.88,200.25,236.25,0.93,9733,75.06,0
SEN_0850,28.63,45.59,314.59,228.42,4.7,8888,64.28,0
SEN_0851,43.0,46.13,226.28,231.87,2.81,6169,64.36,0
SEN_0852,45.16,17.81,151.04,232.74,0.56,435,61.62,0
SEN_0853,33.56,112.69,298.87,211.2,1.17,3204,62.94,0
SEN_0854,40.23,138.02,125.3,221.17,2.03,9945,83.71,0
SEN_0855,37.92,155.6,270.44,219.84,4.51,257,85.96,1
SEN_0856,92.78,173.03,241.58,224.64,0.38,2428,61.93,0
SEN_0857,87.95,156.08,231.29,220.34,2.45,10083,69.53,1
SEN_0858,20.23,46.63,187.18,212.69,2.19,1010,94.24,0
SEN_0859,74.65,14.92,284.0,213.4,3.95,11467,69.19,1
SEN_0860,85.85,83.85,251.98,219.76,1.36,10508,57.03,0
SEN_0861,22.47,142.87,163.63,211.5,3.23,2144,49.93,1
SEN_0862,88.1,108.29,98.78,227.84,2.25,8156,62.12,0
SEN_0863,45.75,89.95,168.76,231.59,1.05,8937,61.97,0
SEN_0864,36.98,90.88,87.53,227.82,2.16,9454,42.54,0
SEN_0865,83.69,152.53,287.79,236.42,4.76,9485,55.65,1
SEN_0866,61.24,88.34,178.09,232.98,1.88,3402,90.5,0
SEN_0867,48.32,39.4,89.34,226.4,4.63,10449,89.74,0
SEN_0868,55.6,110.31,241.04,234.2,2.62,282,54.15,0
SEN_0869,72.89,89.48,168.13,233.02,1.53,10536,75.1,0
SEN_0870,88.12,75.31,255.69,213.47,1.09,3844,40.93,1
SEN_0871,56.69,56.15,284.38,233.35,3.12,13699,93.4,1
SEN_0872,56.75,22.4,80.88,211.87,1.01,4001,67.21,0
SEN_0873,22.69,163.06,226.21,234.6,3.55,13944,50.37,1
SEN_0874,38.9,134.33,318.85,226.11,2.7,11092,76.35,1
SEN_0875,45.38,80.82,127.25,238.94,4.79,11466,86.3,0
SEN_0876,21.45,167.91,169.32,222.49,0.24,4289,75.12,0
SEN_0877,63.04,132.12,141.65,233.47,4.02,5883,79.94,0
SEN_0878,86.97,108.36,283.27,229.22,3.98,12220,60.75,1
SEN_0879,63.28,20.46,205.99,223.85,4.77,3615,51.31,0
SEN_0880,61.12,52.56,264.26,223.19,2.14,9916,58.67,0
SEN_0881,69.1,161.05,109.54,238.21,4.88,1585,70.86,1
SEN_0882,71.39,130.07,108.09,230.01,3.54,1015,93.48,0
SEN_0883,63.51,55.17,273.94,215.25,3.12,10290,52.06,1
SEN_0884,53.4,52.75,213.78,234.22,2.24,5784,77.0,0
SEN_0885,36.75,126.36,96.33,215.5,3.19,5966,93.0,0
SEN_0886,61.34,112.4,189.02,237.47,0.39,7593,60.27,0
SEN_0887,86.55,48.71,151.79,233.55,2.52,7191,84.89,0
SEN_0888,85.85,26.01,185.73,236.93,3.39,1694,71.37,1
SEN_0889,52.74,41.4,146.11,211.24,1.87,2908,86.75,0
SEN_0890,92.28,132.72,101.73,225.16,2.74,12526,88.06,0
SEN_0891,20.88,146.17,223.17,219.63,4.7,4171,60.48,0
SEN_0892,27.96,116.19,185.35,227.58,1.57,3045,65.56,0
SEN_0893,46.74,160.41,194.88,229.2,4.49,12589,85.19,1
SEN_0894,89.2,172.13,315.65,224.82,1.01,5426,43.22,1
SEN_0895,28.71,119.04,306.45,236.89,1.49,3014,58.19,0
SEN_0896,66.94,59.77,258.53,226.45,4.33,11018,55.92,0
SEN_0897,45.4,105.72,236.0,222.78,2.56,4740,88.33,0
SEN_0898,44.68,15.38,122.43,215.42,4.53,2336,80.64,0
SEN_0899,64.85,62.1,197.15,216.54,4.63,11562,51.1,0
SEN_0900,71.17,87.78,169.04,213.28,4.15,5724,69.77,0
SEN_0901,34.63,152.11,251.26,220.24,4.26,233,48.67,0
SEN_0902,83.93,27.73,148.45,221.2,2.66,13900,50.6,0
SEN_0903,93.95,164.1,298.3,217.47,1.04,8502,83.97,0
SEN_0904,24.02,111.65,205.0,229.35,1.72,2893,65.9,0
SEN_0905,71.42,71.84,239.87,211.64,4.07,8106,77.34,0
SEN_0906,63.5,134.15,280.14,233.43,1.02,7781,54.89,1
SEN_0907,58.14,148.13,218.82,229.52,4.87,5889,40.08,0
SEN_0908,52.66,164.57,245.04,216.31,1.91,3370,73.96,0
SEN_0909,94.67,44.41,122.95,216.25,2.85,7317,42.52,1
SEN_0910,94.2,109.44,295.46,225.79,3.5,911,88.81,1
SEN_0911,60.3,88.3,235.81,234.27,2.87,8669,52.04,0
SEN_0912,71.42,22.03,146.56,230.14,0.18,13883,80.69,0
SEN_0913,55.26,136.13,247.83,228.7,2.54,8878,94.09,0
SEN_0914,51.03,153.06,125.29,229.72,4.33,3167,64.26,0
SEN_0915,61.91,39.17,238.27,214.34,2.53,14499,91.31,1
SEN_0916,29.11,141.32,138.01,235.64,2.67,11301,70.69,1
SEN_0917,81.09,150.73,139.17,223.55,1.23,2039,42.6,1
SEN_0918,80.61,110.93,317.34,219.21,2.0,11309,56.45,1
SEN_0919,27.3,160.29,153.88,235.96,0.27,11803,52.73,0
SEN_0920,88.07,96.71,249.41,211.72,3.87,312,80.04,0
SEN_0921,59.39,98.32,222.9,230.65,1.3,1198,55.39,0
SEN_0922,42.12,148.81,271.3,219.66,4.8,9814,50.19,0
SEN_0923,67.36,159.43,81.67,210.98,2.54,10998,78.54,0
SEN_0924,73.36,58.37,265.96,227.96,2.46,4910,49.73,0
SEN_0925,61.33,111.07,255.46,226.35,4.22,6608,61.57,0
SEN_0926,53.63,56.51,121.55,234.1,3.41,14679,66.58,0
SEN_0927,77.71,110.86,107.42,216.3,4.57,3911,64.42,0
SEN_0928,38.8,78.36,93.67,214.0,4.54,8106,67.61,0
SEN_0929,75.24,159.09,219.91,217.85,1.56,3525,49.97,0
SEN_0930,63.22,103.33,165.97,218.3,0.46,10013,81.23,0
SEN_0931,22.56,18.5,91.66,231.88,1.56,6281,93.7,0
SEN_0932,93.92,34.85,183.05,224.57,1.91,2912,89.36,0
SEN_0933,47.78,37.65,259.35,221.92,0.73,1781,84.44,0
SEN_0934,20.86,46.54,264.47,230.6,1.77,4100,88.55,0
SEN_0935,30.67,94.39,152.27,212.55,4.5,10270,41.31,0
SEN_0936,80.09,21.96,191.5,225.51,2.76,8580,49.1,0
SEN_0937,26.29,14.88,253.73,235.82,0.35,3555,62.63,0
SEN_0938,91.08,152.48,149.23,231.78,0.14,2233,81.25,0
SEN_0939,71.63,109.71,102.52,236.22,1.59,4461,52.84,0
SEN_0940,46.02,32.37,96.21,221.64,1.14,2022,85.63,0
SEN_0941,50.96,34.33,294.92,238.92,4.35,6939,40.44,0
SEN_0942,80.39,77.1,91.04,227.36,4.68,2793,43.8,0
SEN_0943,88.04,126.0,272.74,219.06,4.05,8024,80.11,0
SEN_0944,32.27,83.99,177.89,210.11,3.48,10540,64.24,1
SEN_0945,59.1,105.39,312.39,210.44,4.05,8187,47.28,0
SEN_0946,78.79,136.02,279.52,229.88,4.78,1085,66.91,0
SEN_0947,38.94,138.91,112.61,230.97,1.44,12577,80.04,0
SEN_0948,67.64,178.2,257.41,236.12,0.28,6468,91.31,0
SEN_0949,68.52,58.57,230.14,235.25,0.89,9805,55.09,0
SEN_0950,70.07,136.63,304.11,210.59,3.32,13143,90.05,0
SEN_0951,82.43,147.18,262.78,214.49,2.61,1820,55.43,1
SEN_0952,82.8,92.86,253.51,213.23,4.38,1673,58.71,0
SEN_0953,24.26,123.99,90.92,214.17,1.34,14085,59.66,0
SEN_0954,81.47,107.42,176.38,210.53,1.76,14905,40.19,1
SEN_0955,81.67,158.17,257.22,214.16,0.35,7176,90.43,1
SEN_0956,33.91,28.32,98.38,212.44,4.57,11180,46.01,0
SEN_0957,23.95,42.41,177.9,215.93,0.11,2581,86.47,0
SEN_0958,34.83,162.49,299.09,214.93,4.9,14547,58.99,0
SEN_0959,91.07,80.11,309.67,236.89,3.37,1112,78.95,0
SEN_0960,34.43,63.89,93.62,231.88,2.29,7584,67.95,0
SEN_0961,78.97,60.84,214.62,216.02,0.41,1681,90.64,0
SEN_0962,83.7,70.02,313.03,234.15,0.67,2404,56.1,1
SEN_0963,27.01,140.92,99.33,223.16,2.1,14842,63.3,1
SEN_0964,27.98,10.04,305.9,233.76,0.91,2771,84.17,1
SEN_0965,82.63,49.26,89.73,237.04,4.11,11750,91.06,1
SEN_0966,34.25,127.2,130.51,217.17,3.59,9210,41.69,0
SEN_0967,72.63,78.12,143.2,234.87,0.67,12531,65.68,0
SEN_0968,86.67,12.35,108.0,234.69,0.78,1933,49.65,0
SEN_0969,29.79,67.04,236.0,215.03,2.14,6018,54.16,0
SEN_0970,26.69,178.88,300.19,213.17,4.8,9207,49.22,0
SEN_0971,26.21,71.61,179.37,222.59,3.84,6111,75.02,0
SEN_0972,82.52,96.53,161.49,223.88,2.29,7849,87.78,1
SEN_0973,85.68,140.0,178.43,237.32,3.78,6856,40.66,0
SEN_0974,56.49,145.5,176.42,210.91,0.1,11742,71.66,0
SEN_0975,45.02,80.55,279.79,213.25,4.31,3246,78.84,0
SEN_0976,20.12,83.48,163.04,236.67,4.22,7732,91.23,0
SEN_0977,66.07,119.08,122.69,220.28,0.21,4868,72.15,0
SEN_0978,61.09,135.31,177.89,230.67,0.7,176,68.29,0
SEN_0979,53.99,112.0,127.54,210.38,0.19,5660,92.14,0
SEN_0980,85.15,59.07,149.21,233.67,1.22,14667,45.98,0
SEN_0981,43.76,57.21,161.37,236.12,0.91,1402,60.83,0
SEN_0982,58.95,112.67,137.96,235.76,4.31,12027,74.97,0
SEN_0983,60.99,40.0,232.31,221.37,1.5,4763,92.25,0
SEN_0984,51.97,55.93,169.63,233.84,4.34,593,94.32,0
SEN_0985,63.33,21.99,133.91,238.68,1.23,2281,42.66,0
SEN_0986,29.73,46.6,305.55,213.03,1.36,7286,91.41,0
SEN_0987,25.07,26.97,304.93,232.73,3.88,11593,94.7,1
SEN_0988,50.58,11.73,228.33,238.38,4.6,8056,78.7,0
SEN_0989,66.36,42.42,165.28,211.51,0.31,3004,63.34,0
SEN_0990,77.73,50.96,201.14,214.52,2.56,781,40.07,0
SEN_0991,79.17,52.59,233.11,219.68,1.56,12066,41.22,0
SEN_0992,29.99,119.47,198.79,211.39,2.02,8183,80.74,0
SEN_0993,38.26,175.18,137.21,226.95,3.12,430,58.82,1
SEN_0994,37.05,115.68,86.99,223.49,3.02,14660,77.44,0
SEN_0995,52.06,134.78,258.52,237.2,2.75,2641,42.82,0
SEN_0996,40.7,132.41,212.57,229.22,2.35,13393,62.48,0
SEN_0997,39.29,165.29,102.77,229.48,0.31,6630,41.17,0
SEN_0998,62.37,36.73,212.02,217.66,4.57,4448,89.51,0
SEN_0999,76.59,145.24,223.59,237.67,4.81,9955,40.5,0
SEN_1000,75.7,55.3,161.34,221.16,4.49,288,48.52,0
SEN_1001,48.54,31.33,297.5,239.8,2.6,14075,75.3,0
SEN_1002,22.61,172.16,219.54,227.09,0.67,11652,51.53,0
SEN_1003,33.02,115.58,200.94,219.95,0.85,1180,63.83,0
SEN_1004,70.28,14.52,185.28,217.13,0.94,3040,84.85,0
SEN_1005,24.88,128.19,256.84,212.8,1.97,4254,73.93,0
SEN_1006,74.3,45.69,175.41,215.87,4.04,8816,94.14,0
SEN_1007,70.06,17.75,129.62,229.07,1.84,11107,55.65,0
SEN_1008,43.98,52.82,194.32,237.91,2.76,1164,49.7,0
SEN_1009,44.66,163.56,204.87,234.07,0.66,2141,81.4,0
SEN_1010,50.59,132.55,97.94,226.19,2.67,10021,84.5,0
SEN_1011,26.6,73.39,98.76,217.97,1.57,7746,68.15,0
SEN_1012,32.23,136.21,124.71,216.66,4.49,730,47.23,0
SEN_1013,73.63,83.41,188.96,226.03,3.26,9574,70.37,0
SEN_1014,49.53,89.84,121.08,239.96,1.77,10195,76.82,0
SEN_1015,52.42,71.53,92.42,223.29,4.61,2252,56.11,0
SEN_1016,33.11,114.67,316.31,231.93,2.57,5878,82.4,0
SEN_1017,76.84,158.29,85.25,235.69,3.76,9621,52.45,0
SEN_1018,29.93,78.21,108.8,239.03,0.21,8399,55.78,0
SEN_1019,73.45,143.85,100.82,218.41,1.39,8608,40.87,0
SEN_1020,24.83,105.26,224.98,224.11,1.77,3348,66.0,0
SEN_1021,77.39,38.49,212.98,236.94,2.26,5778,46.34,0
SEN_1022,21.76,118.71,96.86,237.86,3.15,2961,53.16,0
SEN_1023,22.86,88.24,100.85,210.77,4.79,13635,77.21,0
SEN_1024,29.31,146.75,284.5,221.08,3.89,4153,53.46,1
SEN_1025,65.09,141.1,305.83,225.56,2.11,10934,89.56,1
SEN_1026,64.42,113.96,141.93,215.83,4.76,13497,52.82,0
SEN_1027,44.99,138.85,301.25,235.88,3.94,4138,50.06,0
SEN_1028,93.86,100.05,135.11,238.09,0.89,8634,75.06,0
SEN_1029,62.25,107.27,266.4,219.87,2.98,13164,48.16,1
SEN_1030,40.78,26.46,223.71,225.25,2.99,1261,74.21,0
SEN_1031,48.78,39.53,153.49,224.85,1.92,9037,91.91,0
SEN_1032,54.2,95.46,231.67,214.39,0.35,3000,61.69,0
SEN_1033,70.95,88.4,201.23,230.64,1.71,14687,69.49,0
SEN_1034,81.84,72.71,114.46,227.98,0.28,5578,85.77,0
SEN_1035,91.43,28.73,148.84,215.32,3.69,10321,76.71,0
SEN_1036,36.89,121.56,222.55,227.93,1.38,13129,79.24,0
SEN_1037,70.1,59.56,202.34,222.32,1.39,3333,63.89,0
SEN_1038,73.28,123.58,146.51,215.86,3.51,13008,79.72,0
SEN_1039,77.33,145.54,189.11,218.46,4.04,760,75.37,0
SEN_1040,61.38,55.42,123.39,237.28,0.59,13589,77.62,0
SEN_1041,48.22,142.64,238.67,210.51,0.19,6993,90.7,0
SEN_1042,50.98,19.16,251.12,213.63,2.85,11354,53.95,0
SEN_1043,66.82,62.16,110.11,228.57,0.87,9537,49.56,0
SEN_1044,59.32,119.74,101.24,215.94,2.65,3216,62.77,0
SEN_1045,69.92,127.04,155.65,237.26,4.13,11796,41.74,0
SEN_1046,81.08,43.54,229.82,216.67,2.1,12848,89.34,1
SEN_1047,80.17,170.87,123.76,213.34,1.56,1860,56.21,0
SEN_1048,66.99,63.85,153.09,235.44,3.31,3365,89.47,0
SEN_1049,92.7,31.46,187.68,221.83,3.79,13672,82.58,0
SEN_1050,89.95,126.88,218.32,239.86,2.0,1490,83.35,0
SEN_1051,66.3,176.7,129.77,210.77,2.93,5954,78.68,0
SEN_1052,29.83,117.82,278.33,211.76,4.49,9366,40.74,0
SEN_1053,76.38,14.73,132.67,220.04,4.64,12472,51.5,0
SEN_1054,87.74,147.02,131.55,216.68,1.81,10292,45.37,1
SEN_1055,53.16,80.52,233.57,214.07,1.91,2184,56.49,0
SEN_1056,89.57,71.26,128.0,234.93,0.77,12570,93.31,1
SEN_1057,94.61,130.9,170.79,239.62,4.75,11978,90.74,0
SEN_1058,32.77,45.07,287.69,227.02,1.49,4213,61.19,0
SEN_1059,66.44,159.24,149.7,232.06,4.4,2689,50.42,0
SEN_1060,90.4,99.74,177.75,224.76,1.65,9969,45.18,1
SEN_1061,82.07,27.15,174.78,236.46,3.17,11883,47.15,0
SEN_1062,79.42,133.7,213.38,216.19,0.56,4588,92.76,0
SEN_1063,63.6,83.3,271.77,219.47,2.7,6490,93.87,0
SEN_1064,30.48,61.4,222.04,237.4,4.41,9806,47.3,0
SEN_1065,38.62,145.43,111.78,216.71,3.33,8142,48.59,0
SEN_1066,58.32,36.24,211.71,211.7,2.05,13497,55.19,0
SEN_1067,91.26,90.87,288.71,210.46,2.44,14920,86.36,0
SEN_1068,65.52,64.84,248.48,224.74,4.03,8903,57.43,0
SEN_1069,84.05,108.28,124.28,221.15,0.95,5050,56.39,1
SEN_1070,76.78,18.58,208.64,231.98,4.91,13738,62.22,1
SEN_1071,81.77,147.75,241.48,216.22,0.65,12488,73.71,1
SEN_1072,47.46,90.62,109.65,228.87,4.56,8902,79.98,0
SEN_1073,86.57,31.32,305.58,236.4,2.86,13637,80.15,1
SEN_1074,82.73,31.79,100.91,225.21,2.32,3964,88.59,1
SEN_1075,30.98,57.43,119.9,225.14,4.04,5117,72.9,0
SEN_1076,82.49,138.48,245.57,229.21,1.64,7080,84.51,0
SEN_1077,90.59,99.03,300.0,232.28,4.44,3997,46.5,1
SEN_1078,78.11,142.52,191.36,226.75,2.72,9261,56.0,0
SEN_1079,31.43,100.02,201.59,234.21,3.15,12052,45.3,1
SEN_1080,85.71,134.88,97.36,215.73,4.83,3054,58.27,1
SEN_1081,44.97,120.36,182.33,229.25,3.45,1685,51.08,0
SEN_1082,63.54,162.9,136.12,213.07,1.52,14472,48.07,1
SEN_1083,54.49,176.35,142.96,239.25,0.96,14922,80.38,0
SEN_1084,39.41,163.43,184.59,238.09,4.22,3276,89.9,0
SEN_1085,86.49,41.04,154.75,212.25,1.99,592,75.08,0
SEN_1086,41.95,113.31,190.43,239.29,4.6,5962,89.18,0
SEN_1087,45.65,15.74,235.24,215.33,4.03,12378,85.09,0
SEN_1088,32.85,70.49,99.09,225.43,2.69,1583,58.28,0
SEN_1089,60.51,136.94,228.51,221.44,2.48,3114,40.41,0
SEN_1090,30.03,176.78,241.08,234.2,1.56,2125,58.47,1
SEN_1091,81.93,136.84,280.06,227.4,4.63,14328,76.1,1
SEN_1092,61.65,117.42,295.92,224.23,3.6,14930,72.76,1
SEN_1093,83.46,26.78,221.87,236.8,3.74,13724,77.03,1
SEN_1094,48.14,135.97,253.71,221.85,2.34,11187,41.12,0
SEN_1095,93.31,144.37,205.77,232.82,0.56,4655,50.18,1
SEN_1096,91.06,108.58,250.33,214.78,1.41,9667,75.71,0
SEN_1097,21.1,41.89,89.9,230.75,3.6,4274,78.28,0
SEN_1098,51.55,89.64,233.63,223.36,1.29,9424,59.22,0
SEN_1099,35.33,58.19,293.22,227.65,2.45,1003,44.03,0
SEN_1100,57.58,175.06,238.4,228.3,4.38,6581,70.86,0
SEN_1101,29.28,169.65,255.98,230.65,0.57,8314,81.47,0
SEN_1102,57.64,83.92,205.27,236.14,3.65,3856,87.35,0
SEN_1103,27.16,19.96,191.81,215.27,2.63,293,93.97,0
SEN_1104,32.89,156.07,296.83,238.43,4.2,3153,47.99,1
SEN_1105,89.27,21.53,167.01,224.32,4.33,4627,69.82,0
SEN_1106,78.9,76.12,161.81,238.6,3.92,6805,69.3,0
SEN_1107,51.92,108.65,84.22,239.66,0.15,6410,63.6,0
SEN_1108,73.79,54.29,222.45,220.22,3.97,14722,82.47,0
SEN_1109,74.42,15.06,206.95,214.41,2.74,7051,85.3,0
SEN_1110,41.4,157.98,287.33,230.03,1.46,5995,69.12,1
SEN_1111,46.59,82.68,230.36,222.23,2.91,8027,64.03,0
SEN_1112,79.84,44.04,145.75,228.06,3.7,10329,44.35,1
SEN_1113,35.18,169.43,184.23,211.19,0.15,2031,60.56,0
SEN_1114,67.06,87.43,161.47,219.09,2.61,4266,63.54,0
SEN_1115,91.66,13.6,176.83,232.21,0.83,9502,49.92,0
SEN_1116,40.06,174.74,192.32,234.06,2.72,11415,87.47,0
SEN_1117,83.88,127.25,187.18,239.33,1.91,4923,45.73,0
SEN_1118,41.66,19.65,85.34,223.54,4.44,6195,93.86,0
SEN_1119,92.82,65.25,281.2,222.91,3.89,12561,51.9,0
SEN_1120,74.24,54.35,258.15,225.69,2.42,3149,74.31,0
SEN_1121,53.37,133.2,157.93,223.19,4.34,3824,83.34,0
SEN_1122,70.96,157.43,167.16,232.75,2.42,9265,61.31,0
SEN_1123,82.73,148.78,282.86,226.15,4.01,3787,77.71,1
SEN_1124,42.87,74.95,136.79,216.7,1.92,3211,56.19,0
SEN_1125,88.37,129.57,248.78,227.79,3.3,9752,47.92,1
SEN_1126,50.26,96.37,283.75,223.74,4.08,1509,85.79,1
SEN_1127,87.08,41.32,233.75,230.79,3.92,11565,93.67,0
SEN_1128,49.22,111.01,317.23,227.88,1.28,10329,53.1,1
SEN_1129,38.46,169.06,122.94,227.51,2.45,14358,64.37,0
SEN_1130,31.95,142.0,255.05,223.66,4.32,12389,41.69,0
SEN_1131,89.7,133.2,285.22,231.87,0.12,5875,40.29,0
SEN_1132,57.54,89.15,101.57,211.99,0.86,3495,93.09,0
SEN_1133,62.39,162.66,122.33,238.17,2.49,1492,79.9,0
SEN_1134,72.86,21.69,257.8,236.46,0.58,6147,51.18,0
SEN_1135,20.55,124.84,200.93,234.71,3.52,6585,66.63,0
SEN_1136,55.04,77.02,284.7,230.12,2.75,4842,43.24,1
SEN_1137,80.87,159.98,86.7,218.92,2.02,3710,75.29,0
SEN_1138,61.98,14.56,131.36,221.06,3.15,5315,85.97,0
SEN_1139,63.96,36.74,129.7,222.75,2.23,8100,86.75,0
SEN_1140,79.8,74.45,251.14,217.02,1.81,4559,64.72,0
SEN_1141,68.94,38.12,280.12,236.06,2.38,11160,42.17,0
SEN_1142,52.95,81.74,296.62,212.35,0.12,9293,41.37,0
SEN_1143,47.31,112.54,168.61,227.08,1.04,2033,45.84,0
SEN_1144,65.16,86.9,282.14,212.36,4.35,14699,77.6,0
SEN_1145,76.6,41.03,210.63,229.36,1.76,14427,62.42,0
SEN_1146,23.76,90.61,274.89,238.45,4.47,5016,50.66,0
SEN_1147,70.98,77.94,132.72,220.67,1.47,500,87.55,0
SEN_1148,37.71,148.98,260.69,231.87,4.8,5133,42.71,1
SEN_1149,62.54,72.34,108.63,215.94,1.88,7757,90.46,0
SEN_1150,30.68,118.84,158.47,238.46,3.68,370,51.86,0
SEN_1151,33.4,151.87,101.12,216.02,0.49,6590,65.68,0
SEN_1152,42.85,67.64,233.52,230.55,1.8,7080,53.47,0
SEN_1153,49.17,85.05,196.44,214.83,2.73,3807,83.27,0
SEN_1154,93.91,167.79,318.82,228.65,3.01,3161,87.88,1
SEN_1155,69.64,179.18,308.61,213.03,2.51,13779,68.34,0
SEN_1156,61.17,22.72,254.69,216.87,0.47,6377,86.96,0
SEN_1157,88.59,17.25,233.97,225.29,1.2,7472,54.74,0
SEN_1158,91.57,147.53,319.0,231.15,2.52,2707,72.61,1
SEN_1159,89.86,70.18,130.94,223.82,4.85,10888,40.92,0
SEN_1160,67.41,48.85,248.21,215.38,3.62,12312,77.52,1
SEN_1161,60.55,80.51,314.18,231.15,2.1,6511,81.64,1
SEN_1162,77.04,49.73,172.67,220.87,0.66,4800,58.83,0
SEN_1163,24.09,170.74,139.19,222.21,0.65,3839,55.41,0
SEN_1164,72.37,154.35,97.74,218.88,3.43,3160,66.12,0
SEN_1165,63.1,17.39,147.16,219.84,2.7,2960,93.08,0
SEN_1166,24.22,18.11,291.03,224.84,3.04,3521,53.61,0
SEN_1167,36.41,132.52,249.44,230.5,4.87,1391,79.75,0
SEN_1168,69.55,84.86,243.68,212.87,4.03,13646,80.32,0
SEN_1169,65.59,18.65,195.15,223.77,3.11,2923,80.97,0
SEN_1170,61.47,120.07,85.9,229.81,2.26,11923,90.43,0
SEN_1171,66.77,102.02,162.61,214.86,3.59,1288,93.48,0
SEN_1172,62.35,89.22,181.59,223.73,0.41,6078,78.2,0
SEN_1173,67.15,43.35,147.13,218.94,3.95,9808,55.46,0
SEN_1174,33.93,84.67,209.78,220.4,2.76,10822,73.11,0
SEN_1175,22.57,75.13,128.72,217.39,0.85,2802,47.58,0
SEN_1176,39.59,170.22,253.45,219.19,1.81,4399,71.12,0
SEN_1177,48.9,69.59,250.81,223.63,3.26,4004,62.55,0
SEN_1178,47.91,126.54,208.83,218.44,2.53,13086,76.64,0
SEN_1179,90.22,106.02,91.32,221.27,1.89,6355,65.72,0
SEN_1180,90.01,100.05,247.47,219.02,4.95,527,47.4,1
SEN_1181,29.54,147.48,272.65,219.13,3.47,7508,86.56,0
SEN_1182,28.12,148.76,317.4,227.63,4.82,5125,40.99,1
SEN_1183,49.02,128.21,173.85,212.53,2.55,10089,52.16,0
SEN_1184,60.93,16.79,139.12,217.87,0.18,2204,73.18,0
SEN_1185,34.34,175.72,117.08,228.41,1.32,14562,45.86,0
SEN_1186,54.29,130.55,288.0,233.15,4.98,8300,57.56,0
SEN_1187,92.79,117.77,192.4,215.32,4.99,12234,87.62,0
SEN_1188,24.97,123.64,269.34,238.32,4.12,12968,62.92,1
SEN_1189,77.35,61.75,191.62,218.44,2.12,1496,65.09,0
SEN_1190,47.66,82.37,252.76,216.69,2.72,14808,74.78,0
SEN_1191,48.27,105.18,129.28,212.27,2.92,1053,92.88,0
SEN_1192,55.93,155.14,206.3,226.39,1.43,10358,80.0,1
SEN_1193,90.83,121.05,152.63,223.06,1.17,439,61.84,1
SEN_1194,54.96,85.32,160.84,212.8,2.94,921,58.35,0
SEN_1195,71.83,136.57,288.05,233.93,1.66,4925,87.52,1
SEN_1196,81.36,64.98,176.97,239.84,4.1,2282,92.3,1
SEN_1197,48.98,110.86,82.4,212.09,2.36,10304,51.42,0
SEN_1198,28.27,20.85,168.73,215.25,4.96,10946,91.52,0
SEN_1199,71.6,27.29,249.84,219.67,4.63,2775,59.82,0
SEN_1200,29.73,168.52,210.31,211.2,0.14,4136,51.33,0
