TreeID,Elevation_m,Aspect_Degrees,Slope_Degrees,Soil_Moisture_Percent,Trunk_Diameter_cm,Height_m,Chlorophyll_Index,Annual_Rainfall_mm,Tree_Type
TRE_0001,1214,213,4,32.98,25.53,24.74,68.9,1227,Black_Pine
TRE_0002,228,307,0,71.05,18.24,16.6,60.3,1756,Oak
TRE_0003,440,342,34,21.93,83.58,44.2,19.74,911,Turkish_Pine
TRE_0004,348,152,24,20.16,17.63,15.19,76.73,557,Turkish_Pine
TRE_0005,203,119,8,61.59,24.4,19.59,60.82,762,Oak
TRE_0006,1273,136,30,6.36,88.62,59.65,38.4,587,Black_Pine
TRE_0007,1535,1,24,34.02,47.07,27.85,48.41,1668,Black_Pine
TRE_0008,1349,33,19,7.13,31.32,17.91,80.51,834,Black_Pine
TRE_0009,1450,307,23,15.32,20.62,13.43,41.28,1079,Black_Pine
TRE_0010,1124,165,16,40.38,13.71,14.74,61.32,1229,Black_Pine
TRE_0011,1246,329,11,11.9,20.49,17.79,21.13,1526,Black_Pine
TRE_0012,1269,169,37,59.85,43.23,28.71,52.88,1080,Beech
TRE_0013,1206,90,30,58.57,39.94,26.25,57.94,1130,Beech
TRE_0014,2127,36,19,53.31,43.13,21.14,35.3,542,Scotch_Pine
TRE_0015,1990,283,41,5.84,18.6,16.65,77.89,1448,Fir
TRE_0016,1477,94,5,11.13,30.17,22.67,20.21,867,Black_Pine
TRE_0017,2098,211,15,39.13,24.43,17.01,24.87,882,Scotch_Pine
TRE_0018,1713,261,31,60.26,15.54,11.65,48.22,1181,Fir
TRE_0019,595,331,7,31.57,18.51,19.11,70.96,1072,Turkish_Pine
TRE_0020,666,164,27,18.36,6.36,8.42,59.09,833,Turkish_Pine
TRE_0021,1095,90,14,34.33,12.85,11.62,79.25,1326,Black_Pine
TRE_0022,1822,224,45,67.87,21.7,9.65,33.14,922,Scotch_Pine
TRE_0023,537,118,31,38.72,90.92,30.6,52.49,669,Oak
TRE_0024,282,202,8,9.95,66.17,26.42,60.08,1621,Turkish_Pine
TRE_0025,1378,210,18,45.1,41.74,18.51,71.79,1727,Beech
TRE_0026,1302,187,30,40.7,8.85,8.0,73.99,902,Black_Pine
TRE_0027,1703,111,9,11.58,55.87,25.31,83.51,1047,Fir
TRE_0028,1315,310,16,17.63,77.11,39.18,15.63,1553,Black_Pine
TRE_0029,717,355,39,5.31,36.47,14.69,18.71,1452,Turkish_Pine
TRE_0030,1907,266,1,67.44,83.57,39.28,31.35,1411,Fir
TRE_0031,1560,318,37,60.49,11.21,9.63,68.06,517,Beech
TRE_0032,2190,175,26,73.11,28.18,22.14,52.7,887,Scotch_Pine
TRE_0033,992,265,26,18.16,44.61,30.11,38.34,739,Black_Pine
TRE_0034,1089,37,27,72.47,80.18,34.5,20.52,1773,Beech
TRE_0035,2123,304,38,60.97,81.33,40.06,17.95,699,Scotch_Pine
TRE_0036,727,201,5,65.57,78.23,29.64,79.76,1338,Oak
TRE_0037,604,241,0,7.58,6.3,8.14,21.36,1722,Turkish_Pine
TRE_0038,912,210,27,71.33,77.28,31.13,33.69,1233,Beech
TRE_0039,926,153,10,27.17,81.7,56.68,30.12,1340,Black_Pine
TRE_0040,1640,226,25,34.35,46.39,24.82,37.89,1736,Fir
TRE_0041,2165,226,33,39.38,75.14,40.93,38.17,894,Scotch_Pine
TRE_0042,311,353,24,72.22,45.8,25.24,49.28,1551,Oak
TRE_0043,1597,208,13,11.78,71.55,40.07,40.6,466,Black_Pine
TRE_0044,880,15,21,37.93,39.45,32.66,34.99,1260,Black_Pine
TRE_0045,691,98,38,41.51,90.88,45.7,50.43,874,Oak
TRE_0046,1218,61,8,63.28,16.12,9.14,61.82,1664,Beech
TRE_0047,726,175,19,71.89,38.06,20.07,72.95,791,Oak
TRE_0048,910,42,2,18.69,82.02,44.51,70.78,837,Black_Pine
TRE_0049,1687,157,17,60.86,14.41,9.78,84.76,447,Scotch_Pine
TRE_0050,1167,39,35,51.67,10.86,11.23,55.84,1641,Beech
TRE_0051,1532,199,23,52.57,39.76,26.27,49.3,1426,Beech
TRE_0052,452,131,5,20.58,57.79,29.61,55.28,1393,Turkish_Pine
TRE_0053,848,30,26,70.61,17.33,13.18,64.58,553,Beech
TRE_0054,436,351,29,66.48,92.7,48.26,31.11,1318,Oak
TRE_0055,347,318,30,58.25,32.01,21.45,72.63,756,Oak
TRE_0056,689,304,8,60.18,49.03,20.0,71.58,939,Oak
TRE_0057,660,113,24,44.59,17.95,17.31,25.09,1088,Oak
TRE_0058,1098,254,41,55.23,5.38,5.27,38.78,1168,Beech
TRE_0059,548,90,13,54.66,27.44,22.02,68.21,576,Oak
TRE_0060,1496,0,28,67.36,63.61,26.98,60.98,416,Beech
TRE_0061,203,63,10,30.64,76.77,29.14,31.62,1633,Turkish_Pine
TRE_0062,918,171,5,42.53,52.1,28.69,67.77,1115,Black_Pine
TRE_0063,1399,145,36,12.13,78.7,50.12,64.16,1192,Black_Pine
TRE_0064,460,5,6,21.83,35.41,20.99,64.61,1782,Turkish_Pine
TRE_0065,1238,264,7,56.3,71.3,46.58,83.85,446,Beech
TRE_0066,856,191,1,31.51,56.0,43.08,30.67,1551,Black_Pine
TRE_0067,2193,53,40,27.18,77.53,30.83,79.24,1736,Fir
TRE_0068,1893,182,7,54.68,42.19,28.79,75.89,617,Scotch_Pine
TRE_0069,236,59,4,27.52,13.42,9.31,50.02,1719,Turkish_Pine
TRE_0070,1666,282,9,63.16,71.52,30.85,34.07,421,Scotch_Pine
TRE_0071,234,271,17,51.67,36.65,25.34,15.38,1335,Oak
TRE_0072,1508,67,29,71.83,53.33,30.34,34.6,1176,Beech
TRE_0073,1759,90,7,17.04,47.57,27.76,19.11,1002,Fir
TRE_0074,703,88,28,36.51,70.78,29.49,44.08,769,Oak
TRE_0075,445,37,17,8.58,10.22,6.05,49.13,997,Turkish_Pine
TRE_0076,667,173,5,61.85,58.47,43.15,46.01,1625,Oak
TRE_0077,1959,262,35,45.12,30.77,18.67,17.8,1419,Fir
TRE_0078,414,63,0,6.92,10.86,12.5,80.0,411,Turkish_Pine
TRE_0079,1837,343,26,53.52,24.94,18.67,50.45,772,Scotch_Pine
TRE_0080,1006,303,40,64.88,82.91,36.46,81.07,1036,Beech
TRE_0081,1378,27,43,72.06,89.06,39.57,73.89,1039,Beech
TRE_0082,1318,325,28,46.44,93.03,36.2,15.64,551,Beech
TRE_0083,1187,348,27,41.47,46.32,25.43,68.76,1445,Black_Pine
TRE_0084,2075,264,25,15.24,63.85,33.53,46.14,562,Scotch_Pine
TRE_0085,1228,66,25,32.22,7.93,11.79,36.86,1502,Black_Pine
TRE_0086,636,135,15,67.25,94.29,59.62,76.41,1671,Oak
TRE_0087,727,13,12,60.19,16.19,12.71,66.52,1536,Oak
TRE_0088,1496,60,27,6.18,86.83,47.0,83.99,758,Black_Pine
TRE_0089,900,131,33,58.05,42.84,22.59,71.02,1063,Beech
TRE_0090,2166,312,28,26.05,25.7,21.96,32.18,805,Scotch_Pine
TRE_0091,1996,120,9,25.73,28.41,14.13,55.15,766,Scotch_Pine
TRE_0092,1544,249,24,59.97,46.53,28.63,76.48,1453,Beech
TRE_0093,551,255,22,24.39,31.34,23.55,25.28,1149,Turkish_Pine
TRE_0094,485,8,24,14.15,89.5,51.19,16.15,546,Turkish_Pine
TRE_0095,1492,309,16,58.59,46.68,29.67,29.5,1011,Beech
TRE_0096,1760,38,11,63.84,25.95,18.88,18.66,1342,Fir
TRE_0097,1553,333,6,38.64,49.32,29.08,33.03,1090,Black_Pine
TRE_0098,1631,71,42,12.52,44.7,31.56,84.98,1363,Fir
TRE_0099,366,295,43,40.07,48.9,23.6,80.64,1528,Oak
TRE_0100,1659,134,13,48.57,72.64,41.17,21.45,644,Scotch_Pine
TRE_0101,1138,171,5,9.87,15.98,12.06,22.77,1352,Black_Pine
TRE_0102,539,12,24,66.47,60.86,28.31,67.92,1319,Oak
TRE_0103,452,256,18,26.46,11.12,12.9,31.79,1456,Turkish_Pine
TRE_0104,2052,275,2,57.58,19.66,12.41,73.6,1268,Fir
TRE_0105,1086,358,44,18.07,90.88,32.78,31.45,709,Black_Pine
TRE_0106,410,166,39,19.64,36.75,24.0,49.45,757,Turkish_Pine
TRE_0107,407,206,16,12.17,21.99,19.33,69.68,1074,Turkish_Pine
TRE_0108,985,132,30,38.0,55.08,32.04,65.07,1298,Black_Pine
TRE_0109,1186,231,12,14.91,6.71,8.33,29.93,691,Black_Pine
TRE_0110,1841,164,42,50.83,51.56,35.45,47.25,925,Scotch_Pine
TRE_0111,1677,215,3,42.69,27.18,20.45,77.0,421,Scotch_Pine
TRE_0112,1915,21,7,10.99,31.45,15.82,74.96,904,Scotch_Pine
TRE_0113,980,288,32,19.27,41.63,19.44,42.11,1359,Black_Pine
TRE_0114,912,166,35,48.63,35.83,16.6,39.43,1303,Beech
TRE_0115,1871,316,21,12.83,35.79,17.22,84.52,1382,Fir
TRE_0116,303,77,2,74.38,52.02,23.93,83.17,1601,Oak
TRE_0117,1481,40,3,44.74,39.52,30.01,53.49,805,Black_Pine
TRE_0118,650,107,41,53.71,70.98,32.8,43.68,1784,Oak
TRE_0119,801,258,15,47.65,74.71,47.48,84.34,671,Beech
TRE_0120,521,136,4,74.12,74.7,30.14,21.43,1701,Oak
TRE_0121,212,326,7,38.86,47.15,21.73,49.86,1519,Oak
TRE_0122,491,343,31,46.21,27.1,15.27,65.03,1068,Oak
TRE_0123,653,248,5,62.48,35.82,19.64,78.23,1272,Oak
TRE_0124,1684,309,35,14.76,52.95,35.77,53.54,1358,Fir
TRE_0125,1960,216,15,55.36,27.51,24.71,77.93,1402,Fir
TRE_0126,660,27,19,60.99,77.01,49.81,41.98,765,Oak
TRE_0127,560,136,2,59.74,83.66,51.37,62.6,1126,Oak
TRE_0128,204,31,30,70.64,72.07,45.56,17.39,403,Oak
TRE_0129,1425,209,28,73.17,59.79,34.92,20.2,751,Beech
TRE_0130,1782,51,11,50.99,37.94,23.57,33.61,1548,Fir
TRE_0131,1581,7,18,13.21,53.12,27.25,40.23,555,Black_Pine
TRE_0132,304,313,15,65.44,71.32,39.03,23.02,1588,Oak
TRE_0133,2148,188,33,62.76,5.34,7.5,36.17,1655,Fir
TRE_0134,712,143,33,55.8,51.84,29.95,71.74,1569,Oak
TRE_0135,301,297,26,62.42,10.62,10.41,80.02,1030,Oak
TRE_0136,2175,352,12,5.69,83.98,40.91,75.16,1399,Fir
TRE_0137,441,303,5,70.59,86.22,32.23,61.38,1257,Oak
TRE_0138,1074,299,15,34.3,65.9,25.86,77.31,1334,Black_Pine
TRE_0139,1210,292,25,55.45,40.53,20.5,28.63,804,Beech
TRE_0140,562,161,35,24.79,20.66,14.87,58.59,1235,Turkish_Pine
TRE_0141,1113,189,34,53.77,23.35,10.0,25.58,1274,Beech
TRE_0142,2156,106,38,9.35,27.76,25.81,36.82,1042,Fir
TRE_0143,2157,123,32,64.72,59.75,38.91,84.44,1135,Fir
TRE_0144,991,78,3,40.53,84.91,52.63,83.65,700,Black_Pine
TRE_0145,1317,162,25,36.4,17.88,9.54,27.0,839,Black_Pine
TRE_0146,1969,221,26,18.38,26.38,17.33,75.01,1589,Fir
TRE_0147,1698,140,31,36.11,8.97,7.74,83.59,880,Scotch_Pine
TRE_0148,1046,294,29,30.43,43.47,28.01,24.92,1521,Black_Pine
TRE_0149,931,110,12,16.17,11.25,8.85,72.54,1504,Black_Pine
TRE_0150,1183,316,40,41.34,22.43,17.35,16.27,713,Black_Pine
TRE_0151,1762,93,29,18.2,93.53,44.39,15.56,1010,Fir
TRE_0152,1357,145,2,54.58,32.62,18.75,75.29,470,Beech
TRE_0153,1277,120,30,34.72,92.41,42.1,18.24,1274,Black_Pine
TRE_0154,1461,337,20,31.14,91.15,56.07,44.67,1118,Black_Pine
TRE_0155,2063,237,40,42.44,87.77,34.14,56.34,786,Scotch_Pine
TRE_0156,863,204,39,62.9,5.18,9.65,53.44,1213,Beech
TRE_0157,584,72,13,19.58,42.55,23.94,64.56,1765,Turkish_Pine
TRE_0158,1816,157,25,42.02,57.68,40.48,36.29,1329,Fir
TRE_0159,1456,271,35,67.26,86.42,42.81,77.58,1080,Beech
TRE_0160,432,199,29,58.61,23.86,15.57,39.8,413,Oak
TRE_0161,848,307,21,32.85,82.69,34.56,76.94,847,Black_Pine
TRE_0162,614,110,12,50.45,70.88,34.89,31.27,1148,Oak
TRE_0163,1537,3,25,22.84,59.2,27.17,63.29,666,Black_Pine
TRE_0164,1747,347,19,69.83,88.77,30.94,23.24,952,Scotch_Pine
TRE_0165,277,262,11,15.8,57.51,25.04,60.84,880,Turkish_Pine
TRE_0166,1869,348,32,60.39,85.9,40.37,22.76,1611,Fir
TRE_0167,1826,177,7,16.19,70.89,38.77,16.93,583,Scotch_Pine
TRE_0168,521,162,28,10.12,82.9,41.62,56.98,1344,Turkish_Pine
TRE_0169,629,284,19,51.24,66.77,33.57,23.9,667,Oak
TRE_0170,1104,344,24,63.94,52.66,25.35,32.2,741,Beech
TRE_0171,1118,273,1,38.15,15.89,15.23,36.02,1057,Black_Pine
TRE_0172,1394,186,1,45.74,35.36,22.74,28.56,712,Beech
TRE_0173,466,305,23,17.75,49.74,23.35,35.58,981,Turkish_Pine
TRE_0174,2009,235,37,52.99,40.64,30.07,50.32,1044,Fir
TRE_0175,911,75,22,53.85,90.93,51.09,51.24,818,Beech
TRE_0176,265,343,33,33.96,15.59,10.64,55.0,1636,Turkish_Pine
TRE_0177,982,193,10,13.28,89.0,39.84,20.5,1521,Black_Pine
TRE_0178,1459,315,26,52.96,94.91,57.6,40.43,1702,Beech
TRE_0179,1371,219,31,11.83,26.99,12.71,52.5,1075,Black_Pine
TRE_0180,381,81,13,27.02,32.77,22.42,80.41,837,Turkish_Pine
TRE_0181,852,190,2,71.53,48.2,29.78,44.63,1297,Beech
TRE_0182,1690,168,37,27.48,32.57,22.08,56.91,1444,Fir
TRE_0183,1675,342,4,37.78,7.99,7.45,26.21,1122,Fir
TRE_0184,1581,275,11,72.9,59.34,32.86,56.19,1318,Beech
TRE_0185,657,270,39,54.1,64.34,29.98,40.93,943,Oak
TRE_0186,2059,331,15,39.5,27.16,17.91,46.77,1094,Fir
TRE_0187,1215,206,10,72.41,40.22,24.34,76.48,1227,Beech
TRE_0188,1170,78,22,6.87,81.24,36.64,56.93,422,Black_Pine
TRE_0189,1807,312,37,19.27,40.22,20.7,42.25,1271,Fir
TRE_0190,2143,342,29,38.18,16.93,12.41,70.89,1349,Fir
TRE_0191,853,322,8,71.61,64.0,40.36,37.43,1634,Beech
TRE_0192,1681,45,8,73.96,23.1,16.63,54.35,1664,Fir
TRE_0193,304,290,34,54.62,5.26,11.09,44.64,887,Oak
TRE_0194,326,30,19,37.79,36.19,27.74,43.91,710,Oak
TRE_0195,829,116,43,22.68,62.17,24.48,44.88,1671,Black_Pine
TRE_0196,1789,89,0,44.15,79.87,47.74,57.38,1350,Fir
TRE_0197,1237,97,17,23.15,6.86,7.1,25.12,610,Black_Pine
TRE_0198,1694,135,27,27.92,64.28,35.98,39.66,1292,Fir
TRE_0199,1398,226,39,16.3,23.13,15.36,26.79,1698,Black_Pine
TRE_0200,1767,96,24,73.73,41.45,25.57,74.75,644,Scotch_Pine
TRE_0201,1714,307,30,11.11,42.16,30.94,83.33,1607,Fir
TRE_0202,1509,155,17,28.82,55.33,35.75,81.2,1724,Black_Pine
TRE_0203,2002,347,17,6.88,17.77,14.19,63.16,1342,Fir
TRE_0204,1711,247,10,48.81,63.02,30.31,20.23,526,Scotch_Pine
TRE_0205,261,173,1,66.7,39.39,20.79,48.7,619,Oak
TRE_0206,1325,197,29,36.77,30.91,19.98,24.65,1255,Black_Pine
TRE_0207,875,210,42,45.99,48.53,34.29,45.51,1060,Beech
TRE_0208,299,343,43,48.6,37.67,20.14,65.38,815,Oak
TRE_0209,582,202,16,41.95,56.04,34.1,49.36,1388,Oak
TRE_0210,344,161,15,58.88,49.28,22.76,35.87,736,Oak
TRE_0211,1531,142,9,11.52,85.26,49.0,69.42,1357,Black_Pine
TRE_0212,2006,189,13,64.61,78.36,43.25,76.06,1415,Fir
TRE_0213,1442,229,17,12.24,79.54,44.0,57.1,489,Black_Pine
TRE_0214,1899,139,8,46.65,26.53,18.04,51.97,471,Scotch_Pine
TRE_0215,854,42,36,9.3,38.72,30.14,47.07,784,Black_Pine
TRE_0216,529,90,11,67.68,85.42,35.66,40.73,504,Oak
TRE_0217,1753,206,23,39.5,88.25,45.6,21.52,800,Scotch_Pine
TRE_0218,811,26,27,13.57,51.91,28.84,75.15,622,Black_Pine
TRE_0219,309,48,31,47.79,34.76,26.52,45.27,1359,Oak
TRE_0220,1718,320,40,34.12,36.29,28.96,83.88,864,Scotch_Pine
TRE_0221,791,72,1,10.44,73.32,46.05,50.87,602,Turkish_Pine
TRE_0222,2053,9,15,62.96,57.76,28.99,30.13,819,Scotch_Pine
TRE_0223,1768,249,41,6.71,54.29,30.45,31.4,1633,Fir
TRE_0224,1100,32,25,47.82,48.0,26.63,45.08,455,Beech
TRE_0225,1660,255,11,32.71,30.66,22.92,69.84,1239,Fir
TRE_0226,381,305,43,33.74,47.53,31.54,65.12,1135,Turkish_Pine
TRE_0227,343,161,36,48.74,32.39,23.91,74.97,1333,Oak
TRE_0228,650,219,36,64.91,8.87,8.08,38.87,1196,Oak
TRE_0229,319,326,39,64.28,49.55,24.62,69.63,1446,Oak
TRE_0230,220,300,1,22.32,22.44,11.99,31.66,1424,Turkish_Pine
TRE_0231,1739,334,42,60.4,30.02,24.37,29.77,883,Scotch_Pine
TRE_0232,1948,199,27,70.17,60.41,25.06,55.61,531,Scotch_Pine
TRE_0233,1109,51,0,66.12,93.08,55.94,40.95,622,Beech
TRE_0234,328,56,38,16.84,35.29,21.89,25.25,756,Turkish_Pine
TRE_0235,779,303,22,48.9,77.2,39.99,42.65,1330,Oak
TRE_0236,1899,32,43,8.89,63.44,36.57,41.54,501,Scotch_Pine
TRE_0237,977,92,21,33.86,9.64,11.44,68.22,1167,Black_Pine
TRE_0238,437,353,9,9.49,46.6,25.0,21.42,1701,Turkish_Pine
TRE_0239,575,348,34,56.08,75.73,33.68,84.4,807,Oak
TRE_0240,2047,157,21,65.27,51.21,26.61,74.87,1005,Fir
TRE_0241,1854,93,45,73.67,12.72,12.32,67.35,1787,Fir
TRE_0242,838,35,18,58.29,74.77,46.68,36.82,441,Beech
TRE_0243,258,243,12,11.37,58.25,34.89,48.19,1190,Turkish_Pine
TRE_0244,507,290,1,54.54,38.28,23.16,41.29,998,Oak
TRE_0245,997,173,29,39.72,84.48,39.58,35.23,1795,Black_Pine
TRE_0246,204,44,10,55.17,73.22,38.86,50.29,420,Oak
TRE_0247,1854,26,21,19.54,7.92,10.74,67.55,1624,Fir
TRE_0248,1092,329,6,39.4,41.65,21.84,23.41,950,Black_Pine
TRE_0249,1052,331,25,12.16,80.38,42.51,73.84,1431,Black_Pine
TRE_0250,1911,132,26,67.54,9.35,12.87,43.4,907,Scotch_Pine
TRE_0251,736,307,41,73.95,46.8,24.28,21.8,635,Oak
TRE_0252,546,148,38,60.66,65.77,34.65,27.87,418,Oak
TRE_0253,776,98,45,21.14,83.67,41.79,66.98,1653,Turkish_Pine
TRE_0254,1756,41,11,55.83,24.39,11.26,38.27,422,Scotch_Pine
TRE_0255,556,239,17,18.28,58.88,41.58,84.25,626,Turkish_Pine
TRE_0256,774,297,1,34.27,50.08,20.22,68.41,580,Turkish_Pine
TRE_0257,1613,259,5,9.7,11.94,16.13,23.58,1343,Fir
TRE_0258,1581,270,32,9.33,13.69,11.91,77.81,1241,Black_Pine
TRE_0259,412,198,0,34.88,17.46,14.48,38.16,764,Turkish_Pine
TRE_0260,1497,152,13,27.38,5.38,5.49,23.76,1578,Black_Pine
TRE_0261,1737,100,30,26.47,91.37,53.18,74.1,1683,Fir
TRE_0262,1649,270,22,13.77,23.72,15.1,26.24,1422,Fir
TRE_0263,1195,93,40,6.65,29.93,25.18,82.63,1318,Black_Pine
TRE_0264,1015,292,42,71.85,75.76,47.19,67.88,868,Beech
TRE_0265,634,32,24,38.37,12.31,13.22,42.31,588,Oak
TRE_0266,1822,222,31,5.74,92.92,50.99,75.33,903,Scotch_Pine
TRE_0267,631,327,1,50.94,7.52,10.34,59.4,1264,Oak
TRE_0268,999,43,32,49.32,12.21,16.26,19.76,440,Beech
TRE_0269,2012,150,33,48.99,14.62,9.13,31.79,969,Scotch_Pine
TRE_0270,2188,60,9,72.53,43.42,31.35,40.76,881,Scotch_Pine
TRE_0271,1681,82,36,51.61,51.83,18.22,46.31,1316,Fir
TRE_0272,1608,282,30,40.28,61.05,27.27,73.05,943,Scotch_Pine
TRE_0273,944,128,38,15.79,15.18,8.72,56.7,1519,Black_Pine
TRE_0274,1543,147,14,31.09,24.68,15.06,36.56,1541,Black_Pine
TRE_0275,1286,246,31,72.79,93.29,60.5,73.46,677,Beech
TRE_0276,1169,324,37,47.35,40.77,31.1,24.73,646,Beech
TRE_0277,676,133,28,61.96,81.51,51.7,52.91,1752,Oak
TRE_0278,1018,283,20,14.57,92.57,45.92,81.25,1152,Black_Pine
TRE_0279,1484,279,12,71.76,47.67,24.02,76.37,1670,Beech
TRE_0280,916,29,4,28.73,92.36,60.9,59.75,1206,Black_Pine
TRE_0281,1995,317,16,5.88,84.31,43.31,25.39,422,Scotch_Pine
TRE_0282,1526,53,20,36.16,19.8,16.03,53.06,1125,Black_Pine
TRE_0283,335,86,11,37.08,50.24,24.62,25.94,842,Oak
TRE_0284,1397,303,20,24.65,53.01,36.0,30.25,744,Black_Pine
TRE_0285,441,83,0,6.71,17.45,16.24,67.91,1205,Turkish_Pine
TRE_0286,830,249,43,48.02,11.49,11.47,39.8,1768,Beech
TRE_0287,334,142,31,32.53,62.12,30.99,54.93,1079,Turkish_Pine
TRE_0288,1524,97,9,30.81,10.0,10.94,27.2,1313,Black_Pine
TRE_0289,707,221,24,55.19,77.37,49.23,47.82,1632,Oak
TRE_0290,1710,321,34,38.91,9.05,10.34,31.9,1088,Fir
TRE_0291,607,121,31,11.24,11.55,12.43,25.05,651,Turkish_Pine
TRE_0292,1130,173,6,16.77,46.19,27.91,20.79,880,Black_Pine
TRE_0293,1127,99,4,20.34,47.94,34.66,77.38,1381,Black_Pine
TRE_0294,2046,342,32,73.8,92.28,48.06,32.83,1122,Fir
TRE_0295,448,169,38,40.86,51.89,26.76,83.99,1223,Oak
TRE_0296,866,299,6,9.64,19.34,10.01,48.39,1177,Black_Pine
TRE_0297,1588,220,0,70.94,35.56,16.62,50.91,1156,Beech
TRE_0298,837,357,9,40.64,67.37,31.35,22.53,505,Black_Pine
TRE_0299,875,306,7,65.53,18.64,9.24,62.78,1215,Beech
TRE_0300,1237,29,0,58.27,75.85,35.57,60.24,420,Beech
TRE_0301,1904,109,27,66.28,90.39,49.51,74.66,605,Scotch_Pine
TRE_0302,859,229,33,69.03,27.57,15.97,28.36,1087,Beech
TRE_0303,403,21,19,57.33,81.05,49.22,17.29,1007,Oak
TRE_0304,1738,219,27,30.01,77.36,34.16,27.16,1410,Fir
TRE_0305,504,169,0,66.53,69.69,30.68,57.01,1110,Oak
TRE_0306,745,294,14,16.56,21.66,13.93,71.83,1746,Turkish_Pine
TRE_0307,2169,354,16,17.09,5.05,11.05,36.92,1423,Fir
TRE_0308,1399,349,31,74.26,33.13,22.62,26.08,899,Beech
TRE_0309,987,204,10,17.47,40.73,21.24,68.6,1271,Black_Pine
TRE_0310,1816,115,15,17.99,48.29,31.71,18.34,1491,Fir
TRE_0311,580,5,38,14.78,18.93,16.08,23.68,990,Turkish_Pine
TRE_0312,1458,280,9,9.28,87.73,43.1,44.95,1037,Black_Pine
TRE_0313,343,301,17,36.67,74.24,37.22,76.09,946,Oak
TRE_0314,971,339,45,53.59,26.52,14.59,53.35,957,Beech
TRE_0315,747,320,4,71.65,9.03,14.13,39.78,1691,Oak
TRE_0316,331,115,43,43.5,11.12,8.65,82.53,663,Oak
TRE_0317,2006,272,22,24.74,14.62,11.32,31.51,1268,Fir
TRE_0318,215,147,21,37.22,34.02,19.81,49.92,761,Oak
TRE_0319,1293,197,42,61.98,52.29,31.9,64.28,715,Beech
TRE_0320,1277,293,24,21.06,44.12,19.84,61.85,1259,Black_Pine
TRE_0321,1914,240,38,32.55,35.22,25.23,34.81,654,Scotch_Pine
TRE_0322,1726,247,38,53.73,9.98,11.08,27.99,830,Scotch_Pine
TRE_0323,1534,346,29,49.97,61.16,39.31,41.19,1063,Beech
TRE_0324,743,259,36,61.68,74.66,43.23,75.73,1462,Oak
TRE_0325,1598,61,31,44.95,71.29,38.65,45.38,1789,Black_Pine
TRE_0326,1099,184,13,46.0,73.33,48.32,70.63,605,Beech
TRE_0327,1340,64,17,69.93,61.39,27.2,59.98,1540,Beech
TRE_0328,1650,310,20,69.82,21.21,15.16,63.35,627,Scotch_Pine
TRE_0329,1982,236,37,71.36,81.17,37.57,33.07,1233,Fir
TRE_0330,245,65,8,52.3,38.96,18.9,48.53,748,Oak
TRE_0331,731,98,19,44.75,93.9,59.84,71.18,1337,Oak
TRE_0332,554,316,29,66.95,7.19,7.88,16.9,1761,Oak
TRE_0333,1475,309,31,20.51,51.08,22.12,82.3,745,Black_Pine
TRE_0334,434,263,36,8.7,67.98,47.0,42.37,1797,Turkish_Pine
TRE_0335,1505,133,26,23.89,21.83,18.24,82.17,680,Black_Pine
TRE_0336,473,302,24,21.95,41.08,29.48,53.19,873,Turkish_Pine
TRE_0337,1527,2,1,64.79,61.35,24.01,38.65,1719,Beech
TRE_0338,446,355,41,46.98,83.49,51.58,54.69,1499,Oak
TRE_0339,1890,349,19,13.49,35.29,27.39,31.42,420,Scotch_Pine
TRE_0340,1973,131,17,13.29,10.23,6.11,83.88,1678,Fir
TRE_0341,1795,249,14,25.93,73.57,38.7,21.64,412,Scotch_Pine
TRE_0342,1144,237,44,15.65,56.17,39.31,21.6,950,Black_Pine
TRE_0343,1809,100,30,33.68,47.94,21.95,24.34,1237,Fir
TRE_0344,1068,234,9,49.75,34.58,24.93,31.41,461,Beech
TRE_0345,1869,353,35,74.19,15.96,16.39,58.97,1457,Fir
TRE_0346,1276,255,37,9.68,7.19,8.63,35.04,663,Black_Pine
TRE_0347,620,150,37,58.45,74.09,52.56,35.45,1125,Oak
TRE_0348,363,68,35,67.88,45.71,17.31,39.88,1623,Oak
TRE_0349,905,176,0,67.21,40.03,17.97,82.86,1539,Beech
TRE_0350,1051,260,13,72.2,42.52,19.96,21.49,1300,Beech
TRE_0351,1573,104,25,17.18,85.62,40.39,66.08,752,Black_Pine
TRE_0352,1537,64,35,50.85,14.58,13.67,24.98,658,Beech
TRE_0353,709,20,4,45.4,15.72,12.67,47.5,817,Oak
TRE_0354,416,125,2,41.52,80.82,30.66,68.23,1534,Oak
TRE_0355,1600,300,31,52.58,79.94,56.47,26.35,722,Scotch_Pine
TRE_0356,330,153,11,31.17,26.74,13.76,82.65,1275,Turkish_Pine
TRE_0357,645,296,42,71.89,18.1,20.0,43.6,1476,Oak
TRE_0358,2191,316,10,58.11,18.38,14.51,47.46,1412,Fir
TRE_0359,1264,35,7,56.48,28.49,21.64,59.23,1614,Beech
TRE_0360,1301,203,19,67.41,59.11,35.88,17.92,637,Beech
TRE_0361,998,75,2,61.69,57.49,42.39,75.25,1558,Beech
TRE_0362,366,274,8,30.79,62.08,35.51,25.84,1506,Turkish_Pine
TRE_0363,1723,235,10,53.12,40.57,28.09,52.06,810,Scotch_Pine
TRE_0364,1457,247,28,62.48,77.7,38.57,32.15,1285,Beech
TRE_0365,561,286,1,64.97,8.04,12.43,19.99,865,Oak
TRE_0366,1460,132,40,57.36,88.89,53.99,68.5,1158,Beech
TRE_0367,1148,3,30,20.11,50.17,26.66,21.6,1494,Black_Pine
TRE_0368,1235,259,21,55.68,72.74,37.37,52.08,1233,Beech
TRE_0369,1030,148,9,6.62,67.8,32.12,70.95,1377,Black_Pine
TRE_0370,1878,341,12,19.79,17.83,16.41,82.09,526,Scotch_Pine
TRE_0371,2163,153,17,26.99,16.55,18.3,20.57,1768,Fir
TRE_0372,950,160,37,5.41,23.69,14.49,46.16,906,Black_Pine
TRE_0373,1225,175,6,70.43,19.57,15.39,80.85,459,Beech
TRE_0374,1319,97,22,6.29,93.77,59.86,35.26,1632,Black_Pine
TRE_0375,484,228,28,26.84,45.86,19.43,64.24,1322,Turkish_Pine
TRE_0376,2164,69,44,32.41,60.26,38.25,55.52,897,Scotch_Pine
TRE_0377,473,82,44,44.06,23.39,15.97,76.92,1573,Oak
TRE_0378,356,245,43,14.27,77.42,40.53,31.12,734,Turkish_Pine
TRE_0379,557,225,16,67.51,76.31,33.0,43.66,945,Oak
TRE_0380,907,190,37,53.26,89.8,37.57,82.32,1529,Beech
TRE_0381,432,46,5,45.99,34.21,19.31,47.29,1000,Oak
TRE_0382,665,158,34,35.83,8.71,9.95,77.53,1023,Oak
TRE_0383,1581,20,40,6.58,78.51,32.88,52.67,937,Black_Pine
TRE_0384,775,176,5,54.65,21.48,11.26,45.96,647,Oak
TRE_0385,637,98,40,15.59,84.06,39.17,43.86,1489,Turkish_Pine
TRE_0386,444,264,1,14.46,29.65,19.04,47.11,987,Turkish_Pine
TRE_0387,2177,289,27,69.49,48.37,19.85,47.8,543,Scotch_Pine
TRE_0388,580,78,30,5.73,8.73,12.77,68.64,752,Turkish_Pine
TRE_0389,414,97,39,69.31,5.99,12.99,33.99,1779,Oak
TRE_0390,564,286,44,36.17,32.26,23.87,75.66,487,Oak
TRE_0391,475,63,9,10.76,33.38,16.75,48.88,1415,Turkish_Pine
TRE_0392,356,17,17,63.09,94.08,41.03,31.63,1421,Oak
TRE_0393,1060,184,26,9.83,5.26,7.56,74.64,1592,Black_Pine
TRE_0394,1289,266,11,58.15,86.06,33.68,75.24,987,Beech
TRE_0395,1399,252,40,40.05,16.68,9.35,71.25,1762,Black_Pine
TRE_0396,919,304,12,26.39,35.97,16.93,26.39,1327,Black_Pine
TRE_0397,1828,35,9,42.56,52.12,26.58,82.42,945,Scotch_Pine
TRE_0398,1544,112,22,19.84,25.35,18.63,73.45,1709,Black_Pine
TRE_0399,1419,282,29,30.19,82.22,41.38,59.73,1580,Black_Pine
TRE_0400,2002,317,15,43.35,18.41,16.15,49.44,1579,Fir
TRE_0401,858,188,31,21.27,9.21,10.08,75.59,695,Black_Pine
TRE_0402,521,222,19,28.28,18.73,19.38,76.89,1005,Turkish_Pine
TRE_0403,2185,328,4,9.93,11.86,7.8,61.38,1379,Fir
TRE_0404,1683,273,38,45.98,80.18,51.07,36.82,1276,Fir
TRE_0405,763,2,37,29.17,71.73,33.34,76.3,1136,Turkish_Pine
TRE_0406,993,98,8,69.39,31.91,14.03,83.81,1420,Beech
TRE_0407,536,326,23,15.58,22.11,18.84,23.0,992,Turkish_Pine
TRE_0408,2114,109,0,14.71,56.4,38.93,72.89,1031,Fir
TRE_0409,226,33,26,66.99,35.32,17.31,59.61,530,Oak
TRE_0410,2107,347,23,72.66,25.5,15.96,45.41,439,Scotch_Pine
TRE_0411,1792,66,45,44.01,12.94,7.0,45.89,469,Scotch_Pine
TRE_0412,1646,171,24,5.24,84.0,38.31,69.76,687,Scotch_Pine
TRE_0413,734,77,13,64.99,42.15,26.59,17.12,1407,Oak
TRE_0414,201,105,34,50.66,22.66,18.5,67.28,555,Oak
TRE_0415,1158,16,45,5.79,93.22,50.65,41.59,1423,Black_Pine
TRE_0416,300,209,21,44.12,34.68,22.19,19.36,932,Oak
TRE_0417,243,38,18,33.51,60.76,27.19,45.08,1704,Turkish_Pine
TRE_0418,808,300,30,9.85,79.39,49.1,28.81,1524,Black_Pine
TRE_0419,2103,286,27,69.14,37.17,27.89,21.34,676,Scotch_Pine
TRE_0420,1698,100,4,11.69,15.6,14.71,63.89,467,Scotch_Pine
TRE_0421,1754,40,10,63.89,77.63,37.75,50.04,1237,Fir
TRE_0422,233,154,17,71.68,94.51,62.01,60.41,1295,Oak
TRE_0423,268,86,6,25.7,18.15,13.95,55.99,421,Turkish_Pine
TRE_0424,1822,163,20,64.88,77.33,34.57,68.55,1480,Fir
TRE_0425,1875,133,5,43.21,78.78,34.44,68.19,898,Scotch_Pine
TRE_0426,791,109,36,15.63,77.45,41.39,36.25,1598,Turkish_Pine
TRE_0427,1642,351,12,58.5,7.39,12.98,25.29,1094,Fir
TRE_0428,229,242,31,61.15,73.85,46.09,22.0,1598,Oak
TRE_0429,1623,193,18,45.91,28.18,22.98,37.35,1340,Fir
TRE_0430,1183,95,12,58.32,38.11,14.35,18.52,583,Beech
TRE_0431,404,335,0,55.85,77.14,45.59,47.57,883,Oak
TRE_0432,1482,31,25,48.5,6.85,7.17,45.78,1207,Beech
TRE_0433,806,290,2,59.29,50.6,34.71,36.28,1208,Beech
TRE_0434,396,147,7,34.94,93.04,56.51,48.32,1541,Turkish_Pine
TRE_0435,1136,128,22,24.19,52.66,38.61,22.08,1672,Black_Pine
TRE_0436,915,224,31,65.37,73.48,25.23,42.78,1186,Beech
TRE_0437,1688,76,3,69.8,56.69,30.41,68.88,585,Scotch_Pine
TRE_0438,455,114,14,49.96,51.73,27.75,82.76,739,Oak
TRE_0439,1441,108,34,46.95,6.35,10.7,66.53,767,Beech
TRE_0440,686,82,2,21.75,79.44,36.27,44.11,625,Turkish_Pine
TRE_0441,1479,325,0,47.09,87.75,39.84,50.34,1173,Beech
TRE_0442,893,123,31,74.57,61.82,37.26,32.82,423,Beech
TRE_0443,541,184,27,35.65,10.5,11.64,28.16,1605,Oak
TRE_0444,461,134,16,29.99,46.32,20.44,58.93,1371,Turkish_Pine
TRE_0445,2147,27,32,33.7,77.54,44.03,24.5,1568,Fir
TRE_0446,670,3,21,68.35,83.28,54.81,48.68,1349,Oak
TRE_0447,356,248,25,45.03,12.07,15.99,54.94,1153,Oak
TRE_0448,1736,245,17,7.82,52.57,29.49,43.0,408,Scotch_Pine
TRE_0449,1718,353,42,60.95,64.32,39.37,55.79,1482,Fir
TRE_0450,2091,233,1,61.38,9.67,9.68,64.1,565,Scotch_Pine
TRE_0451,2038,312,34,33.18,15.3,15.02,46.59,1520,Fir
TRE_0452,1563,94,31,63.96,69.96,30.04,69.73,1358,Beech
TRE_0453,675,262,27,24.66,75.43,35.82,28.36,571,Turkish_Pine
TRE_0454,1695,343,37,48.05,38.17,26.5,61.59,1249,Fir
TRE_0455,1756,121,8,30.89,23.36,16.8,48.35,659,Scotch_Pine
TRE_0456,1021,10,9,41.67,74.94,40.79,38.3,1156,Black_Pine
TRE_0457,705,354,27,56.32,9.52,10.57,29.3,1341,Oak
TRE_0458,710,21,4,10.36,15.84,10.64,67.22,1068,Turkish_Pine
TRE_0459,529,124,29,40.24,52.42,36.59,38.63,1570,Oak
TRE_0460,1237,209,44,23.14,72.39,31.28,73.76,1551,Black_Pine
TRE_0461,979,177,42,56.54,20.94,14.57,54.95,1106,Beech
TRE_0462,1538,200,21,73.01,59.27,28.22,62.57,621,Beech
TRE_0463,322,118,44,74.53,35.53,30.01,43.37,1652,Oak
TRE_0464,1084,275,36,46.67,50.1,35.0,67.11,986,Beech
TRE_0465,1034,108,0,45.05,9.22,6.47,83.05,512,Beech
TRE_0466,221,11,5,34.72,90.77,34.06,53.95,1517,Turkish_Pine
TRE_0467,788,103,15,56.63,84.34,49.63,23.59,1786,Oak
TRE_0468,496,101,6,22.71,43.14,28.3,38.6,647,Turkish_Pine
TRE_0469,803,28,33,10.74,82.76,38.63,30.58,556,Black_Pine
TRE_0470,1047,285,44,42.73,90.19,56.17,80.63,780,Black_Pine
TRE_0471,1277,28,16,48.93,93.72,39.7,33.36,1541,Beech
TRE_0472,1391,297,33,52.32,89.19,32.02,80.89,1613,Beech
TRE_0473,563,134,38,19.76,46.17,28.48,22.73,1252,Turkish_Pine
TRE_0474,1134,121,25,35.53,20.85,20.77,81.59,986,Black_Pine
TRE_0475,653,61,9,48.98,91.66,51.81,47.18,1703,Oak
TRE_0476,1285,232,17,7.53,70.29,42.99,37.37,457,Black_Pine
TRE_0477,1939,200,44,18.09,40.33,20.69,76.43,995,Scotch_Pine
TRE_0478,2073,289,4,45.0,61.42,43.96,70.14,1242,Fir
TRE_0479,865,353,34,28.24,87.05,54.91,67.7,645,Black_Pine
TRE_0480,1599,290,23,52.38,68.77,28.83,71.12,633,Beech
TRE_0481,1852,252,25,36.58,37.08,24.38,54.86,1355,Fir
TRE_0482,714,185,0,64.45,68.52,35.52,19.87,711,Oak
TRE_0483,330,320,31,67.79,94.93,40.88,81.16,1206,Oak
TRE_0484,2071,229,0,59.08,87.36,32.82,55.62,1171,Fir
TRE_0485,320,314,18,58.06,19.61,16.25,25.64,859,Oak
TRE_0486,2036,319,9,7.37,89.49,35.54,20.33,1027,Fir
TRE_0487,645,80,18,60.08,28.68,25.45,72.72,1266,Oak
TRE_0488,821,97,11,27.09,77.36,38.16,62.93,582,Black_Pine
TRE_0489,721,276,42,32.5,79.11,34.53,63.84,1534,Turkish_Pine
TRE_0490,235,63,5,73.52,83.23,49.54,82.21,904,Oak
TRE_0491,1971,82,2,52.87,33.45,23.32,57.09,708,Scotch_Pine
TRE_0492,317,45,15,38.52,93.6,47.62,76.98,1505,Oak
TRE_0493,2140,167,44,47.14,14.14,17.47,20.45,1300,Fir
TRE_0494,928,301,6,59.19,19.47,8.56,32.35,761,Beech
TRE_0495,415,117,17,66.86,58.13,25.75,82.31,1052,Oak
TRE_0496,1646,44,29,67.96,52.91,31.92,23.8,540,Scotch_Pine
TRE_0497,490,319,2,11.67,36.17,17.46,71.29,414,Turkish_Pine
TRE_0498,1568,189,18,40.81,15.63,11.98,65.9,634,Black_Pine
TRE_0499,1433,12,6,30.72,78.07,39.17,28.06,580,Black_Pine
TRE_0500,506,288,18,33.32,30.74,16.83,32.5,859,Turkish_Pine
TRE_0501,1290,208,43,9.55,32.59,15.88,79.64,1144,Black_Pine
TRE_0502,1365,252,15,67.67,11.63,13.97,77.7,571,Beech
TRE_0503,701,117,5,72.84,79.8,31.6,38.93,965,Oak
TRE_0504,1312,67,42,33.4,87.3,40.55,33.05,1705,Black_Pine
TRE_0505,1813,115,23,66.15,17.2,13.78,30.1,473,Scotch_Pine
TRE_0506,1070,214,25,17.05,35.09,25.34,41.89,1200,Black_Pine
TRE_0507,250,125,10,67.56,87.67,58.85,21.62,1697,Oak
TRE_0508,1008,283,44,16.93,20.74,17.34,80.65,1294,Black_Pine
TRE_0509,1118,192,29,48.76,13.89,10.78,49.38,526,Beech
TRE_0510,866,266,5,19.35,93.21,47.64,20.72,467,Black_Pine
TRE_0511,529,67,4,50.0,5.39,9.06,58.86,631,Oak
TRE_0512,276,223,42,16.89,82.47,42.56,68.44,1469,Turkish_Pine
TRE_0513,1824,40,8,25.07,87.2,37.08,20.91,1590,Fir
TRE_0514,1382,111,45,15.95,54.15,28.58,74.58,951,Black_Pine
TRE_0515,870,110,28,27.15,35.56,18.65,60.75,799,Black_Pine
TRE_0516,856,29,13,26.99,35.69,14.21,16.71,1535,Black_Pine
TRE_0517,1606,52,4,33.93,38.05,21.78,71.4,1397,Fir
TRE_0518,1027,24,31,53.63,90.53,30.44,26.34,862,Beech
TRE_0519,358,58,39,44.62,13.03,11.93,63.1,646,Oak
TRE_0520,1589,83,40,67.09,71.48,25.27,48.75,948,Beech
TRE_0521,388,290,39,17.82,24.04,15.75,43.87,1619,Turkish_Pine
TRE_0522,1053,194,13,71.82,11.16,13.25,47.57,1337,Beech
TRE_0523,869,98,9,50.74,15.9,14.95,58.2,783,Beech
TRE_0524,1690,133,20,62.39,75.14,30.32,62.1,1501,Fir
TRE_0525,806,58,15,20.91,57.64,28.96,30.13,1412,Black_Pine
TRE_0526,1857,182,45,64.41,39.11,20.51,70.97,1570,Fir
TRE_0527,483,307,23,10.5,30.43,20.23,66.57,986,Turkish_Pine
TRE_0528,2118,194,20,33.12,36.17,18.52,27.39,735,Scotch_Pine
TRE_0529,1421,183,37,71.32,63.16,40.39,33.42,428,Beech
TRE_0530,1844,3,20,57.39,52.76,40.78,76.71,1747,Fir
TRE_0531,317,293,32,25.85,8.14,10.79,52.77,1156,Turkish_Pine
TRE_0532,1575,245,8,45.76,30.33,20.36,84.98,1544,Beech
TRE_0533,2069,60,8,34.07,39.85,23.57,72.87,563,Scotch_Pine
TRE_0534,1145,158,19,23.4,39.37,28.24,46.41,661,Black_Pine
TRE_0535,1324,37,27,32.57,52.71,30.01,70.5,1174,Black_Pine
TRE_0536,1937,176,10,59.55,14.83,13.85,62.62,1760,Fir
TRE_0537,864,184,41,69.92,71.98,39.63,65.79,1431,Beech
TRE_0538,1561,235,6,41.67,63.22,27.84,81.06,1539,Black_Pine
TRE_0539,526,118,11,62.84,90.98,47.28,73.26,829,Oak
TRE_0540,1604,214,6,9.6,44.93,23.21,61.66,1673,Fir
TRE_0541,634,278,7,48.34,33.32,22.72,36.38,1594,Oak
TRE_0542,1520,213,44,68.71,48.64,31.42,81.13,1631,Beech
TRE_0543,1709,195,6,20.37,68.18,41.74,84.67,1198,Fir
TRE_0544,1515,121,38,27.37,60.95,30.05,63.41,933,Black_Pine
TRE_0545,1486,215,36,74.24,89.59,59.82,64.86,1342,Beech
TRE_0546,484,20,39,64.33,59.11,38.99,33.8,1144,Oak
TRE_0547,337,128,11,45.33,57.88,34.26,17.3,1306,Oak
TRE_0548,1112,207,19,49.42,81.95,30.47,79.25,1375,Beech
TRE_0549,460,353,19,56.95,77.05,45.46,43.26,1586,Oak
TRE_0550,1486,272,14,47.18,18.97,13.53,83.23,726,Beech
TRE_0551,1921,222,14,36.84,62.05,30.91,73.51,419,Scotch_Pine
TRE_0552,360,64,11,16.82,19.13,14.2,67.29,1676,Turkish_Pine
TRE_0553,2147,31,28,27.85,62.41,41.36,60.53,1685,Fir
TRE_0554,1343,159,14,8.57,22.86,14.91,50.98,1350,Black_Pine
TRE_0555,2123,360,14,69.18,24.6,11.31,21.85,1086,Fir
TRE_0556,1657,173,45,18.12,5.29,9.27,60.06,1239,Fir
TRE_0557,207,324,36,6.3,91.72,44.35,60.96,1174,Turkish_Pine
TRE_0558,1679,273,23,7.88,64.04,36.12,69.84,1048,Fir
TRE_0559,1880,263,12,28.25,43.15,21.89,47.79,1469,Fir
TRE_0560,718,208,8,19.06,40.05,22.64,78.93,1019,Turkish_Pine
TRE_0561,2006,129,36,63.83,80.91,43.37,51.62,894,Scotch_Pine
TRE_0562,1538,74,40,68.04,13.78,16.09,39.07,1221,Beech
TRE_0563,397,136,38,13.75,92.35,55.82,27.2,1151,Turkish_Pine
TRE_0564,1154,345,17,12.28,24.61,13.48,21.85,650,Black_Pine
TRE_0565,1227,243,28,58.21,62.9,32.84,63.19,1077,Beech
TRE_0566,1211,185,26,70.58,53.4,38.51,57.64,539,Beech
TRE_0567,1909,95,26,46.96,87.73,44.42,34.04,1366,Fir
TRE_0568,896,256,11,6.48,63.07,36.06,50.92,1338,Black_Pine
TRE_0569,1063,89,2,26.13,75.96,44.63,32.52,574,Black_Pine
TRE_0570,1460,118,14,44.06,12.26,9.25,58.08,485,Black_Pine
TRE_0571,708,235,19,30.27,24.72,18.56,56.77,1715,Turkish_Pine
TRE_0572,2020,312,11,38.83,66.9,35.53,17.44,1599,Fir
TRE_0573,1559,206,39,53.05,16.82,12.98,31.39,939,Beech
TRE_0574,1017,145,12,16.1,67.96,36.66,48.49,477,Black_Pine
TRE_0575,1927,69,23,34.65,79.29,46.48,27.14,795,Scotch_Pine
TRE_0576,1857,121,44,21.5,35.3,26.63,43.08,1344,Fir
TRE_0577,1412,324,25,42.93,13.86,11.25,80.4,1233,Black_Pine
TRE_0578,495,172,0,37.07,46.58,26.68,81.08,795,Oak
TRE_0579,537,247,4,40.98,30.86,15.36,50.02,892,Oak
TRE_0580,1088,259,14,39.5,25.82,17.65,30.93,1127,Black_Pine
TRE_0581,440,269,37,63.17,91.92,43.05,39.13,1788,Oak
TRE_0582,557,258,32,19.51,41.05,25.32,66.28,1368,Turkish_Pine
TRE_0583,2036,122,21,59.62,39.82,28.36,38.15,1271,Fir
TRE_0584,1237,23,21,56.35,46.46,22.45,62.46,1429,Beech
TRE_0585,1036,45,39,41.23,82.29,46.09,51.62,1476,Black_Pine
TRE_0586,305,348,1,64.64,91.8,37.83,59.79,1327,Oak
TRE_0587,872,290,2,24.43,49.38,30.73,36.73,1379,Black_Pine
TRE_0588,493,75,22,33.49,32.68,24.18,54.35,627,Turkish_Pine
TRE_0589,1121,330,14,7.71,17.04,10.94,43.35,1001,Black_Pine
TRE_0590,437,245,9,25.27,7.99,9.12,18.92,876,Turkish_Pine
TRE_0591,2115,148,35,13.86,70.12,27.66,35.91,477,Scotch_Pine
TRE_0592,672,255,8,59.55,20.19,14.0,78.84,1646,Oak
TRE_0593,1308,235,38,43.26,12.69,15.16,28.9,1118,Black_Pine
TRE_0594,1196,12,11,28.89,68.47,34.39,52.35,1042,Black_Pine
TRE_0595,1511,65,26,73.09,52.21,28.97,67.03,1028,Beech
TRE_0596,1806,126,44,44.96,35.3,22.22,64.46,435,Scotch_Pine
TRE_0597,212,60,30,9.34,43.36,24.94,79.81,843,Turkish_Pine
TRE_0598,1433,304,3,43.08,34.19,28.49,59.61,1397,Black_Pine
TRE_0599,2018,127,31,51.66,6.22,13.18,78.92,1621,Fir
TRE_0600,830,168,38,46.5,88.26,49.74,49.42,865,Beech
TRE_0601,2081,276,3,8.24,89.03,32.28,58.02,568,Scotch_Pine
TRE_0602,1942,227,44,26.58,33.01,20.03,32.52,1654,Fir
TRE_0603,1106,142,19,30.97,79.52,38.24,36.09,792,Black_Pine
TRE_0604,676,153,5,66.08,47.77,27.66,33.19,1294,Oak
TRE_0605,1393,238,43,15.95,5.21,10.31,65.13,839,Black_Pine
TRE_0606,866,191,37,40.42,6.66,13.5,54.15,1430,Black_Pine
TRE_0607,2044,167,21,11.04,91.79,55.08,69.08,515,Scotch_Pine
TRE_0608,2027,108,15,6.93,82.1,44.32,57.77,760,Scotch_Pine
TRE_0609,684,104,30,12.24,48.8,22.37,74.91,459,Turkish_Pine
TRE_0610,1550,14,29,47.77,33.89,19.2,64.96,814,Beech
TRE_0611,450,207,29,72.15,36.04,21.57,16.03,984,Oak
TRE_0612,1379,94,43,37.62,76.64,48.97,18.32,540,Black_Pine
TRE_0613,769,342,32,5.97,33.81,22.14,73.91,1525,Turkish_Pine
TRE_0614,1690,39,20,70.25,45.77,19.49,35.4,1744,Fir
TRE_0615,1524,34,23,72.14,58.41,35.33,37.19,958,Beech
TRE_0616,1062,31,45,42.39,20.28,8.4,50.55,1790,Black_Pine
TRE_0617,1583,118,14,67.18,14.22,12.25,23.78,987,Beech
TRE_0618,431,159,9,7.56,37.44,17.17,42.35,560,Turkish_Pine
TRE_0619,452,219,11,36.65,75.48,50.31,63.33,581,Oak
TRE_0620,850,260,31,53.87,68.1,37.51,48.89,549,Beech
TRE_0621,860,103,10,28.72,41.52,25.21,69.53,1575,Black_Pine
TRE_0622,2081,317,34,23.37,70.2,38.84,23.35,786,Scotch_Pine
TRE_0623,1033,208,15,42.4,64.98,32.0,19.33,1017,Black_Pine
TRE_0624,709,9,30,28.68,63.87,29.59,28.17,669,Turkish_Pine
TRE_0625,918,332,16,20.59,23.58,13.92,16.47,881,Black_Pine
TRE_0626,1312,40,6,25.54,28.67,18.48,45.73,1572,Black_Pine
TRE_0627,553,143,31,41.45,21.81,11.12,72.48,659,Oak
TRE_0628,1941,328,34,43.06,90.72,44.67,33.79,1543,Fir
TRE_0629,638,302,35,65.2,15.4,9.27,56.79,1575,Oak
TRE_0630,649,89,40,63.17,9.61,11.45,57.48,1346,Oak
TRE_0631,563,302,19,7.94,91.67,53.0,18.21,658,Turkish_Pine
TRE_0632,1381,297,26,23.05,71.84,46.03,21.89,425,Black_Pine
TRE_0633,268,2,9,29.91,5.33,6.41,33.97,1102,Turkish_Pine
TRE_0634,2103,331,16,26.67,69.82,47.34,18.94,428,Scotch_Pine
TRE_0635,1786,184,35,19.52,39.43,25.11,38.31,789,Scotch_Pine
TRE_0636,304,8,30,53.57,8.87,12.91,59.95,722,Oak
TRE_0637,334,65,15,17.29,30.01,20.45,67.69,642,Turkish_Pine
TRE_0638,800,27,43,26.27,30.96,18.91,58.65,1631,Black_Pine
TRE_0639,1573,319,42,27.91,38.9,19.67,60.34,1361,Black_Pine
TRE_0640,471,277,15,26.6,41.34,26.41,71.27,1629,Turkish_Pine
TRE_0641,936,18,8,44.21,16.15,14.52,39.62,1566,Black_Pine
TRE_0642,2054,229,45,41.78,59.06,31.1,51.26,1775,Fir
TRE_0643,708,39,34,53.65,72.49,48.64,79.32,500,Oak
TRE_0644,2007,177,4,64.04,31.15,23.97,78.75,811,Scotch_Pine
TRE_0645,1871,145,2,52.03,81.97,52.83,72.29,1054,Fir
TRE_0646,699,106,37,37.8,41.34,22.61,65.41,878,Oak
TRE_0647,1100,221,23,61.19,23.65,11.64,82.99,1420,Beech
TRE_0648,1296,150,24,38.44,60.57,40.2,31.04,1246,Black_Pine
TRE_0649,1370,235,32,49.16,24.78,16.73,17.51,1160,Beech
TRE_0650,1833,97,12,25.16,76.81,55.36,49.03,416,Scotch_Pine
TRE_0651,1591,23,12,28.61,14.44,14.09,35.47,1062,Black_Pine
TRE_0652,1145,219,42,59.28,94.77,47.39,22.23,894,Beech
TRE_0653,1836,302,13,41.66,86.34,41.92,39.99,575,Scotch_Pine
TRE_0654,1126,280,8,47.61,30.48,17.79,26.27,673,Beech
TRE_0655,1576,94,41,38.33,90.85,46.11,24.71,596,Black_Pine
TRE_0656,1108,76,39,68.33,33.89,22.37,29.32,492,Beech
TRE_0657,1877,55,23,43.97,81.18,53.03,82.82,1394,Fir
TRE_0658,1259,95,32,12.2,52.9,32.28,28.19,909,Black_Pine
TRE_0659,551,21,12,10.39,65.92,36.19,55.72,1669,Turkish_Pine
TRE_0660,1174,153,40,11.63,62.66,43.26,72.96,1596,Black_Pine
TRE_0661,932,58,13,20.32,43.61,31.73,36.52,1518,Black_Pine
TRE_0662,560,259,13,22.57,94.33,43.53,52.67,745,Turkish_Pine
TRE_0663,1451,115,34,22.01,6.19,11.85,38.49,1217,Black_Pine
TRE_0664,995,74,9,23.67,62.68,31.16,79.29,448,Black_Pine
TRE_0665,1442,340,4,54.28,78.18,43.22,34.94,790,Beech
TRE_0666,1038,79,33,7.08,71.85,46.46,37.57,644,Black_Pine
TRE_0667,993,79,13,14.7,89.75,48.09,63.64,1603,Black_Pine
TRE_0668,423,200,6,19.62,13.03,9.13,82.51,1043,Turkish_Pine
TRE_0669,1208,5,40,74.73,35.55,29.33,55.41,733,Beech
TRE_0670,1627,69,40,31.83,56.26,34.65,49.75,1292,Fir
TRE_0671,1722,262,20,70.27,82.37,51.1,78.13,708,Scotch_Pine
TRE_0672,837,89,14,58.83,31.86,22.94,84.17,1589,Beech
TRE_0673,1391,312,25,46.91,64.4,39.89,37.96,1685,Beech
TRE_0674,1954,199,0,25.23,72.94,31.56,38.27,694,Scotch_Pine
TRE_0675,789,44,1,43.71,57.62,41.15,70.98,1519,Oak
TRE_0676,1835,286,31,57.12,50.76,29.92,18.87,1009,Fir
TRE_0677,688,131,36,64.96,93.34,52.03,17.4,1752,Oak
TRE_0678,1796,283,25,51.55,39.96,24.92,20.2,1667,Fir
TRE_0679,389,225,14,50.81,47.61,20.26,33.05,1405,Oak
TRE_0680,2073,117,17,48.92,82.04,39.81,57.56,434,Scotch_Pine
TRE_0681,1691,61,4,50.58,35.98,17.6,33.59,1168,Fir
TRE_0682,272,276,6,15.69,38.42,23.78,24.82,1461,Turkish_Pine
TRE_0683,1808,25,0,44.47,13.56,7.0,20.76,523,Scotch_Pine
TRE_0684,1212,352,1,22.97,13.05,10.09,77.24,1478,Black_Pine
TRE_0685,819,157,15,33.9,57.19,23.61,83.47,1664,Black_Pine
TRE_0686,342,63,45,47.22,19.83,13.45,63.94,1259,Oak
TRE_0687,818,169,24,19.3,87.21,44.07,59.23,752,Black_Pine
TRE_0688,225,49,42,50.65,31.62,19.72,48.78,932,Oak
TRE_0689,2153,269,25,23.84,73.55,47.59,21.65,1049,Fir
TRE_0690,1690,79,23,62.01,7.82,5.46,50.8,1394,Fir
TRE_0691,1685,71,42,50.01,94.09,50.33,57.23,1151,Fir
TRE_0692,509,252,0,63.78,22.47,14.45,33.22,921,Oak
TRE_0693,1759,341,43,66.6,14.46,7.65,65.29,452,Scotch_Pine
TRE_0694,368,11,20,15.31,26.42,18.44,21.87,1770,Turkish_Pine
TRE_0695,933,335,4,12.25,80.59,48.51,45.07,1604,Black_Pine
TRE_0696,739,225,44,29.19,42.71,26.89,52.54,672,Turkish_Pine
TRE_0697,665,20,3,40.27,37.16,30.42,34.79,1262,Oak
TRE_0698,1500,69,8,74.85,36.04,19.0,46.5,614,Beech
TRE_0699,1845,27,41,14.5,25.74,19.3,18.28,804,Scotch_Pine
TRE_0700,1739,245,8,72.56,34.78,21.69,76.96,1523,Fir
TRE_0701,1556,112,18,20.82,12.22,12.93,27.58,956,Black_Pine
TRE_0702,422,237,12,65.47,67.74,30.91,37.55,1309,Oak
TRE_0703,377,123,17,68.83,38.1,26.54,83.18,649,Oak
TRE_0704,1797,104,31,61.09,93.2,37.8,20.71,1286,Fir
TRE_0705,1797,247,14,54.82,81.36,34.04,77.6,762,Scotch_Pine
TRE_0706,281,182,10,42.1,11.44,8.51,38.1,1238,Oak
TRE_0707,2041,327,7,25.98,82.85,58.25,72.3,1054,Fir
TRE_0708,250,150,5,37.94,8.1,12.52,49.41,1202,Oak
TRE_0709,2159,117,20,39.6,78.92,52.24,48.94,1496,Fir
TRE_0710,259,274,26,30.24,53.98,37.43,22.32,586,Turkish_Pine
TRE_0711,1798,158,19,52.97,91.67,55.68,43.26,1524,Fir
TRE_0712,1441,355,32,70.73,24.69,15.97,50.81,1048,Beech
TRE_0713,391,77,38,15.97,32.89,18.11,75.33,1565,Turkish_Pine
TRE_0714,542,273,6,23.36,61.03,29.62,38.43,1110,Turkish_Pine
TRE_0715,1161,356,14,74.05,49.53,35.86,64.73,865,Beech
TRE_0716,1507,199,25,59.45,25.98,16.14,56.16,1093,Beech
TRE_0717,875,163,23,69.31,21.69,13.88,41.15,1369,Beech
TRE_0718,582,126,28,52.17,86.75,38.47,41.46,841,Oak
TRE_0719,1808,346,17,59.33,38.02,19.62,67.65,612,Scotch_Pine
TRE_0720,1312,313,34,20.22,73.38,34.21,84.58,1206,Black_Pine
TRE_0721,669,143,0,25.42,85.97,37.65,15.74,1679,Turkish_Pine
TRE_0722,613,169,41,38.68,30.97,25.87,32.23,1230,Oak
TRE_0723,2073,117,9,13.84,46.27,30.39,45.27,1732,Fir
TRE_0724,1311,334,22,73.37,43.23,24.89,79.28,1566,Beech
TRE_0725,1575,158,32,58.27,59.6,31.38,16.17,1752,Beech
TRE_0726,540,281,23,49.97,49.16,35.74,67.18,1108,Oak
TRE_0727,1075,54,28,68.92,19.12,14.1,56.39,604,Beech
TRE_0728,422,154,27,48.87,68.45,37.9,41.64,741,Oak
TRE_0729,1561,4,42,35.14,90.72,43.65,31.14,1217,Black_Pine
TRE_0730,1587,281,4,41.72,83.41,54.19,28.47,939,Black_Pine
TRE_0731,2164,336,16,43.08,78.38,38.46,37.75,1013,Fir
TRE_0732,1639,8,13,33.42,9.02,12.82,47.65,1327,Fir
TRE_0733,1678,270,1,21.02,30.66,25.12,25.24,1262,Fir
TRE_0734,1010,124,35,12.22,62.43,42.38,19.11,408,Black_Pine
TRE_0735,1920,166,34,63.74,25.32,20.13,67.28,416,Scotch_Pine
TRE_0736,1918,3,24,55.73,10.4,13.67,80.54,1369,Fir
TRE_0737,231,76,22,11.88,18.18,18.0,61.97,463,Turkish_Pine
TRE_0738,458,349,39,43.35,55.5,34.39,79.73,984,Oak
TRE_0739,937,166,19,17.04,19.61,15.87,49.43,1090,Black_Pine
TRE_0740,721,252,3,24.91,64.86,36.57,25.05,487,Turkish_Pine
TRE_0741,2177,150,44,27.16,21.23,14.27,37.2,935,Scotch_Pine
TRE_0742,1400,204,5,16.84,37.95,20.19,78.06,967,Black_Pine
TRE_0743,1384,319,40,13.96,38.52,27.69,27.03,1152,Black_Pine
TRE_0744,1456,154,33,48.8,68.22,42.65,50.88,1333,Beech
TRE_0745,297,187,37,19.54,66.67,44.33,44.32,1279,Turkish_Pine
TRE_0746,1607,208,19,9.58,29.71,13.01,76.19,565,Scotch_Pine
TRE_0747,1390,150,7,25.82,90.38,37.02,69.01,1538,Black_Pine
TRE_0748,1920,85,42,54.13,82.25,49.44,84.55,1435,Fir
TRE_0749,1507,62,15,55.99,19.86,11.12,68.19,1039,Beech
TRE_0750,518,185,6,40.64,63.7,37.3,47.8,663,Oak
TRE_0751,1209,217,4,40.83,66.35,40.89,33.68,1489,Black_Pine
TRE_0752,1531,127,28,20.92,15.96,9.2,41.35,893,Black_Pine
TRE_0753,1958,289,30,42.72,21.72,20.87,18.01,862,Scotch_Pine
TRE_0754,1474,340,30,17.67,54.89,28.34,75.55,985,Black_Pine
TRE_0755,702,306,2,32.0,44.21,32.12,36.96,659,Turkish_Pine
TRE_0756,2092,267,36,6.23,34.12,22.76,30.84,1097,Fir
TRE_0757,1134,290,32,53.65,67.36,31.24,82.93,1096,Beech
TRE_0758,1293,28,0,60.53,59.46,23.18,64.98,1160,Beech
TRE_0759,1536,59,1,34.54,27.87,19.11,25.47,1202,Black_Pine
TRE_0760,889,6,38,31.32,66.89,34.23,38.26,1484,Black_Pine
TRE_0761,447,278,4,11.16,41.54,21.62,53.47,948,Turkish_Pine
TRE_0762,1848,54,19,44.36,16.08,13.54,79.9,774,Scotch_Pine
TRE_0763,505,10,42,8.6,13.1,6.04,44.25,1267,Turkish_Pine
TRE_0764,1833,339,30,62.72,27.7,19.07,20.63,1785,Fir
TRE_0765,243,137,15,46.83,12.6,9.83,39.01,1282,Oak
TRE_0766,955,230,45,57.79,58.81,31.1,48.96,1619,Beech
TRE_0767,387,296,32,5.53,19.74,12.45,68.11,530,Turkish_Pine
TRE_0768,1312,230,23,67.75,58.18,28.81,34.26,470,Beech
TRE_0769,1958,18,18,73.6,34.45,14.87,22.62,455,Scotch_Pine
TRE_0770,923,145,11,42.26,39.56,24.28,67.17,1243,Black_Pine
TRE_0771,1018,3,30,53.57,18.75,15.56,72.3,795,Beech
TRE_0772,802,119,23,12.73,67.01,33.09,75.16,1172,Black_Pine
TRE_0773,654,2,8,54.97,15.98,8.8,62.74,1382,Oak
TRE_0774,840,69,8,64.23,29.89,21.82,49.95,1673,Beech
TRE_0775,1281,208,16,9.99,67.4,42.39,36.86,952,Black_Pine
TRE_0776,621,339,34,72.49,51.82,27.99,44.82,1218,Oak
TRE_0777,2004,32,12,42.86,93.74,53.85,81.83,713,Scotch_Pine
TRE_0778,950,41,27,28.99,27.77,15.24,79.51,1066,Black_Pine
TRE_0779,1394,259,32,69.98,45.13,25.26,21.53,1487,Beech
TRE_0780,1312,359,22,10.71,40.78,32.16,24.66,572,Black_Pine
TRE_0781,764,171,39,9.0,39.51,28.83,41.45,1242,Turkish_Pine
TRE_0782,603,341,24,55.78,12.28,11.62,19.87,1544,Oak
TRE_0783,1841,356,31,70.86,67.4,37.53,70.94,1396,Fir
TRE_0784,1972,217,8,69.63,49.87,39.48,25.82,1463,Fir
TRE_0785,2197,273,40,44.24,55.83,42.53,63.46,1413,Fir
TRE_0786,1444,297,5,28.66,6.35,7.38,25.7,1271,Black_Pine
TRE_0787,220,102,37,71.76,47.72,33.9,24.91,565,Oak
TRE_0788,1542,50,19,20.81,41.83,24.85,69.86,722,Black_Pine
TRE_0789,905,178,16,64.33,64.51,24.41,61.6,651,Beech
TRE_0790,1904,164,40,23.17,52.43,25.93,41.22,1778,Fir
TRE_0791,1100,124,38,21.7,46.87,30.12,52.23,681,Black_Pine
TRE_0792,1378,130,9,48.84,54.07,25.71,38.39,888,Beech
TRE_0793,398,278,1,34.77,29.33,15.49,51.11,812,Turkish_Pine
TRE_0794,1313,294,27,32.01,76.12,33.51,73.72,774,Black_Pine
TRE_0795,621,142,44,15.95,64.75,35.9,47.56,1465,Turkish_Pine
TRE_0796,824,162,24,35.57,11.24,11.28,19.97,1185,Black_Pine
TRE_0797,591,169,43,46.37,46.08,25.61,56.13,711,Oak
TRE_0798,1350,173,44,55.0,76.32,46.16,63.04,937,Beech
TRE_0799,1375,267,20,56.15,47.41,24.07,48.09,1280,Beech
TRE_0800,1308,357,1,16.96,33.22,26.86,17.83,1333,Black_Pine
TRE_0801,997,311,39,62.55,27.12,19.4,26.58,1159,Beech
TRE_0802,1073,108,30,36.0,20.2,17.48,64.91,1389,Black_Pine
TRE_0803,2170,40,37,34.32,91.98,36.65,55.32,739,Scotch_Pine
TRE_0804,1353,360,18,59.13,18.73,15.1,45.28,421,Beech
TRE_0805,360,312,27,13.03,39.69,32.43,80.02,685,Turkish_Pine
TRE_0806,1281,193,23,35.94,26.47,17.59,30.57,1315,Black_Pine
TRE_0807,388,88,2,5.24,60.48,38.61,27.18,1336,Turkish_Pine
TRE_0808,1096,295,32,12.5,31.22,18.64,56.81,950,Black_Pine
TRE_0809,1833,13,12,43.21,7.33,9.29,38.89,1334,Fir
TRE_0810,661,168,14,24.58,5.27,11.0,31.06,1476,Turkish_Pine
TRE_0811,900,13,10,32.92,59.26,33.85,61.7,985,Black_Pine
TRE_0812,783,122,40,15.12,77.04,42.66,36.39,1106,Turkish_Pine
TRE_0813,1155,182,26,73.76,76.12,31.2,65.7,1609,Beech
TRE_0814,448,236,17,8.17,39.45,23.99,23.77,1697,Turkish_Pine
TRE_0815,1795,112,4,47.87,88.46,55.9,43.05,761,Scotch_Pine
TRE_0816,2039,193,26,41.78,36.23,24.94,28.28,840,Scotch_Pine
TRE_0817,648,283,35,20.06,48.44,33.53,78.54,915,Turkish_Pine
TRE_0818,336,155,15,61.61,67.65,40.19,74.94,1679,Oak
TRE_0819,912,222,19,21.63,48.28,32.59,55.34,1776,Black_Pine
TRE_0820,433,288,20,14.15,43.04,29.18,83.29,652,Turkish_Pine
TRE_0821,1562,67,35,60.73,62.7,40.32,27.7,875,Beech
TRE_0822,1699,0,11,19.73,7.04,8.49,73.12,1075,Fir
TRE_0823,1622,280,13,29.09,60.8,27.08,16.56,1785,Fir
TRE_0824,1187,239,39,71.21,75.07,33.67,28.56,432,Beech
TRE_0825,645,282,7,27.74,26.24,23.95,53.96,1001,Turkish_Pine
TRE_0826,1927,125,17,55.14,14.07,15.36,62.25,1716,Fir
TRE_0827,1508,99,1,55.52,50.51,25.6,76.44,1674,Beech
TRE_0828,1464,62,5,38.58,84.04,56.38,62.78,1764,Black_Pine
TRE_0829,253,143,36,30.81,44.62,30.98,79.52,1281,Turkish_Pine
TRE_0830,1116,113,0,17.92,29.22,11.7,35.48,1445,Black_Pine
TRE_0831,514,328,2,46.85,58.99,39.63,83.48,1560,Oak
TRE_0832,1453,351,5,19.77,77.82,43.04,18.84,1339,Black_Pine
TRE_0833,476,253,40,27.28,86.67,56.54,81.7,419,Turkish_Pine
TRE_0834,1273,203,17,62.75,37.68,26.02,70.28,966,Beech
TRE_0835,1872,253,18,62.05,36.7,29.24,26.95,1769,Fir
TRE_0836,560,314,39,31.09,56.82,33.36,42.58,477,Turkish_Pine
TRE_0837,440,210,20,63.22,9.69,12.36,16.08,1263,Oak
TRE_0838,826,239,42,31.88,29.53,20.05,79.99,1377,Black_Pine
TRE_0839,1750,7,12,43.3,26.88,21.12,27.5,989,Scotch_Pine
TRE_0840,1895,239,12,72.2,88.23,43.92,25.88,1067,Fir
TRE_0841,484,133,34,32.47,8.62,13.22,43.14,793,Turkish_Pine
TRE_0842,211,50,35,37.55,72.18,39.38,58.44,1019,Oak
TRE_0843,2052,260,23,39.68,10.41,9.66,39.77,1470,Fir
TRE_0844,1444,166,28,40.63,52.78,26.27,59.15,717,Black_Pine
TRE_0845,682,289,2,53.42,84.31,44.13,75.01,1600,Oak
TRE_0846,844,351,42,16.53,5.14,7.82,80.99,447,Black_Pine
TRE_0847,758,199,9,57.03,11.68,8.5,58.02,1010,Oak
TRE_0848,1351,96,15,7.22,45.58,18.3,55.71,890,Black_Pine
TRE_0849,646,184,14,48.58,27.1,21.86,64.92,962,Oak
TRE_0850,510,23,4,8.96,27.48,16.82,29.56,671,Turkish_Pine
TRE_0851,1469,75,1,35.42,7.4,10.81,55.71,943,Black_Pine
TRE_0852,898,207,37,11.13,11.04,13.89,49.32,1665,Black_Pine
TRE_0853,2101,355,4,41.18,81.08,38.86,74.76,736,Scotch_Pine
TRE_0854,1629,292,12,64.59,23.8,13.06,42.44,1202,Fir
TRE_0855,750,97,21,37.4,36.41,19.03,68.52,1211,Oak
TRE_0856,598,189,27,11.22,72.51,31.04,83.32,1357,Turkish_Pine
TRE_0857,575,106,23,58.01,38.12,27.51,68.44,971,Oak
TRE_0858,1313,159,25,45.81,89.24,47.41,77.29,491,Beech
TRE_0859,1664,92,22,26.44,62.51,28.36,57.91,1019,Fir
TRE_0860,263,211,20,40.34,27.87,14.23,25.66,853,Oak
TRE_0861,286,113,39,8.55,16.55,13.57,43.82,1425,Turkish_Pine
TRE_0862,1966,65,3,44.76,48.63,25.32,47.56,1074,Fir
TRE_0863,833,195,22,63.26,54.58,28.42,84.98,1518,Beech
TRE_0864,861,164,36,74.69,61.27,28.84,61.36,1181,Beech
TRE_0865,1076,50,45,55.85,34.0,18.53,77.74,1398,Beech
TRE_0866,660,217,36,10.68,75.93,29.35,74.47,458,Turkish_Pine
TRE_0867,2028,320,8,10.9,60.46,30.99,75.43,949,Scotch_Pine
TRE_0868,596,357,42,9.21,84.19,53.06,42.15,956,Turkish_Pine
TRE_0869,2017,14,18,49.73,78.05,37.52,70.37,985,Scotch_Pine
TRE_0870,1111,95,2,38.51,8.99,8.45,51.5,1086,Black_Pine
TRE_0871,1107,65,6,5.79,42.83,27.53,30.63,792,Black_Pine
TRE_0872,1959,8,41,38.2,31.86,17.84,73.94,814,Scotch_Pine
TRE_0873,1214,173,9,19.44,47.65,28.96,21.31,514,Black_Pine
TRE_0874,394,357,2,42.64,94.5,64.58,64.33,1480,Oak
TRE_0875,675,350,7,31.65,66.48,45.06,43.27,1439,Turkish_Pine
TRE_0876,927,232,19,41.0,46.99,31.67,71.48,1752,Black_Pine
TRE_0877,2033,269,40,67.3,59.1,22.6,59.42,1114,Fir
TRE_0878,417,300,0,47.56,60.98,42.99,68.24,611,Oak
TRE_0879,515,250,36,11.71,25.49,20.79,19.89,717,Turkish_Pine
TRE_0880,2198,197,20,58.31,11.68,13.42,46.97,1626,Fir
TRE_0881,1884,65,39,60.8,84.3,51.34,70.5,1604,Fir
TRE_0882,1981,190,6,72.73,34.57,22.26,75.02,630,Scotch_Pine
TRE_0883,1482,267,21,25.64,67.95,24.19,34.85,1141,Black_Pine
TRE_0884,1078,30,2,7.6,90.06,49.98,59.5,1700,Black_Pine
TRE_0885,1616,202,4,35.66,49.61,25.21,65.42,1001,Fir
TRE_0886,1224,47,40,70.72,30.61,17.34,58.86,660,Beech
TRE_0887,261,268,8,71.6,32.52,21.55,60.62,961,Oak
TRE_0888,324,176,35,61.64,9.95,9.57,67.44,853,Oak
TRE_0889,1194,328,3,49.18,40.87,28.82,59.12,1068,Beech
TRE_0890,318,334,39,47.24,23.24,17.81,18.64,1696,Oak
TRE_0891,1284,99,27,8.04,6.06,11.29,67.45,1131,Black_Pine
TRE_0892,1188,89,4,17.9,54.12,34.61,39.36,1633,Black_Pine
TRE_0893,966,167,15,73.9,38.33,15.09,71.11,1567,Beech
TRE_0894,1574,206,16,28.83,75.28,42.92,20.51,1113,Black_Pine
TRE_0895,1036,87,33,34.82,23.6,13.57,23.42,1475,Black_Pine
TRE_0896,1712,21,31,31.35,66.38,36.07,66.42,1215,Fir
TRE_0897,577,73,36,8.01,29.15,14.92,48.58,452,Turkish_Pine
TRE_0898,1069,285,12,10.26,94.67,39.49,67.33,1355,Black_Pine
TRE_0899,2063,123,35,43.85,58.03,33.48,20.97,740,Scotch_Pine
TRE_0900,2102,69,31,22.51,9.0,8.29,15.53,663,Scotch_Pine
TRE_0901,1488,325,27,14.3,32.76,19.43,84.07,1607,Black_Pine
TRE_0902,918,346,33,25.03,50.44,29.26,31.36,1047,Black_Pine
TRE_0903,1934,3,3,52.1,59.09,35.05,81.93,1445,Fir
TRE_0904,727,15,29,65.64,54.8,40.33,24.97,1520,Oak
TRE_0905,906,251,40,18.28,48.07,26.8,66.54,728,Black_Pine
TRE_0906,1393,75,14,27.6,74.14,34.67,58.7,1740,Black_Pine
TRE_0907,714,54,30,29.16,69.64,31.6,68.03,973,Turkish_Pine
TRE_0908,1484,0,43,52.96,19.15,9.8,29.56,1245,Beech
TRE_0909,465,339,3,28.87,5.6,6.14,48.86,680,Turkish_Pine
TRE_0910,2171,325,29,31.71,43.11,20.02,80.52,1395,Fir
TRE_0911,679,247,3,41.66,50.9,28.58,30.77,1761,Oak
TRE_0912,978,322,44,42.55,84.03,36.84,47.43,963,Black_Pine
TRE_0913,1450,1,35,32.82,12.85,13.88,48.65,1028,Black_Pine
TRE_0914,768,63,18,36.14,49.29,31.89,42.27,449,Oak
TRE_0915,522,182,3,48.69,37.36,22.89,77.58,1789,Oak
TRE_0916,1454,106,36,10.02,41.59,22.18,83.69,1454,Black_Pine
TRE_0917,701,95,37,9.13,90.76,41.98,32.85,945,Turkish_Pine
TRE_0918,627,6,34,44.99,86.93,48.39,18.68,1777,Oak
TRE_0919,1514,236,16,65.09,27.49,18.23,39.51,793,Beech
TRE_0920,1758,140,24,36.14,69.85,31.74,48.02,859,Scotch_Pine
TRE_0921,349,71,1,51.56,41.74,18.9,49.62,1300,Oak
TRE_0922,1539,197,34,61.09,93.91,57.32,75.36,985,Beech
TRE_0923,1062,44,40,70.94,6.71,8.58,76.27,1746,Beech
TRE_0924,1205,142,38,21.33,90.83,50.17,64.82,1457,Black_Pine
TRE_0925,682,104,24,33.33,87.63,57.96,54.98,1469,Turkish_Pine
TRE_0926,1006,340,43,56.64,64.36,33.81,83.25,916,Beech
TRE_0927,1351,225,10,7.67,69.25,42.83,74.93,1222,Black_Pine
TRE_0928,2140,3,15,33.41,62.37,36.5,76.48,1311,Fir
TRE_0929,1137,16,42,54.84,10.89,11.46,31.11,1579,Beech
TRE_0930,544,195,4,18.6,12.89,16.28,32.2,599,Turkish_Pine
TRE_0931,1116,210,31,5.78,20.97,11.53,50.33,805,Black_Pine
TRE_0932,548,355,13,17.52,59.74,44.27,71.77,944,Turkish_Pine
TRE_0933,753,34,45,49.31,30.38,25.07,47.78,1758,Oak
TRE_0934,600,314,29,43.4,87.01,43.26,19.7,430,Oak
TRE_0935,294,313,6,22.35,19.51,13.36,33.37,1090,Turkish_Pine
TRE_0936,333,158,16,74.48,74.23,40.43,37.31,1502,Oak
TRE_0937,644,360,18,73.34,54.3,22.81,74.22,978,Oak
TRE_0938,1827,150,28,13.94,74.73,35.56,35.22,511,Scotch_Pine
TRE_0939,1671,313,36,22.5,9.4,12.48,81.25,1378,Fir
TRE_0940,565,110,29,32.64,48.33,32.8,23.0,467,Turkish_Pine
TRE_0941,601,239,0,41.44,28.59,17.94,72.58,1705,Oak
TRE_0942,1433,272,15,66.58,8.09,9.64,56.37,539,Beech
TRE_0943,2150,90,7,43.88,18.41,15.52,52.53,1557,Fir
TRE_0944,1895,349,45,41.22,30.55,21.8,23.14,679,Scotch_Pine
TRE_0945,1475,112,36,26.23,64.26,33.4,35.26,1407,Black_Pine
TRE_0946,1271,299,27,36.52,83.54,43.44,61.35,494,Black_Pine
TRE_0947,775,158,43,53.42,5.21,12.57,67.38,1418,Oak
TRE_0948,1406,178,16,68.88,22.7,11.93,69.28,935,Beech
TRE_0949,799,177,33,23.31,61.84,42.56,80.19,1479,Turkish_Pine
TRE_0950,1800,287,37,42.2,38.09,23.67,64.46,1720,Fir
TRE_0951,885,66,28,11.95,37.27,16.19,79.09,1205,Black_Pine
TRE_0952,697,71,42,18.17,13.25,12.75,38.75,1450,Turkish_Pine
TRE_0953,455,36,36,11.94,14.57,9.02,46.1,512,Turkish_Pine
TRE_0954,1476,238,34,13.97,75.82,42.53,69.07,1065,Black_Pine
TRE_0955,1043,283,6,54.23,19.25,17.07,27.18,793,Beech
TRE_0956,1037,249,6,52.92,74.53,34.52,77.99,763,Beech
TRE_0957,720,245,42,8.11,61.8,36.74,79.85,659,Turkish_Pine
TRE_0958,1245,300,5,54.22,12.0,7.41,19.99,1330,Beech
TRE_0959,1663,81,1,7.48,28.73,14.91,57.28,628,Scotch_Pine
TRE_0960,206,273,14,29.07,9.13,8.08,52.01,1380,Turkish_Pine
TRE_0961,1828,183,44,39.73,73.51,47.11,38.66,925,Scotch_Pine
TRE_0962,554,204,36,67.74,86.11,54.55,39.53,1073,Oak
TRE_0963,1883,115,45,8.73,55.76,32.54,42.02,1511,Fir
TRE_0964,519,90,7,24.69,72.58,45.28,77.2,679,Turkish_Pine
TRE_0965,1939,190,4,64.81,12.37,8.82,21.63,1081,Fir
TRE_0966,255,335,6,32.59,67.28,26.89,65.18,710,Turkish_Pine
TRE_0967,1359,69,31,6.54,74.21,34.18,54.6,914,Black_Pine
TRE_0968,1662,204,43,69.01,28.04,22.1,36.76,965,Scotch_Pine
TRE_0969,250,235,28,11.79,60.81,38.64,44.34,1220,Turkish_Pine
TRE_0970,341,223,20,33.86,38.21,26.0,40.51,996,Turkish_Pine
TRE_0971,1434,211,25,54.6,35.83,21.59,81.14,871,Beech
TRE_0972,1148,252,16,18.56,64.24,45.98,84.5,985,Black_Pine
TRE_0973,1260,29,10,65.99,74.76,37.81,34.78,1066,Beech
TRE_0974,375,348,35,32.64,33.26,21.22,40.79,1270,Turkish_Pine
TRE_0975,449,50,37,22.16,90.53,57.97,61.67,905,Turkish_Pine
TRE_0976,780,278,9,14.97,91.17,51.66,73.4,824,Turkish_Pine
TRE_0977,2061,328,19,48.36,41.59,24.51,80.21,757,Scotch_Pine
TRE_0978,648,339,27,44.53,66.24,33.79,62.9,1741,Oak
TRE_0979,308,264,27,54.21,46.19,28.09,82.28,1602,Oak
TRE_0980,260,7,1,50.96,49.85,24.53,44.5,1068,Oak
TRE_0981,377,256,28,71.29,30.83,25.99,32.58,671,Oak
TRE_0982,1629,228,6,13.71,71.94,43.18,16.69,1615,Fir
TRE_0983,1596,78,37,5.97,70.11,40.01,21.28,1368,Black_Pine
TRE_0984,2001,355,24,24.06,25.28,16.34,61.28,439,Scotch_Pine
TRE_0985,1718,165,25,18.56,36.23,27.82,36.95,1455,Fir
TRE_0986,1711,280,18,6.77,29.34,21.49,33.5,1664,Fir
TRE_0987,1986,157,6,47.53,35.07,15.82,80.97,1245,Fir
TRE_0988,1604,212,26,42.86,87.49,41.78,20.21,577,Scotch_Pine
TRE_0989,373,350,43,59.53,82.76,29.96,27.0,1197,Oak
TRE_0990,2114,240,3,44.5,42.75,30.85,58.4,487,Scotch_Pine
TRE_0991,1814,283,16,68.57,52.84,33.26,20.17,1160,Fir
TRE_0992,403,0,7,30.52,43.02,23.69,82.69,1114,Turkish_Pine
TRE_0993,692,142,1,14.74,11.28,14.63,67.6,1364,Turkish_Pine
TRE_0994,1459,345,23,6.47,5.29,8.32,76.09,1100,Black_Pine
TRE_0995,1045,115,30,21.63,79.47,44.6,29.26,689,Black_Pine
TRE_0996,289,317,18,37.64,78.66,52.99,68.42,1005,Oak
TRE_0997,2092,156,6,7.01,51.34,29.17,83.11,1049,Fir
TRE_0998,1541,222,9,13.9,48.51,23.31,29.91,1059,Black_Pine
TRE_0999,1946,86,1,39.55,8.23,8.86,35.59,1752,Fir
TRE_1000,1903,101,40,65.8,21.27,17.59,63.02,1082,Fir
TRE_1001,898,71,16,47.31,7.06,8.36,22.38,707,Beech
TRE_1002,727,90,43,65.04,53.24,26.76,20.42,1281,Oak
TRE_1003,918,350,41,67.91,81.21,39.68,78.63,1072,Beech
TRE_1004,1649,339,23,66.9,79.68,40.27,25.26,1412,Fir
TRE_1005,445,124,29,16.73,8.87,9.29,60.57,812,Turkish_Pine
TRE_1006,2006,228,28,12.14,82.59,36.19,26.58,1750,Fir
TRE_1007,940,24,24,19.93,35.86,21.61,25.1,646,Black_Pine
TRE_1008,520,275,11,23.14,16.5,14.03,58.59,1518,Turkish_Pine
TRE_1009,1465,20,6,47.36,59.73,24.64,63.81,1311,Beech
TRE_1010,1387,277,44,17.35,75.87,32.06,25.1,1727,Black_Pine
TRE_1011,845,113,27,34.52,46.75,25.47,72.31,1505,Black_Pine
TRE_1012,1905,194,37,57.2,20.92,18.7,75.0,1349,Fir
TRE_1013,521,267,35,39.25,90.7,43.65,41.31,1124,Oak
TRE_1014,1787,275,17,9.65,11.14,15.3,16.82,584,Scotch_Pine
TRE_1015,1671,187,9,39.16,31.17,21.73,33.42,1584,Fir
TRE_1016,616,239,13,52.66,68.81,32.02,36.89,1029,Oak
TRE_1017,919,45,27,23.71,13.2,11.48,66.68,1185,Black_Pine
TRE_1018,1039,289,7,56.85,6.03,7.65,28.95,741,Beech
TRE_1019,520,306,15,74.59,73.32,38.18,83.94,776,Oak
TRE_1020,342,231,9,15.79,43.45,17.83,29.89,524,Turkish_Pine
TRE_1021,1667,124,33,6.7,9.09,14.73,44.19,1496,Fir
TRE_1022,228,1,5,5.95,33.62,20.82,52.58,410,Turkish_Pine
TRE_1023,860,357,0,58.19,55.85,37.4,46.08,1567,Beech
TRE_1024,1160,77,23,15.22,11.98,10.25,42.83,415,Black_Pine
TRE_1025,1357,63,39,46.83,37.61,17.21,35.84,585,Beech
TRE_1026,1245,340,26,37.72,53.86,41.47,23.24,1156,Black_Pine
TRE_1027,1415,288,3,9.07,66.34,40.87,45.06,645,Black_Pine
TRE_1028,867,177,11,25.91,31.12,24.36,84.42,567,Black_Pine
TRE_1029,1033,246,34,14.68,82.51,41.07,39.7,1297,Black_Pine
TRE_1030,793,82,19,8.11,10.51,10.91,53.4,969,Turkish_Pine
TRE_1031,1403,71,33,70.43,50.17,35.19,61.81,894,Beech
TRE_1032,1669,340,2,47.77,47.18,35.46,67.55,1520,Fir
TRE_1033,1103,15,27,66.79,47.25,28.66,41.23,850,Beech
TRE_1034,615,158,23,6.72,84.37,54.72,28.57,791,Turkish_Pine
TRE_1035,1012,113,23,60.83,50.55,23.9,73.43,1431,Beech
TRE_1036,462,279,24,51.41,34.78,28.21,49.27,567,Oak
TRE_1037,1925,200,0,14.28,43.78,33.28,35.49,1014,Fir
TRE_1038,1607,162,45,40.68,33.09,26.99,57.46,666,Scotch_Pine
TRE_1039,1412,131,7,69.47,35.83,19.02,33.24,1223,Beech
TRE_1040,904,158,36,53.2,84.16,42.98,60.04,1207,Beech
TRE_1041,1556,209,40,15.48,71.11,45.92,55.24,462,Black_Pine
TRE_1042,2110,242,37,49.77,11.31,7.53,33.2,1681,Fir
TRE_1043,1588,315,13,52.39,6.19,8.89,73.88,1693,Beech
TRE_1044,2125,238,29,34.9,52.73,29.39,68.38,948,Scotch_Pine
TRE_1045,552,308,5,31.42,86.95,38.23,40.42,1771,Turkish_Pine
TRE_1046,1488,165,34,65.98,22.63,15.87,80.44,692,Beech
TRE_1047,1036,310,17,29.19,26.73,15.8,55.67,1542,Black_Pine
TRE_1048,208,29,36,15.15,60.65,27.36,41.57,985,Turkish_Pine
TRE_1049,1755,228,39,47.35,87.43,39.69,20.23,779,Scotch_Pine
TRE_1050,1587,1,41,11.03,71.99,37.15,83.09,575,Black_Pine
TRE_1051,1024,114,24,7.71,20.99,13.23,15.62,470,Black_Pine
TRE_1052,1155,347,11,69.31,65.5,29.33,29.21,1395,Beech
TRE_1053,1444,156,40,65.42,52.5,31.57,25.99,1382,Beech
TRE_1054,1167,141,39,32.08,9.65,10.06,55.61,1321,Black_Pine
TRE_1055,1836,2,44,52.33,59.54,26.19,26.82,995,Scotch_Pine
TRE_1056,2160,189,41,55.06,60.39,44.17,27.88,834,Scotch_Pine
TRE_1057,432,239,3,66.35,85.14,31.88,83.25,1472,Oak
TRE_1058,684,261,7,15.18,18.13,14.25,80.06,1022,Turkish_Pine
TRE_1059,1287,42,16,43.37,65.48,43.51,67.59,1208,Black_Pine
TRE_1060,1480,128,27,57.99,89.6,39.46,29.78,779,Beech
TRE_1061,355,70,45,38.26,62.1,45.33,59.69,1733,Oak
TRE_1062,1226,345,22,60.48,25.62,15.49,76.5,1349,Beech
TRE_1063,1605,319,28,22.53,78.52,50.05,23.81,1682,Fir
TRE_1064,2191,120,13,48.49,94.53,61.76,65.82,751,Scotch_Pine
TRE_1065,1336,279,15,6.06,80.39,47.54,68.3,936,Black_Pine
TRE_1066,356,295,9,43.43,81.81,50.99,39.97,1352,Oak
TRE_1067,1509,216,14,49.48,87.88,44.18,17.27,605,Beech
TRE_1068,429,175,36,59.01,6.2,4.65,33.11,1241,Oak
TRE_1069,2107,203,13,54.19,19.06,13.92,59.12,1774,Fir
TRE_1070,660,13,20,71.04,76.16,47.65,17.25,1166,Oak
TRE_1071,764,161,40,19.37,30.53,20.0,52.01,544,Turkish_Pine
TRE_1072,649,181,28,11.21,86.74,52.53,74.03,1636,Turkish_Pine
TRE_1073,2174,100,42,45.2,90.72,38.93,73.13,702,Scotch_Pine
TRE_1074,1995,267,6,53.87,56.53,36.67,76.18,887,Scotch_Pine
TRE_1075,2090,169,4,66.65,70.43,30.25,83.6,695,Scotch_Pine
TRE_1076,1853,271,7,8.51,58.53,29.95,84.8,400,Scotch_Pine
TRE_1077,1983,1,41,33.23,21.96,12.29,23.52,1123,Fir
TRE_1078,326,351,33,51.31,13.28,8.22,65.59,586,Oak
TRE_1079,1718,135,13,6.65,29.36,21.07,25.42,429,Scotch_Pine
TRE_1080,1075,134,1,62.86,23.43,17.4,23.26,1296,Beech
TRE_1081,1967,109,15,33.62,10.87,9.6,73.05,1443,Fir
TRE_1082,1980,16,9,40.38,64.02,34.54,76.92,442,Scotch_Pine
TRE_1083,2038,331,13,49.88,32.98,20.68,29.41,1116,Fir
TRE_1084,722,147,29,50.98,14.34,12.86,32.85,1323,Oak
TRE_1085,300,60,42,24.83,5.12,5.06,70.69,1587,Turkish_Pine
TRE_1086,1350,102,42,5.66,85.13,29.46,67.51,1147,Black_Pine
TRE_1087,313,238,15,42.73,31.11,23.32,41.78,495,Oak
TRE_1088,750,228,45,16.92,14.3,7.81,32.33,1429,Turkish_Pine
TRE_1089,1362,354,0,8.05,5.26,10.84,23.29,1225,Black_Pine
TRE_1090,1027,171,43,48.59,16.71,14.83,47.93,1295,Beech
TRE_1091,1072,346,23,44.95,46.04,25.94,64.62,1746,Black_Pine
TRE_1092,2048,321,20,69.14,88.81,55.11,56.76,473,Scotch_Pine
TRE_1093,1602,168,38,15.71,40.17,20.46,19.57,1515,Fir
TRE_1094,816,239,41,44.27,73.42,52.92,36.84,1193,Black_Pine
TRE_1095,422,112,23,60.97,72.52,45.9,46.98,1085,Oak
TRE_1096,2170,70,39,9.55,17.35,17.29,40.7,622,Scotch_Pine
TRE_1097,1067,337,31,17.73,44.08,29.82,71.13,774,Black_Pine
TRE_1098,794,321,6,68.24,18.58,18.1,82.28,1191,Oak
TRE_1099,2034,295,42,20.94,88.57,33.27,41.57,1360,Fir
TRE_1100,1933,125,29,53.6,69.57,27.2,63.82,456,Scotch_Pine
