CompoundID,Molecular_Weight,Melting_Point,Density_gcm3,Solubility_gL,pH_Value,Reactivity_Index,Pressure_atm,Temperature_K,Is_Stable
CMP_0001,80.93,246.11,1.736,44.61,3.62,7.38,13.26,513.15,0
CMP_0002,101.35,73.67,2.924,65.24,12.94,0.81,3.26,491.34,0
CMP_0003,281.85,167.52,1.57,9.52,12.53,4.39,11.56,447.92,0
CMP_0004,182.57,253.85,1.127,59.44,9.89,8.26,0.68,347.85,0
CMP_0005,202.85,204.2,1.648,68.84,7.58,0.65,1.67,300.9,1
CMP_0006,238.49,173.81,2.351,14.06,11.12,5.28,6.1,421.63,0
CMP_0007,152.42,243.03,1.125,27.99,2.54,2.62,10.55,398.45,0
CMP_0008,218.3,59.46,0.958,53.1,8.06,1.43,2.46,312.61,1
CMP_0009,246.88,35.39,2.564,60.77,3.16,8.72,11.95,242.71,0
CMP_0010,299.45,161.84,3.175,73.0,13.79,9.3,14.04,582.83,0
CMP_0011,403.46,206.28,1.833,49.8,8.02,7.46,8.56,437.47,0
CMP_0012,343.21,85.56,2.759,79.91,6.41,1.93,0.79,262.66,1
CMP_0013,137.33,12.8,0.931,12.28,8.57,3.01,7.21,200.58,1
CMP_0014,86.41,126.24,1.779,43.78,10.47,6.29,14.39,319.77,0
CMP_0015,125.18,147.71,2.467,31.16,8.81,3.69,6.67,234.68,1
CMP_0016,302.51,254.55,1.643,35.72,3.77,1.54,1.39,515.66,0
CMP_0017,371.49,246.46,1.855,73.17,4.71,6.01,3.92,538.44,0
CMP_0018,414.94,184.04,2.428,74.99,9.17,3.45,12.07,286.17,1
CMP_0019,403.52,220.01,3.141,27.78,8.29,6.49,9.66,523.96,0
CMP_0020,184.68,217.15,2.878,56.25,5.49,1.73,2.0,588.53,1
CMP_0021,432.86,289.51,2.025,90.06,5.05,9.08,10.11,296.1,0
CMP_0022,443.73,340.45,1.284,83.91,4.76,1.47,5.04,422.8,1
CMP_0023,82.63,142.84,1.071,30.12,6.72,4.38,1.25,375.26,1
CMP_0024,67.06,320.23,1.787,39.53,12.07,7.17,12.63,516.28,0
CMP_0025,127.35,153.63,2.987,16.37,11.66,3.25,6.0,536.91,0
CMP_0026,145.33,214.2,1.026,18.18,13.29,9.15,4.73,376.0,0
CMP_0027,128.32,117.11,0.958,52.97,2.96,0.1,9.21,440.29,0
CMP_0028,418.69,125.67,2.229,7.44,5.55,3.22,1.96,298.05,1
CMP_0029,374.69,173.34,1.828,11.81,2.85,5.23,13.12,558.68,0
CMP_0030,86.6,44.05,0.993,51.48,13.26,6.24,7.69,535.2,0
CMP_0031,343.67,317.33,2.716,92.44,3.3,0.19,12.33,533.22,0
CMP_0032,152.62,21.41,0.908,32.59,12.63,1.1,2.72,383.12,0
CMP_0033,54.84,284.02,1.425,8.27,4.93,3.98,12.82,500.26,1
CMP_0034,315.55,13.55,1.409,13.26,4.2,2.22,8.57,277.69,1
CMP_0035,390.11,132.4,1.819,7.51,9.75,7.72,0.75,573.54,0
CMP_0036,237.79,298.93,2.803,99.39,2.08,7.85,14.31,244.3,0
CMP_0037,377.13,314.55,3.187,18.41,12.3,6.4,7.89,507.15,0
CMP_0038,83.18,252.74,2.494,3.02,11.34,3.4,1.27,474.6,0
CMP_0039,306.53,20.9,3.127,18.79,2.35,8.93,14.42,266.64,0
CMP_0040,279.81,42.38,2.517,96.0,11.21,3.59,5.84,475.65,0
CMP_0041,171.7,134.74,2.024,93.47,11.1,5.39,2.82,281.98,0
CMP_0042,151.65,-6.4,3.1,82.55,7.78,6.34,1.14,480.62,1
CMP_0043,87.12,19.17,1.496,22.95,7.74,5.3,12.98,327.68,1
CMP_0044,317.13,186.53,1.218,95.0,1.27,0.53,13.74,490.41,0
CMP_0045,363.56,138.33,1.497,3.9,12.26,6.17,1.3,484.53,0
CMP_0046,129.48,42.56,1.386,7.34,13.76,7.34,0.89,561.23,0
CMP_0047,297.04,125.16,3.004,47.94,12.45,6.76,2.51,251.15,0
CMP_0048,110.05,188.89,3.121,0.51,2.68,6.34,8.95,319.22,0
CMP_0049,237.4,149.39,1.284,7.94,1.84,3.16,3.0,229.15,0
CMP_0050,245.89,237.64,2.494,35.51,12.76,5.86,8.02,455.67,0
CMP_0051,295.73,154.98,2.366,17.14,4.77,6.2,4.61,575.49,0
CMP_0052,79.68,0.02,2.516,60.58,2.42,9.51,1.01,372.82,0
CMP_0053,175.92,162.33,1.128,48.26,1.86,6.03,12.49,591.2,0
CMP_0054,72.66,245.17,2.908,17.16,1.79,7.38,1.53,392.22,0
CMP_0055,448.52,113.88,0.935,84.18,2.52,3.17,11.49,213.96,0
CMP_0056,334.29,36.78,1.914,61.87,1.59,8.52,4.03,557.05,0
CMP_0057,208.59,102.37,2.376,35.63,13.7,1.22,14.22,488.42,0
CMP_0058,308.6,61.0,1.611,15.05,4.04,2.95,4.44,446.61,0
CMP_0059,296.55,308.87,2.728,98.4,1.34,0.85,12.22,301.69,0
CMP_0060,373.49,110.18,1.613,87.67,1.77,5.62,3.77,235.03,0
CMP_0061,399.62,45.15,1.486,1.59,1.74,3.67,1.61,427.13,0
CMP_0062,187.9,179.05,1.661,14.05,12.56,8.64,2.37,567.02,0
CMP_0063,193.21,64.27,3.041,57.92,9.6,6.56,4.93,541.35,0
CMP_0064,95.87,36.33,1.394,23.55,10.78,1.0,7.16,496.79,0
CMP_0065,100.17,90.75,1.83,5.49,8.96,5.24,12.22,415.43,0
CMP_0066,313.52,46.43,2.857,99.14,13.98,4.85,4.08,504.49,0
CMP_0067,438.25,208.88,2.387,54.38,12.91,3.82,5.84,223.4,0
CMP_0068,416.41,34.61,1.618,58.18,12.13,7.72,8.15,550.72,0
CMP_0069,313.41,74.36,1.326,14.41,11.59,0.88,4.79,442.52,0
CMP_0070,278.02,165.93,1.822,88.86,5.8,5.64,3.77,484.92,1
CMP_0071,254.92,167.75,2.902,74.7,8.01,4.22,0.63,566.05,1
CMP_0072,434.17,256.76,1.973,34.05,5.52,2.31,6.17,372.14,1
CMP_0073,155.53,201.59,2.063,3.02,8.05,0.2,4.08,515.86,1
CMP_0074,234.0,311.27,2.386,63.55,7.57,3.97,3.3,595.82,1
CMP_0075,188.3,275.23,2.155,97.08,2.59,3.28,9.39,526.38,0
CMP_0076,201.56,295.0,1.483,22.93,9.01,7.23,1.45,504.4,0
CMP_0077,332.31,-7.65,1.973,84.49,4.37,4.71,12.79,219.07,0
CMP_0078,147.27,333.21,0.889,88.31,9.91,3.03,12.8,222.38,1
CMP_0079,159.68,287.33,1.146,83.41,1.84,0.73,3.9,410.88,0
CMP_0080,270.79,304.29,2.779,8.37,12.38,6.59,11.11,236.98,0
CMP_0081,441.51,93.8,3.139,37.29,1.27,3.27,8.93,241.29,0
CMP_0082,397.96,141.14,2.1,38.65,2.37,1.28,10.12,378.43,0
CMP_0083,284.08,86.61,2.283,45.51,1.85,5.69,12.51,404.63,0
CMP_0084,408.18,286.94,2.857,67.4,8.63,8.72,9.38,428.72,0
CMP_0085,411.85,327.53,2.149,44.87,5.74,1.18,8.13,425.53,1
CMP_0086,308.48,72.74,1.395,94.06,12.41,2.65,3.98,570.36,0
CMP_0087,444.3,155.61,1.368,71.41,4.82,9.08,13.15,552.06,0
CMP_0088,195.62,243.87,1.675,27.94,2.99,1.11,11.07,589.15,0
CMP_0089,328.77,122.06,2.085,74.1,7.08,3.82,3.22,591.6,1
CMP_0090,191.52,346.81,1.339,17.86,11.56,5.99,10.96,523.39,0
CMP_0091,397.96,49.19,1.008,94.26,1.38,1.2,13.14,319.34,0
CMP_0092,337.51,99.73,2.502,94.47,6.89,4.15,3.97,386.16,1
CMP_0093,399.19,308.7,3.092,80.29,2.72,3.98,5.75,433.74,0
CMP_0094,256.45,281.63,2.55,50.32,1.92,8.72,12.3,243.91,0
CMP_0095,358.79,109.67,1.377,82.2,4.63,9.04,14.65,225.17,0
CMP_0096,231.39,183.09,2.757,95.34,10.85,6.46,3.48,401.22,0
CMP_0097,246.95,71.88,1.407,97.39,3.71,6.19,3.79,506.6,0
CMP_0098,369.75,16.17,1.181,92.85,1.85,0.18,6.03,346.32,0
CMP_0099,185.49,52.87,2.599,54.69,3.94,0.65,7.76,375.67,1
CMP_0100,384.62,76.06,2.028,90.33,7.95,2.02,14.4,243.09,1
CMP_0101,249.25,235.88,3.177,62.27,4.65,9.76,11.34,543.74,0
CMP_0102,94.39,38.94,2.168,79.82,4.97,7.12,9.15,403.17,0
CMP_0103,283.31,45.7,2.499,86.73,7.14,9.91,7.5,302.73,0
CMP_0104,399.24,88.86,2.533,6.21,1.04,5.11,11.3,395.92,0
CMP_0105,87.64,217.21,2.111,48.36,3.67,5.5,3.64,416.19,0
CMP_0106,246.9,9.87,2.95,23.42,4.54,3.26,12.49,519.94,0
CMP_0107,109.1,17.08,2.087,43.46,13.21,6.53,5.36,329.3,0
CMP_0108,182.11,116.87,2.774,26.93,13.23,7.3,8.55,303.28,0
CMP_0109,424.06,266.66,2.772,23.21,4.2,9.96,7.16,551.57,0
CMP_0110,71.31,61.47,1.588,17.39,5.18,1.47,13.76,581.03,1
CMP_0111,52.25,53.49,2.251,1.22,2.96,9.14,14.46,354.69,0
CMP_0112,278.74,128.96,3.114,53.45,1.7,9.72,12.01,216.94,0
CMP_0113,416.48,60.97,2.166,23.58,8.75,5.36,4.17,369.5,1
CMP_0114,227.21,-2.03,3.036,17.0,11.63,6.5,7.14,234.04,0
CMP_0115,309.1,170.25,2.338,55.76,9.04,6.48,12.87,290.31,0
CMP_0116,349.97,114.42,2.628,53.85,13.21,8.1,14.07,478.3,0
CMP_0117,206.73,43.37,1.254,10.95,12.09,7.52,1.51,556.53,0
CMP_0118,437.89,296.78,2.714,10.21,12.74,8.04,2.35,571.98,0
CMP_0119,144.56,91.52,1.701,99.95,4.41,5.39,2.65,454.88,0
CMP_0120,426.89,275.51,2.301,54.85,6.34,7.99,4.42,460.99,1
CMP_0121,393.05,51.74,0.966,67.23,11.96,9.2,11.96,246.96,0
CMP_0122,52.47,98.98,2.154,65.4,8.94,5.37,4.54,230.75,1
CMP_0123,162.68,246.77,2.273,11.78,2.37,1.43,11.03,328.14,0
CMP_0124,125.97,325.43,1.54,90.2,10.84,1.36,11.15,263.99,0
CMP_0125,100.16,248.68,1.586,69.3,13.53,6.69,1.27,455.28,0
CMP_0126,282.71,217.17,2.645,74.31,4.22,8.68,12.64,208.04,0
CMP_0127,142.88,273.41,1.037,73.02,3.48,0.89,9.16,569.36,0
CMP_0128,264.65,163.78,1.105,17.46,3.13,9.93,10.39,304.82,0
CMP_0129,390.78,261.92,2.787,61.49,9.68,2.71,9.96,307.86,1
CMP_0130,287.08,-3.17,0.899,9.08,3.56,7.17,12.68,372.58,0
CMP_0131,221.15,262.14,1.083,64.93,13.77,9.42,6.12,531.13,0
CMP_0132,110.48,138.98,1.993,45.59,3.93,9.28,9.12,599.3,0
CMP_0133,195.5,222.98,2.48,69.6,11.93,4.86,14.09,239.1,0
CMP_0134,369.24,231.97,1.151,66.52,6.6,3.87,11.29,225.47,1
CMP_0135,344.15,289.18,1.64,42.13,1.42,3.3,13.33,437.41,0
CMP_0136,66.57,255.48,1.5,98.12,3.75,9.73,2.52,437.32,0
CMP_0137,266.75,348.0,1.164,27.15,4.66,6.23,4.72,336.67,0
CMP_0138,243.47,107.33,1.451,6.18,11.07,4.38,10.75,380.34,0
CMP_0139,359.19,248.32,2.641,67.89,7.7,2.0,13.37,487.12,1
CMP_0140,212.11,319.85,1.118,9.13,4.84,1.82,9.02,329.23,1
CMP_0141,171.75,114.72,2.498,67.22,5.71,9.74,9.08,524.99,0
CMP_0142,421.51,275.65,1.658,65.39,4.32,1.06,1.64,289.9,1
CMP_0143,130.61,67.11,1.672,29.28,3.05,6.04,7.59,571.4,0
CMP_0144,121.94,106.95,2.236,54.01,11.0,1.17,3.9,305.66,0
CMP_0145,185.81,271.57,1.34,33.53,8.19,3.65,6.52,266.25,1
CMP_0146,262.12,49.7,1.269,96.23,6.57,6.83,2.44,267.78,1
CMP_0147,286.36,174.23,2.781,50.29,4.23,7.81,1.6,230.73,0
CMP_0148,387.97,24.34,1.542,13.76,4.27,1.28,4.16,307.66,1
CMP_0149,253.58,329.73,3.023,26.45,7.95,6.78,2.48,459.14,1
CMP_0150,306.41,37.67,2.675,11.1,10.62,0.62,8.77,284.55,0
CMP_0151,260.11,43.56,3.098,4.68,3.96,5.4,11.83,331.13,0
CMP_0152,92.58,283.78,1.814,30.45,1.97,5.22,8.09,540.73,0
CMP_0153,437.46,253.21,1.755,42.83,11.94,8.08,11.27,584.83,0
CMP_0154,287.4,205.06,2.765,96.5,13.45,7.98,12.44,392.8,0
CMP_0155,444.14,244.17,2.96,24.81,13.42,7.72,2.79,268.8,0
CMP_0156,437.37,312.11,1.439,43.07,3.39,7.84,13.52,236.59,0
CMP_0157,239.54,113.83,1.795,87.62,4.02,0.47,9.89,444.11,1
CMP_0158,122.29,209.0,1.283,63.6,2.51,2.35,1.08,505.5,0
CMP_0159,56.89,198.54,2.039,71.23,10.97,6.23,6.5,439.69,0
CMP_0160,395.88,305.91,1.535,67.69,10.15,7.02,2.05,463.34,0
CMP_0161,305.41,8.46,1.823,85.77,13.41,3.44,11.58,306.08,0
CMP_0162,62.97,181.26,1.763,35.13,13.22,1.12,5.69,592.92,0
CMP_0163,407.26,279.63,1.265,0.88,1.38,6.38,14.97,502.07,0
CMP_0164,275.6,295.82,3.072,81.44,9.86,3.14,3.78,423.49,1
CMP_0165,332.27,188.01,1.728,89.42,7.78,6.39,12.57,251.09,1
CMP_0166,170.5,135.71,1.433,31.34,12.21,5.55,2.93,426.38,0
CMP_0167,57.04,51.76,3.119,24.92,12.39,8.33,6.52,312.74,0
CMP_0168,381.47,147.43,1.394,43.02,10.23,5.53,3.46,223.1,0
CMP_0169,164.63,-8.97,2.807,97.36,3.68,5.72,8.24,575.38,0
CMP_0170,69.26,90.52,1.088,5.76,2.22,4.31,6.25,474.36,0
CMP_0171,308.81,305.24,1.397,2.81,7.89,3.64,13.16,537.39,1
CMP_0172,240.59,201.95,1.87,71.39,2.84,8.39,13.3,460.1,0
CMP_0173,179.17,104.41,3.176,17.18,10.74,3.19,13.49,397.28,0
CMP_0174,376.19,122.29,3.077,75.79,13.09,5.82,12.36,410.18,0
CMP_0175,100.88,-9.51,2.128,93.22,10.51,9.94,5.3,499.96,0
CMP_0176,110.49,129.75,2.087,47.13,3.39,5.88,7.55,455.01,0
CMP_0177,436.31,219.17,1.162,16.68,6.77,4.25,12.33,561.56,1
CMP_0178,335.43,199.31,2.968,28.4,13.7,3.48,11.89,363.39,0
CMP_0179,383.63,266.76,2.793,98.34,11.04,6.55,13.84,565.25,0
CMP_0180,86.22,217.28,1.833,45.22,8.63,7.65,4.12,226.0,1
CMP_0181,92.25,117.04,3.116,85.63,11.43,5.06,13.31,331.79,0
CMP_0182,353.03,263.69,2.044,20.19,12.11,1.05,11.82,534.28,0
CMP_0183,445.1,170.35,1.519,3.4,8.58,8.15,7.58,402.85,0
CMP_0184,126.91,56.77,1.831,41.84,6.79,8.67,4.57,321.7,1
CMP_0185,376.25,322.58,0.916,66.69,8.34,8.62,4.94,549.85,0
CMP_0186,384.03,-2.46,2.834,7.21,7.56,8.61,6.59,222.53,1
CMP_0187,240.51,50.34,1.378,33.3,12.2,5.6,4.85,464.61,0
CMP_0188,370.31,230.3,3.097,19.85,1.07,9.81,1.54,372.65,0
CMP_0189,280.7,20.43,0.974,89.43,10.0,5.12,7.68,389.81,0
CMP_0190,88.66,-8.09,2.222,42.46,10.56,5.0,5.02,503.64,0
CMP_0191,429.86,129.73,0.956,10.3,7.26,2.68,4.51,319.18,1
CMP_0192,369.93,-6.52,1.008,43.11,5.0,6.11,14.15,366.52,0
CMP_0193,309.59,129.88,2.473,35.94,11.28,5.82,5.16,290.19,0
CMP_0194,321.79,193.59,1.137,84.36,4.93,7.21,14.11,399.69,0
CMP_0195,328.81,326.31,2.996,19.99,12.04,5.17,1.52,500.18,0
CMP_0196,168.1,318.46,1.393,75.19,5.19,2.29,13.23,467.3,1
CMP_0197,350.58,336.12,1.139,95.62,9.49,7.9,12.6,569.06,0
CMP_0198,306.71,160.89,1.859,48.1,1.4,1.17,9.49,404.11,0
CMP_0199,141.42,272.69,2.938,53.36,1.08,1.86,7.42,283.62,0
CMP_0200,77.43,306.7,1.306,64.76,2.69,6.71,11.09,209.8,0
CMP_0201,435.45,155.04,1.298,23.73,6.14,9.72,2.16,397.06,0
CMP_0202,256.18,29.09,1.536,62.72,1.09,4.78,3.88,346.67,0
CMP_0203,119.67,63.29,1.572,84.51,6.28,9.37,5.36,256.1,0
CMP_0204,375.56,285.82,1.553,71.05,10.01,1.81,11.71,207.32,1
CMP_0205,94.77,167.03,1.627,99.84,13.91,3.81,12.31,438.51,0
CMP_0206,122.95,71.42,2.195,59.58,8.88,8.31,7.96,520.6,0
CMP_0207,83.61,340.36,2.368,7.52,9.57,5.44,8.78,524.38,0
CMP_0208,136.1,334.21,1.362,11.6,8.21,5.7,11.77,282.69,1
CMP_0209,386.89,226.3,0.955,67.96,5.44,7.1,14.97,309.53,0
CMP_0210,260.67,11.93,2.199,54.72,10.62,6.42,2.03,402.3,0
CMP_0211,250.38,174.25,2.294,31.95,4.9,1.51,12.69,245.73,1
CMP_0212,242.73,194.75,0.814,38.69,1.43,4.39,12.89,282.33,0
CMP_0213,292.93,214.29,2.139,99.93,11.05,4.69,1.52,384.01,0
CMP_0214,314.0,5.74,2.248,68.07,8.84,2.05,4.76,563.1,1
CMP_0215,133.5,224.99,1.875,69.37,11.68,9.76,3.15,216.9,0
CMP_0216,204.02,-0.33,2.435,64.6,2.67,4.14,3.43,387.48,0
CMP_0217,186.83,222.95,3.087,10.93,7.87,8.15,11.14,445.36,0
CMP_0218,124.71,13.61,1.678,73.33,4.74,4.77,2.04,531.34,1
CMP_0219,297.44,92.77,1.247,22.82,13.77,7.14,3.1,330.46,0
CMP_0220,355.24,322.32,3.081,10.61,2.33,7.86,5.36,404.88,0
CMP_0221,88.07,182.71,1.883,24.34,11.68,1.39,11.99,594.81,0
CMP_0222,294.76,198.6,1.275,81.75,10.73,5.98,10.41,325.95,0
CMP_0223,425.39,258.6,2.147,49.24,1.14,7.94,1.78,355.51,0
CMP_0224,308.23,168.82,2.486,22.58,1.31,6.9,2.13,577.35,0
CMP_0225,283.22,106.65,2.081,72.56,13.61,6.58,13.09,374.48,0
CMP_0226,399.46,131.05,2.602,10.3,8.26,8.91,2.6,298.46,0
CMP_0227,183.24,70.45,2.661,73.98,3.41,1.0,0.72,239.99,1
CMP_0228,243.08,87.11,2.027,10.18,4.15,2.4,14.11,505.61,0
CMP_0229,371.39,254.14,1.449,98.17,3.13,6.65,5.14,551.84,0
CMP_0230,346.65,56.68,1.893,29.36,11.49,6.28,11.02,214.04,0
CMP_0231,116.75,223.86,2.2,9.86,11.82,7.9,5.79,573.94,0
CMP_0232,382.09,104.16,0.804,60.63,8.98,6.31,14.93,462.39,0
CMP_0233,136.78,64.04,0.837,84.6,6.35,6.32,12.49,267.31,1
CMP_0234,59.96,318.33,2.445,10.37,2.86,7.65,5.24,403.87,0
CMP_0235,403.23,61.98,1.605,59.13,13.23,7.93,3.67,565.72,0
CMP_0236,341.59,263.18,2.696,53.43,10.38,8.73,2.02,317.95,0
CMP_0237,368.53,291.17,1.408,82.75,1.39,9.77,7.3,396.68,0
CMP_0238,261.56,236.43,2.653,44.85,8.33,8.23,3.73,506.79,0
CMP_0239,123.43,219.09,2.004,76.23,9.87,2.1,6.67,487.46,1
CMP_0240,400.88,230.06,2.305,51.22,1.86,3.56,11.68,498.17,0
CMP_0241,337.26,90.86,1.195,27.32,1.18,0.75,10.96,324.5,0
CMP_0242,420.07,224.83,2.632,12.88,2.58,8.39,7.19,359.15,0
CMP_0243,246.12,256.04,2.98,91.43,2.13,1.55,12.69,509.87,0
CMP_0244,266.94,234.38,2.027,6.63,10.78,0.63,1.29,395.65,0
CMP_0245,443.69,126.81,2.004,47.94,1.93,0.14,11.27,256.78,0
CMP_0246,119.21,70.99,1.614,94.29,5.82,1.54,1.11,327.6,1
CMP_0247,446.04,283.47,2.234,40.64,3.83,6.88,10.4,480.55,0
CMP_0248,296.53,222.95,1.932,56.72,13.01,8.65,8.59,310.6,0
CMP_0249,335.32,315.07,1.894,35.94,7.83,1.84,5.59,303.77,1
CMP_0250,291.8,286.4,2.402,19.84,4.15,2.16,11.39,319.09,1
CMP_0251,280.49,329.26,3.117,25.69,1.43,5.76,11.87,551.73,0
CMP_0252,130.59,42.58,1.523,46.14,10.07,2.45,1.46,574.36,0
CMP_0253,271.47,14.83,2.84,30.73,6.09,4.2,8.17,239.27,1
CMP_0254,234.93,266.74,1.16,73.87,12.63,3.14,13.28,269.65,0
CMP_0255,425.03,319.88,2.771,84.22,13.43,8.3,0.86,205.63,0
CMP_0256,133.8,138.31,1.955,0.25,3.63,5.35,2.94,450.15,0
CMP_0257,243.05,147.81,1.881,9.65,11.69,6.15,7.39,488.12,0
CMP_0258,123.57,146.99,2.734,66.84,10.47,6.88,5.26,336.32,0
CMP_0259,257.91,4.99,1.339,44.95,2.46,6.06,4.23,454.43,0
CMP_0260,213.66,194.05,1.007,45.15,2.84,5.78,7.75,272.97,0
CMP_0261,102.11,252.3,1.527,21.36,2.8,9.89,6.51,456.84,0
CMP_0262,279.71,38.93,1.021,24.76,2.46,7.12,14.83,218.37,0
CMP_0263,94.55,56.15,3.093,29.02,6.84,9.09,12.98,222.09,0
CMP_0264,201.34,196.64,1.939,14.37,5.39,7.58,7.45,575.8,0
CMP_0265,374.92,254.71,1.21,30.56,7.05,2.74,6.31,395.2,1
CMP_0266,316.44,13.66,1.632,36.04,2.14,6.47,3.67,388.67,0
CMP_0267,415.36,289.86,0.981,92.39,13.82,0.57,12.13,538.83,0
CMP_0268,191.56,3.84,3.13,30.03,13.24,0.59,3.44,318.89,0
CMP_0269,316.42,209.61,1.313,68.1,2.53,6.76,7.07,364.28,0
CMP_0270,54.03,146.38,2.713,88.39,8.9,5.54,11.39,295.32,1
CMP_0271,296.44,96.68,1.54,49.43,9.67,5.98,2.41,302.69,0
CMP_0272,74.25,312.31,1.165,23.3,3.56,0.4,3.14,228.81,1
CMP_0273,287.6,167.43,1.219,75.99,11.0,9.0,11.69,520.41,0
CMP_0274,52.5,113.55,2.112,28.88,12.39,0.91,5.05,261.72,0
CMP_0275,250.2,272.31,2.985,27.34,8.0,7.52,10.95,211.86,1
CMP_0276,391.69,229.59,1.752,48.45,3.19,8.28,13.31,553.77,0
CMP_0277,247.16,100.47,1.398,68.89,11.88,5.95,3.34,452.28,0
CMP_0278,154.26,214.05,1.052,49.1,12.29,5.87,5.37,519.69,0
CMP_0279,291.53,297.93,2.407,18.37,13.79,5.26,10.23,444.77,0
CMP_0280,185.83,-1.15,1.28,73.55,1.69,6.95,12.19,449.01,0
CMP_0281,315.88,67.8,2.84,25.23,7.09,8.12,2.58,295.85,1
CMP_0282,206.68,169.01,1.762,94.06,9.29,0.14,1.04,272.17,1
CMP_0283,384.74,336.64,2.402,57.21,10.13,7.46,9.11,473.37,0
CMP_0284,395.73,68.29,2.935,79.82,10.65,1.62,7.65,597.38,0
CMP_0285,364.72,173.5,2.741,54.23,11.46,4.03,1.17,568.11,0
CMP_0286,219.72,186.81,2.095,50.6,9.11,2.11,13.56,580.39,1
CMP_0287,257.84,141.91,2.81,34.04,1.56,9.18,5.79,394.14,0
CMP_0288,153.72,98.75,2.202,96.73,11.82,5.17,7.04,359.19,0
CMP_0289,272.28,256.93,2.777,72.37,10.15,3.29,7.22,412.09,0
CMP_0290,132.83,92.83,2.675,88.79,7.13,3.18,3.88,350.64,1
CMP_0291,356.48,9.36,1.317,0.11,1.21,8.94,14.88,470.9,0
CMP_0292,366.12,101.46,1.469,7.58,1.0,6.11,13.79,289.28,0
CMP_0293,64.33,224.38,2.004,17.86,6.65,3.71,10.62,433.74,1
CMP_0294,320.33,335.17,2.93,88.59,2.74,5.33,2.42,482.39,0
CMP_0295,289.46,307.19,2.467,5.03,2.93,8.76,8.37,407.8,0
CMP_0296,257.81,100.82,0.954,70.53,13.17,6.83,1.33,421.36,0
CMP_0297,212.53,29.83,1.039,59.87,11.42,5.74,9.32,361.04,0
CMP_0298,115.98,58.68,0.896,50.62,9.32,5.37,11.79,438.54,0
CMP_0299,57.13,238.2,2.157,8.41,2.98,8.19,13.02,387.08,0
CMP_0300,130.91,15.3,1.347,6.56,7.13,4.69,6.91,385.53,1
CMP_0301,99.71,313.3,2.93,71.36,11.84,2.04,1.49,545.94,0
CMP_0302,156.35,129.88,2.427,90.93,6.19,7.99,1.13,420.92,1
CMP_0303,437.57,157.96,3.088,39.61,13.66,8.77,11.45,503.04,0
CMP_0304,443.09,42.47,1.098,55.92,3.5,1.11,13.55,507.43,0
CMP_0305,190.35,321.43,2.425,10.93,11.3,5.82,6.74,472.03,0
CMP_0306,116.8,307.9,1.575,30.51,2.19,4.0,8.64,359.36,0
CMP_0307,304.9,138.64,1.272,96.89,12.35,3.8,6.81,433.26,0
CMP_0308,101.91,110.57,1.946,54.28,4.98,0.89,10.39,311.55,1
CMP_0309,121.63,28.21,2.343,34.54,1.27,9.76,5.83,558.55,0
CMP_0310,211.27,156.51,1.537,34.21,12.82,5.28,14.77,305.86,0
CMP_0311,255.97,344.02,1.569,56.75,9.08,7.52,14.43,329.86,0
CMP_0312,148.34,212.87,1.546,28.46,1.0,5.55,6.55,328.11,0
CMP_0313,349.09,1.68,2.575,95.17,6.93,0.84,14.38,552.23,1
CMP_0314,234.82,-8.81,3.173,59.97,10.07,2.47,2.12,587.01,0
CMP_0315,117.08,57.16,1.135,91.9,10.27,8.89,13.67,575.6,0
CMP_0316,203.95,313.09,2.827,3.1,13.23,7.97,8.05,527.86,0
CMP_0317,250.45,244.94,2.268,71.73,13.63,8.67,12.72,577.05,0
CMP_0318,320.58,93.22,2.657,69.79,1.53,3.7,11.16,346.83,0
CMP_0319,249.07,196.42,1.7,65.26,4.73,6.48,5.71,441.49,0
CMP_0320,58.92,153.36,2.077,78.03,3.86,5.78,5.56,482.77,0
CMP_0321,79.58,183.69,3.08,62.41,9.35,6.4,8.5,529.62,0
CMP_0322,311.01,149.28,2.588,92.88,11.24,8.49,6.14,574.26,0
CMP_0323,316.11,31.19,2.597,34.55,11.4,0.57,0.7,348.74,0
CMP_0324,383.64,22.16,1.912,26.38,5.54,2.19,12.28,359.25,1
CMP_0325,87.68,101.03,2.941,64.17,6.44,2.51,4.1,430.75,1
CMP_0326,414.82,313.73,1.293,50.28,4.87,9.74,12.46,340.05,0
CMP_0327,164.74,270.19,0.94,15.42,1.87,6.29,13.15,544.95,0
CMP_0328,237.57,191.98,2.336,9.69,9.07,5.82,3.86,411.67,1
CMP_0329,116.45,335.92,1.173,98.86,5.28,5.82,0.91,504.7,1
CMP_0330,303.39,245.03,0.926,74.79,11.94,6.91,9.28,260.18,0
CMP_0331,192.63,180.28,2.367,97.88,4.67,3.62,8.1,586.71,0
CMP_0332,414.66,68.32,1.662,68.61,1.15,8.0,14.34,309.75,0
CMP_0333,428.1,142.54,1.737,23.69,13.62,3.15,11.38,416.73,0
CMP_0334,276.1,110.26,0.923,0.47,10.18,4.73,8.86,218.29,0
CMP_0335,437.48,163.3,1.81,79.91,12.09,1.6,7.13,423.6,0
CMP_0336,53.21,-9.99,2.446,25.99,4.62,7.12,5.54,557.65,0
CMP_0337,235.94,90.9,0.959,0.75,3.93,4.15,9.34,547.76,0
CMP_0338,324.35,173.93,3.009,23.09,3.54,2.43,14.4,569.14,0
CMP_0339,303.01,289.62,1.944,96.2,9.68,6.54,9.06,344.69,0
CMP_0340,151.07,349.74,2.113,28.53,9.7,8.73,7.46,489.8,0
CMP_0341,435.03,120.44,3.172,66.16,6.52,0.49,3.97,529.89,1
CMP_0342,244.66,72.53,1.614,22.11,10.86,7.89,11.77,361.61,0
CMP_0343,179.14,-5.09,3.128,89.32,9.86,3.74,14.31,343.8,0
CMP_0344,73.84,-5.63,3.069,63.01,1.75,0.17,3.81,263.69,0
CMP_0345,78.58,243.58,2.693,61.49,10.73,3.19,5.95,540.26,0
CMP_0346,285.53,242.2,1.565,91.01,8.72,6.76,13.36,309.54,0
CMP_0347,135.51,314.38,3.033,21.53,6.06,4.49,13.65,213.93,1
CMP_0348,57.51,119.25,1.353,28.57,10.64,4.42,14.39,301.67,0
CMP_0349,278.86,335.66,2.161,43.66,12.38,5.75,7.65,437.09,0
CMP_0350,52.79,132.83,1.421,16.73,11.19,2.36,6.04,547.12,0
CMP_0351,249.81,303.7,1.478,25.71,13.72,6.78,11.66,502.36,0
CMP_0352,102.36,283.55,1.553,16.97,8.26,3.79,10.9,577.01,1
CMP_0353,255.83,244.97,1.455,86.81,10.81,8.98,3.03,369.39,0
CMP_0354,94.62,155.65,2.467,47.95,5.83,3.05,7.53,583.99,1
CMP_0355,237.74,188.42,1.239,74.04,5.55,2.42,10.16,279.93,1
CMP_0356,288.85,140.23,0.897,96.61,9.92,6.53,5.97,395.3,0
CMP_0357,245.13,294.65,2.43,73.37,12.28,6.29,4.25,595.25,0
CMP_0358,352.01,333.74,2.629,10.0,9.33,3.42,1.28,416.43,1
CMP_0359,282.08,309.12,1.092,43.81,2.93,6.83,13.53,285.57,0
CMP_0360,93.73,165.88,1.23,39.77,8.39,6.03,8.7,400.88,1
CMP_0361,445.92,268.24,2.585,49.15,6.68,2.81,2.53,551.08,1
CMP_0362,76.41,34.17,0.912,17.78,2.99,8.87,1.74,499.87,0
CMP_0363,441.76,172.46,0.997,26.16,8.78,1.12,8.68,413.76,1
CMP_0364,275.24,241.27,1.979,39.76,10.26,4.76,4.37,248.56,0
CMP_0365,314.23,198.14,2.581,49.64,7.24,4.97,13.75,207.99,1
CMP_0366,405.89,216.42,1.044,52.36,8.95,6.28,8.02,420.04,0
CMP_0367,437.1,341.07,1.65,6.28,13.35,7.38,11.22,263.04,0
CMP_0368,119.23,209.43,1.566,53.39,5.06,0.63,12.88,409.95,1
CMP_0369,230.04,274.6,1.883,56.47,1.08,7.47,10.6,338.78,0
CMP_0370,61.75,49.7,2.873,11.37,13.46,2.62,6.13,597.32,0
CMP_0371,394.83,315.58,1.766,14.3,11.4,6.69,13.29,347.61,0
CMP_0372,264.53,329.63,1.295,26.59,3.14,5.95,2.25,232.6,0
CMP_0373,178.24,-2.01,2.349,42.11,8.73,7.44,5.13,267.68,1
CMP_0374,260.95,-3.3,2.54,34.72,7.21,8.91,7.37,451.25,0
CMP_0375,365.54,85.86,1.486,25.73,10.5,8.88,4.85,320.1,0
CMP_0376,180.5,169.31,1.672,72.81,10.52,4.29,7.68,242.77,0
CMP_0377,78.86,345.67,1.915,96.56,12.26,9.1,11.86,513.71,0
CMP_0378,137.57,279.15,2.291,72.63,13.98,8.94,4.36,584.19,0
CMP_0379,170.12,111.29,1.455,1.27,1.45,9.75,14.1,464.75,0
CMP_0380,318.23,55.57,0.835,98.5,7.14,2.01,12.55,581.48,1
CMP_0381,391.48,305.25,0.975,34.11,2.23,3.92,9.4,590.54,0
CMP_0382,321.43,165.87,2.001,47.84,11.47,5.88,5.06,455.98,0
CMP_0383,255.61,195.99,2.664,55.39,2.22,7.24,1.93,386.35,0
CMP_0384,77.49,159.04,2.784,62.66,7.7,7.29,7.16,456.07,1
CMP_0385,296.36,219.65,1.377,42.6,9.97,6.95,13.89,342.68,0
CMP_0386,95.65,345.13,3.199,30.8,7.58,3.72,7.72,206.15,1
CMP_0387,292.9,292.27,2.496,95.52,11.1,4.83,6.7,422.32,0
CMP_0388,336.91,221.46,3.134,53.77,11.36,1.82,3.11,585.7,0
CMP_0389,129.67,94.58,1.089,16.09,6.08,8.1,0.64,401.61,1
CMP_0390,62.62,200.99,2.093,38.94,1.45,7.52,3.31,284.85,0
CMP_0391,65.83,142.36,1.081,7.08,1.52,5.56,9.16,232.04,0
CMP_0392,100.73,184.56,2.551,23.89,8.58,0.67,8.1,387.33,1
CMP_0393,246.51,218.17,2.984,24.58,6.78,4.37,2.79,520.48,1
CMP_0394,267.48,1.82,0.863,33.24,4.31,6.58,8.0,388.6,0
CMP_0395,70.45,0.17,2.735,91.09,10.86,2.48,9.87,598.42,0
CMP_0396,389.79,110.44,0.823,32.85,12.4,1.12,1.4,373.32,0
CMP_0397,85.46,186.89,0.88,46.03,9.33,0.87,6.18,536.79,1
CMP_0398,275.33,294.82,1.893,4.21,12.41,3.13,5.71,551.38,0
CMP_0399,443.46,1.6,0.886,20.75,6.77,8.84,10.33,298.24,0
CMP_0400,61.7,210.67,2.8,6.69,6.23,9.65,2.02,497.43,0
CMP_0401,314.86,345.55,2.026,43.8,7.15,2.22,3.04,298.13,1
CMP_0402,310.23,178.12,2.905,5.95,9.49,2.41,4.25,526.83,1
CMP_0403,86.66,220.2,1.276,36.68,3.42,5.96,7.68,367.39,0
CMP_0404,223.78,307.39,1.672,64.02,7.47,1.77,13.47,432.37,1
CMP_0405,400.01,257.2,2.362,7.03,12.82,8.3,9.91,301.48,0
CMP_0406,332.86,153.92,1.434,94.82,13.71,1.93,14.02,205.96,0
CMP_0407,231.45,249.35,1.567,94.08,13.06,5.99,2.71,416.79,0
CMP_0408,193.34,174.75,1.838,40.19,3.01,2.55,6.16,431.6,0
CMP_0409,308.09,53.76,0.914,44.44,7.59,5.78,11.73,331.0,1
CMP_0410,407.54,230.24,1.247,11.38,6.26,7.64,2.11,367.05,1
CMP_0411,226.54,71.19,2.359,19.84,10.46,9.63,9.7,221.44,0
CMP_0412,59.12,259.41,2.249,43.65,10.45,8.33,2.49,246.22,0
CMP_0413,143.24,284.01,1.305,48.01,5.69,1.73,14.04,240.1,1
CMP_0414,187.76,110.35,1.033,69.35,11.96,4.97,2.75,278.46,0
CMP_0415,389.43,148.77,2.381,37.6,12.3,2.27,3.03,549.79,0
CMP_0416,161.16,98.41,2.59,64.46,12.7,4.99,5.0,464.52,0
CMP_0417,293.01,57.64,3.165,13.41,5.15,1.63,11.96,359.59,1
CMP_0418,306.36,33.92,1.028,88.9,2.93,5.53,11.01,512.65,0
CMP_0419,381.64,310.24,3.145,83.31,9.47,3.54,1.02,525.86,1
CMP_0420,183.87,59.5,2.182,57.7,12.57,7.94,6.23,287.23,0
CMP_0421,308.29,278.23,3.092,9.82,12.93,8.86,8.99,345.95,0
CMP_0422,218.6,204.48,2.471,47.01,12.12,8.83,10.32,376.26,0
CMP_0423,303.33,68.59,2.46,73.74,9.77,6.61,1.46,343.57,0
CMP_0424,308.0,324.46,2.503,96.7,4.8,3.11,4.69,229.52,1
CMP_0425,311.67,300.56,2.805,33.72,13.19,5.58,6.11,394.08,0
CMP_0426,408.1,142.47,2.846,92.81,8.29,5.01,5.12,413.08,1
CMP_0427,123.26,99.02,1.299,61.35,4.01,5.05,1.59,292.79,0
CMP_0428,395.82,73.51,2.663,48.59,13.05,3.59,4.42,377.08,0
CMP_0429,414.51,155.74,1.428,10.44,13.33,3.02,0.55,263.92,0
CMP_0430,369.03,307.9,1.052,20.0,4.93,4.16,2.69,223.47,1
CMP_0431,294.54,172.94,2.808,22.53,5.51,1.5,0.75,530.41,1
CMP_0432,374.43,61.6,2.552,98.18,8.6,0.8,6.61,577.45,1
CMP_0433,131.19,25.81,2.145,45.17,6.35,7.04,6.75,323.77,1
CMP_0434,234.27,264.22,3.026,52.33,11.24,2.95,8.0,290.31,0
CMP_0435,397.0,215.58,0.968,79.83,4.52,7.46,1.92,371.0,0
CMP_0436,183.93,233.85,2.783,41.48,9.37,1.64,2.87,528.66,1
CMP_0437,126.78,136.53,3.132,46.58,11.92,4.44,6.22,417.72,0
CMP_0438,291.6,197.28,2.515,23.02,6.83,1.87,11.25,492.63,1
CMP_0439,100.26,44.26,2.006,6.57,1.16,4.65,10.73,584.75,0
CMP_0440,257.13,107.74,2.822,71.84,4.96,6.94,4.49,254.5,0
CMP_0441,254.76,37.02,2.691,97.58,4.34,1.16,11.31,479.65,1
CMP_0442,408.95,160.96,2.268,38.58,7.18,3.95,7.73,596.49,1
CMP_0443,150.43,214.45,2.037,77.93,7.63,0.39,6.9,382.96,1
CMP_0444,236.62,267.04,1.749,86.03,1.68,2.33,12.42,547.5,0
CMP_0445,292.93,155.28,1.762,71.65,5.95,4.8,14.04,387.33,1
CMP_0446,440.61,42.3,1.24,51.84,3.2,9.67,2.45,540.31,0
CMP_0447,444.07,159.37,1.239,69.57,1.54,4.05,3.26,408.85,0
CMP_0448,180.15,116.81,1.368,54.12,10.88,1.29,1.8,394.49,0
CMP_0449,318.5,-3.68,2.682,18.16,12.79,8.41,10.61,475.83,0
CMP_0450,206.63,24.95,2.721,62.52,5.77,5.72,4.43,431.03,1
CMP_0451,51.65,-1.04,1.717,79.04,13.09,0.92,4.84,565.06,0
CMP_0452,399.19,335.89,2.049,94.24,3.37,5.78,0.72,510.09,0
CMP_0453,294.11,156.11,2.57,22.89,6.54,2.62,9.93,529.13,1
CMP_0454,390.23,112.85,2.218,13.53,6.62,4.94,1.92,562.8,1
CMP_0455,289.61,137.59,1.78,19.63,13.95,6.83,5.5,454.23,0
CMP_0456,157.65,297.16,1.417,62.79,5.35,5.99,5.48,578.79,0
CMP_0457,429.37,230.37,1.22,12.47,13.02,0.22,10.7,504.58,0
CMP_0458,88.84,152.39,0.906,51.81,4.42,2.18,14.61,344.83,1
CMP_0459,396.02,282.37,2.051,19.62,2.87,4.68,9.21,566.69,0
CMP_0460,248.33,325.32,2.836,85.47,8.57,8.89,13.5,529.22,0
CMP_0461,237.93,128.97,1.262,5.63,2.36,4.88,1.58,209.22,0
CMP_0462,411.45,86.59,1.012,99.01,2.52,0.7,5.73,379.7,0
CMP_0463,108.51,161.11,3.166,28.5,8.77,3.36,3.41,349.01,1
CMP_0464,435.23,166.36,1.242,28.28,12.45,3.88,7.62,371.25,0
CMP_0465,191.88,222.98,2.392,93.48,5.21,0.4,2.43,529.5,1
CMP_0466,302.25,35.85,2.378,69.68,1.57,5.83,2.48,483.14,0
CMP_0467,427.32,157.59,2.852,71.32,1.69,5.83,3.1,422.45,0
CMP_0468,389.91,23.17,1.052,92.22,5.71,9.07,10.65,354.4,0
CMP_0469,112.28,208.51,2.901,66.99,2.0,5.08,2.96,329.0,0
CMP_0470,67.36,107.09,2.842,72.86,4.35,9.18,4.19,488.13,0
CMP_0471,78.12,301.33,2.083,69.18,7.4,5.29,1.82,590.28,1
CMP_0472,249.94,-4.62,0.874,97.69,3.26,1.81,9.15,260.95,0
CMP_0473,339.56,272.12,0.897,31.56,10.77,5.04,9.65,336.37,0
CMP_0474,133.78,138.07,1.013,11.6,7.67,7.41,5.16,207.24,1
CMP_0475,418.35,135.13,2.389,81.08,2.37,0.71,2.44,217.53,0
CMP_0476,159.84,3.62,2.088,85.02,8.77,9.42,9.78,469.04,0
CMP_0477,56.67,161.37,2.696,92.83,2.81,1.65,0.92,434.49,0
CMP_0478,272.77,245.67,2.894,67.19,7.28,8.24,5.85,558.79,0
CMP_0479,399.57,311.22,1.163,11.1,12.54,4.5,3.9,452.61,0
CMP_0480,164.4,333.46,2.738,73.99,1.73,2.59,3.8,447.08,0
CMP_0481,403.69,52.69,1.412,71.14,13.0,2.69,7.47,497.02,0
CMP_0482,231.99,208.63,1.808,20.51,5.64,7.94,1.01,485.67,0
CMP_0483,114.36,283.47,1.318,74.28,7.49,9.97,12.59,236.29,0
CMP_0484,290.96,139.65,2.327,86.4,13.75,3.74,6.88,553.25,0
CMP_0485,51.06,293.48,0.84,36.93,3.16,4.49,11.9,282.81,0
CMP_0486,269.34,10.0,2.18,89.35,12.35,2.11,3.11,485.12,0
CMP_0487,175.72,174.89,1.583,30.57,12.13,8.67,4.02,312.08,0
CMP_0488,276.53,218.98,2.887,84.47,12.28,4.08,9.4,494.36,0
CMP_0489,69.03,155.61,1.855,11.47,1.74,2.73,1.4,534.67,0
CMP_0490,174.82,233.66,2.354,99.11,5.13,0.76,5.5,431.1,1
CMP_0491,307.42,256.54,1.185,3.87,13.85,4.33,10.1,599.89,0
CMP_0492,288.11,237.45,1.153,71.78,6.29,8.53,6.02,259.1,1
CMP_0493,243.51,58.21,1.79,64.44,4.99,0.27,14.34,572.95,1
CMP_0494,432.91,305.74,0.832,87.8,12.61,5.28,11.81,314.94,0
CMP_0495,92.33,333.78,2.541,9.5,4.09,5.61,3.1,538.24,0
CMP_0496,181.91,-4.32,3.192,0.4,3.84,0.33,8.2,446.21,1
CMP_0497,170.37,6.8,0.807,61.27,2.32,6.8,5.89,574.17,0
CMP_0498,116.26,340.72,2.198,46.94,9.92,1.34,7.26,273.08,1
CMP_0499,157.47,255.95,1.551,65.96,5.22,8.4,3.36,429.13,0
CMP_0500,296.36,56.39,1.43,65.04,6.93,7.48,13.01,320.31,1
CMP_0501,84.3,29.32,2.086,30.25,9.5,1.49,5.25,545.81,1
CMP_0502,389.7,53.26,1.629,69.63,9.07,3.97,8.87,397.97,1
CMP_0503,138.2,324.45,1.243,25.54,9.13,9.3,14.74,394.55,0
CMP_0504,387.66,84.17,2.561,63.74,8.54,8.78,2.64,584.43,0
CMP_0505,274.41,261.35,0.801,28.01,6.87,2.82,9.14,313.99,1
CMP_0506,416.96,319.12,3.136,40.38,6.84,0.41,4.79,450.59,1
CMP_0507,439.57,31.21,1.59,64.3,10.8,0.97,2.59,254.12,0
CMP_0508,246.94,4.3,1.675,26.1,12.3,3.47,1.36,557.89,0
CMP_0509,379.46,65.46,1.328,89.49,3.18,9.48,11.16,303.84,0
CMP_0510,51.61,142.19,1.05,92.6,13.11,9.56,1.24,390.84,0
CMP_0511,356.06,183.07,1.408,86.34,3.3,9.04,11.55,494.96,0
CMP_0512,345.42,317.1,2.141,58.56,4.5,4.08,3.44,233.49,1
CMP_0513,104.16,89.78,2.352,29.93,11.2,5.08,2.06,345.41,0
CMP_0514,212.29,-7.42,1.679,93.74,6.35,1.14,2.68,562.93,1
CMP_0515,119.1,193.85,1.124,53.52,1.47,2.9,6.03,343.22,0
CMP_0516,301.71,150.74,1.689,17.92,10.83,6.65,5.8,300.56,0
CMP_0517,325.71,45.06,1.349,9.03,2.42,6.49,5.96,511.22,0
CMP_0518,104.13,173.63,1.749,74.48,4.38,4.3,14.7,229.32,0
CMP_0519,146.88,147.49,1.687,15.8,3.32,8.91,0.9,403.48,0
CMP_0520,210.44,194.57,1.881,7.24,1.55,2.05,12.29,417.97,0
CMP_0521,248.67,11.96,1.62,2.91,6.77,2.99,3.68,242.15,1
CMP_0522,118.64,192.82,2.672,61.05,3.26,3.9,7.84,245.48,0
CMP_0523,252.68,177.08,1.356,32.75,1.04,8.95,13.49,396.79,0
CMP_0524,144.03,41.98,1.507,79.27,6.76,5.15,12.78,255.13,1
CMP_0525,89.05,292.29,2.195,57.56,5.1,5.77,3.36,290.86,1
CMP_0526,226.97,120.29,3.012,77.76,4.85,3.62,5.35,561.07,1
CMP_0527,400.97,335.3,1.825,40.47,13.23,4.43,0.7,224.27,0
CMP_0528,418.13,107.19,2.303,25.24,6.82,3.16,1.89,275.6,1
CMP_0529,381.89,256.58,1.595,96.55,3.46,5.59,6.2,512.05,0
CMP_0530,69.03,148.77,1.407,47.55,10.99,5.91,8.09,580.2,0
CMP_0531,318.59,304.29,1.929,86.69,12.51,1.88,12.11,345.79,0
CMP_0532,163.5,319.04,1.962,50.97,3.37,5.22,9.82,210.24,0
CMP_0533,361.32,188.57,1.909,28.73,1.56,3.78,12.9,590.0,0
CMP_0534,219.02,87.62,1.952,64.32,1.95,6.87,14.91,457.57,0
CMP_0535,251.32,330.32,1.667,44.73,6.49,2.29,14.89,256.71,1
CMP_0536,119.54,349.82,1.995,5.83,10.51,3.72,8.16,298.16,0
CMP_0537,233.1,286.16,0.807,23.48,4.27,0.44,1.96,248.02,1
CMP_0538,259.47,245.76,3.168,34.09,1.11,3.88,11.16,225.36,0
CMP_0539,374.87,236.18,2.244,49.32,2.0,1.47,2.55,442.47,0
CMP_0540,203.48,325.46,1.864,22.93,6.55,4.34,2.17,214.98,1
CMP_0541,88.33,341.6,1.491,94.98,7.64,6.68,3.08,566.58,1
CMP_0542,309.38,296.3,1.195,69.01,3.73,0.81,3.01,456.75,1
CMP_0543,176.91,59.32,2.746,30.31,8.54,9.06,9.93,303.44,0
CMP_0544,204.21,176.44,3.024,50.38,6.55,8.84,3.35,500.1,0
CMP_0545,98.31,226.96,1.157,27.25,10.1,4.85,1.89,452.84,0
CMP_0546,305.44,170.84,2.101,14.23,13.71,8.3,7.21,264.13,0
CMP_0547,168.79,67.2,2.157,76.01,13.35,2.33,11.04,224.03,0
CMP_0548,447.42,256.76,3.096,74.5,2.54,6.96,5.64,394.02,0
CMP_0549,443.7,-5.31,1.095,90.11,4.74,2.65,6.92,403.5,1
CMP_0550,88.09,176.71,3.061,10.1,6.9,0.78,14.92,437.85,1
CMP_0551,360.7,279.43,2.095,99.29,5.09,9.72,4.03,461.49,0
CMP_0552,351.39,28.82,2.964,52.14,9.68,9.7,12.51,529.54,0
CMP_0553,247.1,185.85,1.081,63.79,13.55,2.34,7.27,266.66,0
CMP_0554,415.81,140.57,3.078,19.6,4.94,4.97,14.39,562.53,0
CMP_0555,396.71,260.93,1.814,22.55,9.71,5.77,14.12,459.21,0
CMP_0556,346.51,113.49,1.203,10.95,4.65,8.35,10.99,207.09,0
CMP_0557,248.1,112.31,3.044,40.75,7.78,4.97,8.39,205.32,1
CMP_0558,255.73,89.72,1.583,48.46,13.08,0.54,3.75,368.96,0
CMP_0559,143.15,272.51,2.709,59.61,2.03,6.53,3.8,324.81,0
CMP_0560,275.32,262.33,2.417,54.17,6.78,5.93,12.14,402.3,1
CMP_0561,237.02,225.77,2.831,3.86,2.03,3.98,11.13,334.84,0
CMP_0562,416.52,9.21,1.848,72.8,11.06,7.62,7.77,424.09,0
CMP_0563,272.41,35.26,2.244,78.1,7.59,9.86,10.43,454.69,0
CMP_0564,190.24,157.48,2.572,95.54,12.51,5.54,11.36,499.22,0
CMP_0565,420.43,323.41,1.801,22.22,8.17,0.43,8.22,328.46,1
CMP_0566,279.27,173.56,2.934,19.9,8.7,0.87,1.18,473.86,1
CMP_0567,248.83,191.42,0.808,77.38,9.03,1.85,4.18,576.58,1
CMP_0568,82.77,278.2,3.021,96.47,11.09,7.14,11.37,397.11,0
CMP_0569,356.28,122.99,2.394,2.37,9.89,7.94,3.57,268.17,0
CMP_0570,441.87,36.36,2.337,71.73,2.14,0.4,11.46,449.83,0
CMP_0571,267.64,283.09,1.1,51.7,9.53,4.76,4.93,321.8,1
CMP_0572,140.34,132.2,2.738,18.45,9.64,0.51,8.12,596.01,1
CMP_0573,295.29,199.37,1.394,76.32,8.6,3.52,9.11,391.94,1
CMP_0574,90.73,97.92,2.206,23.79,2.69,3.4,1.64,242.51,0
CMP_0575,257.73,297.59,0.977,26.12,8.01,6.73,11.69,250.71,1
CMP_0576,414.31,22.96,0.872,91.27,4.88,6.24,13.7,495.04,0
CMP_0577,182.74,197.34,1.075,62.95,3.58,8.45,13.2,545.82,0
CMP_0578,289.81,235.82,3.029,56.59,4.28,0.43,7.86,409.84,1
CMP_0579,245.71,-8.37,2.317,43.45,3.39,1.06,12.48,206.36,0
CMP_0580,269.46,50.84,2.928,41.49,13.98,7.95,4.39,383.11,0
CMP_0581,254.87,247.74,0.944,21.98,5.2,2.83,3.08,358.94,1
CMP_0582,209.04,52.16,1.203,2.42,7.24,6.53,12.06,508.27,1
CMP_0583,185.07,37.66,3.079,32.99,12.92,2.29,1.62,345.3,0
CMP_0584,421.54,90.61,1.966,51.39,6.21,1.11,9.93,515.77,1
CMP_0585,165.71,253.81,1.829,12.95,12.74,8.48,6.26,210.05,0
CMP_0586,241.86,206.82,1.245,69.75,13.45,8.85,1.07,218.1,0
CMP_0587,61.51,327.17,2.274,36.35,10.99,1.72,9.4,508.83,0
CMP_0588,301.12,335.12,1.214,23.72,12.58,7.54,3.76,590.97,0
CMP_0589,133.02,326.07,2.031,36.56,1.36,9.74,6.65,568.71,0
CMP_0590,234.84,212.97,2.464,21.45,9.59,2.13,13.64,511.68,1
CMP_0591,178.97,-4.31,3.168,19.55,6.56,1.16,12.94,383.99,1
CMP_0592,380.47,45.27,1.002,68.69,11.46,9.28,4.21,381.32,0
CMP_0593,251.87,345.87,1.621,94.59,4.7,5.31,13.22,591.21,0
CMP_0594,104.44,190.36,1.91,88.22,10.6,2.36,14.64,345.19,0
CMP_0595,51.78,281.61,3.172,45.88,2.48,4.78,11.59,363.07,0
CMP_0596,63.32,36.37,2.717,37.08,10.64,0.99,6.73,221.66,0
CMP_0597,200.55,306.82,2.025,98.06,8.3,5.95,10.0,287.51,1
CMP_0598,264.52,34.22,0.914,23.6,10.29,2.69,13.88,545.29,0
CMP_0599,115.4,325.24,2.961,30.41,11.04,2.81,8.6,339.54,0
CMP_0600,69.62,98.14,1.657,24.0,7.33,8.63,0.94,248.66,1
CMP_0601,431.67,257.36,2.36,66.93,1.35,0.97,2.81,520.82,0
CMP_0602,153.38,242.51,2.227,95.05,10.13,3.75,2.61,517.47,0
CMP_0603,396.58,300.01,2.678,66.91,5.64,4.93,7.25,247.17,1
CMP_0604,53.3,37.1,1.517,32.91,7.77,1.01,7.18,237.82,1
CMP_0605,426.76,213.15,1.955,6.19,9.85,4.98,0.83,397.21,0
CMP_0606,431.32,140.84,2.405,75.39,11.74,8.54,7.19,363.1,0
CMP_0607,178.35,248.61,2.936,26.25,11.95,8.17,12.65,248.53,0
CMP_0608,348.14,27.82,0.837,63.99,4.31,9.19,12.66,365.23,0
CMP_0609,422.44,311.94,2.599,29.63,12.76,7.94,3.78,502.22,0
CMP_0610,146.4,330.49,2.311,16.81,9.7,4.84,6.26,319.41,0
CMP_0611,292.87,305.72,1.172,77.88,6.0,6.74,6.19,588.93,0
CMP_0612,226.0,253.7,1.638,98.69,6.2,8.62,14.21,549.45,0
CMP_0613,157.97,-9.08,2.493,87.04,8.95,8.25,11.91,205.1,0
CMP_0614,419.51,192.99,1.167,75.7,3.48,9.91,1.55,468.61,0
CMP_0615,65.59,34.8,2.978,1.5,12.47,2.97,4.7,482.08,0
CMP_0616,199.71,296.45,1.778,44.19,4.36,3.39,7.66,389.08,1
CMP_0617,402.26,84.27,1.194,94.36,12.76,4.4,8.36,463.62,0
CMP_0618,299.0,238.08,0.924,38.72,6.14,0.44,7.11,592.57,1
CMP_0619,69.49,151.96,2.655,59.42,1.34,2.42,7.49,511.44,0
CMP_0620,87.76,242.19,1.484,50.73,4.03,4.5,11.05,352.26,0
CMP_0621,73.46,174.24,2.552,28.11,5.48,2.88,2.5,284.72,1
CMP_0622,94.16,216.85,1.168,8.08,4.19,7.91,9.04,569.78,0
CMP_0623,145.79,218.99,3.09,4.77,5.89,2.73,4.98,405.72,1
CMP_0624,423.63,226.67,2.165,5.36,7.13,2.47,0.93,204.21,1
CMP_0625,342.16,120.26,1.906,32.05,4.85,8.56,2.2,341.77,0
CMP_0626,99.86,274.85,2.725,36.68,1.69,7.99,7.13,300.34,0
CMP_0627,194.8,7.42,1.61,18.6,13.72,8.45,3.72,226.42,0
CMP_0628,273.44,13.93,3.099,79.43,7.43,3.12,9.8,413.23,1
CMP_0629,198.35,184.23,2.403,95.42,12.21,4.24,4.91,456.75,0
CMP_0630,428.34,78.56,1.121,99.73,12.22,8.07,9.13,481.6,0
CMP_0631,147.51,106.35,1.686,35.29,11.16,3.62,12.52,588.29,0
CMP_0632,63.49,36.4,2.702,23.22,1.49,7.09,8.44,432.33,0
CMP_0633,305.69,205.88,1.261,73.89,10.95,5.88,7.72,279.05,0
CMP_0634,103.98,2.5,3.055,3.47,12.53,1.74,13.41,444.09,0
CMP_0635,159.44,122.38,2.495,73.77,3.66,0.71,13.72,536.0,0
CMP_0636,286.09,177.21,3.193,39.71,6.83,4.64,5.47,560.94,1
CMP_0637,139.83,345.28,2.674,46.0,6.48,9.66,11.74,323.92,0
CMP_0638,448.93,85.01,1.926,39.05,9.41,7.84,12.06,596.36,0
CMP_0639,197.84,-4.72,1.19,28.11,8.11,6.54,5.28,328.51,1
CMP_0640,267.8,103.45,2.228,90.41,11.38,2.78,4.5,503.46,0
CMP_0641,266.27,88.07,1.71,2.74,5.26,9.1,12.46,423.85,0
CMP_0642,219.93,344.03,2.274,15.49,6.47,6.49,6.69,523.59,1
CMP_0643,162.79,135.6,2.27,2.67,2.64,7.83,3.58,221.3,0
CMP_0644,349.95,319.39,2.692,45.37,6.78,0.19,11.57,323.18,1
CMP_0645,145.4,226.9,2.533,20.4,7.46,3.83,2.33,282.92,1
CMP_0646,216.19,200.87,1.378,3.0,12.67,6.96,4.96,211.38,0
CMP_0647,204.95,276.9,2.344,58.06,6.36,3.86,2.71,540.17,1
CMP_0648,195.54,58.63,2.277,21.9,1.65,9.12,0.82,494.52,0
CMP_0649,270.52,80.02,2.792,47.7,11.14,3.66,12.01,512.06,0
CMP_0650,228.54,189.79,0.954,80.81,3.6,5.31,8.33,387.95,0
CMP_0651,111.86,205.83,1.326,51.71,10.26,1.76,8.9,312.48,0
CMP_0652,335.54,256.82,2.481,85.9,2.78,9.45,6.42,593.04,0
CMP_0653,150.99,301.07,2.606,60.1,5.93,1.65,6.44,268.07,1
CMP_0654,145.33,200.69,1.383,90.41,5.46,7.76,8.13,387.93,0
CMP_0655,260.1,8.96,2.041,44.6,6.71,1.42,0.59,446.17,1
CMP_0656,408.56,59.74,3.154,5.63,13.2,4.79,5.65,293.32,0
CMP_0657,260.26,120.92,2.28,16.58,7.62,6.54,4.02,395.4,1
CMP_0658,414.44,20.96,0.82,79.11,1.08,7.64,2.66,587.64,0
CMP_0659,347.68,336.79,1.432,87.12,2.14,3.08,8.89,206.64,0
CMP_0660,136.61,228.36,1.162,7.58,4.66,5.99,1.82,578.55,0
CMP_0661,236.87,162.81,1.248,75.34,10.62,8.63,9.52,510.47,0
CMP_0662,238.01,185.1,2.22,98.75,1.24,4.72,2.99,228.87,0
CMP_0663,399.02,-4.48,3.091,86.87,11.69,3.77,7.42,314.75,0
CMP_0664,369.99,213.62,2.541,57.53,8.65,9.88,9.69,463.35,0
CMP_0665,434.6,235.28,1.382,75.01,6.1,8.13,4.94,526.7,0
CMP_0666,205.41,60.66,3.109,47.67,1.82,0.61,14.39,248.65,0
CMP_0667,174.01,51.74,2.162,92.81,12.17,3.76,2.58,471.64,0
CMP_0668,199.03,12.88,1.832,48.88,11.39,6.64,1.58,283.96,0
CMP_0669,440.32,40.0,1.41,47.36,12.96,9.78,9.59,551.1,0
CMP_0670,68.58,325.6,2.577,95.89,1.82,1.26,7.83,330.79,0
CMP_0671,159.78,129.91,2.611,99.47,10.99,2.87,10.05,583.94,0
CMP_0672,320.78,344.15,1.575,65.63,10.5,2.17,14.64,322.89,0
CMP_0673,203.78,235.94,1.925,42.6,1.02,8.79,5.76,443.63,0
CMP_0674,251.81,60.63,3.083,74.14,13.48,8.19,10.1,229.94,0
CMP_0675,176.12,189.29,1.092,76.81,4.72,2.34,5.32,246.28,1
CMP_0676,350.97,222.52,2.729,96.3,12.15,0.98,4.14,271.44,0
CMP_0677,357.12,48.0,1.649,73.9,10.92,9.4,3.86,304.65,0
CMP_0678,416.97,291.41,2.747,61.58,1.42,8.51,2.84,291.77,0
CMP_0679,82.33,178.31,2.815,91.46,8.51,6.97,6.28,412.71,0
CMP_0680,340.01,99.13,1.919,17.0,13.52,5.63,5.74,445.34,0
CMP_0681,187.06,227.95,2.36,72.5,11.13,1.24,5.57,205.56,0
CMP_0682,344.03,329.59,2.776,14.41,12.65,4.47,3.19,502.82,0
CMP_0683,298.5,337.49,2.049,50.03,7.98,2.88,13.58,286.6,1
CMP_0684,224.69,182.0,2.725,88.27,6.2,3.83,13.14,513.65,1
CMP_0685,249.33,184.3,1.648,33.35,11.06,7.54,2.28,597.46,0
CMP_0686,143.48,251.31,1.636,10.94,9.84,7.75,14.14,259.18,0
CMP_0687,122.31,271.47,1.61,45.19,4.2,3.48,13.21,288.01,0
CMP_0688,444.48,102.5,0.975,82.94,1.34,9.37,8.42,206.3,0
CMP_0689,365.79,12.13,1.807,79.09,5.2,3.04,8.72,399.48,1
CMP_0690,416.93,52.8,2.073,90.27,13.56,6.28,2.58,443.62,0
CMP_0691,303.62,145.94,2.429,87.24,6.42,7.76,7.59,397.61,1
CMP_0692,84.12,224.06,2.199,24.6,3.25,6.11,0.77,346.9,0
CMP_0693,361.13,173.11,1.533,36.84,5.97,5.81,1.0,350.41,1
CMP_0694,132.63,278.85,2.156,74.68,7.46,7.52,1.66,346.02,1
CMP_0695,334.14,296.26,2.163,75.47,9.94,5.39,11.17,577.09,0
CMP_0696,404.83,294.12,1.306,63.6,8.5,1.39,12.15,410.73,1
CMP_0697,323.23,206.03,1.369,17.5,4.98,8.54,13.02,538.69,0
CMP_0698,358.66,129.11,0.855,39.61,2.45,8.02,9.94,252.21,0
CMP_0699,370.95,321.21,2.335,10.5,7.56,0.22,9.95,352.83,1
CMP_0700,400.64,290.95,2.501,31.91,3.67,5.38,13.44,260.2,0
CMP_0701,289.33,269.29,2.319,28.78,7.1,5.34,13.68,587.35,1
CMP_0702,445.48,274.37,1.015,71.38,13.16,7.16,14.98,594.88,0
CMP_0703,54.37,168.98,0.956,57.42,8.45,2.23,3.62,359.74,1
CMP_0704,173.72,16.43,2.575,99.66,4.84,5.28,12.83,444.51,0
CMP_0705,250.1,144.0,0.935,6.34,2.82,3.22,13.71,284.28,0
CMP_0706,397.32,80.16,2.531,41.34,9.6,8.8,10.8,295.1,0
CMP_0707,146.61,46.43,2.034,6.53,10.61,7.1,4.12,469.57,0
CMP_0708,83.59,279.82,2.65,66.75,3.73,9.01,1.19,301.9,0
CMP_0709,258.42,61.0,1.232,75.57,13.11,3.96,12.47,390.32,0
CMP_0710,232.2,236.59,1.414,92.99,5.29,9.01,4.54,284.6,0
CMP_0711,443.55,27.07,1.466,59.69,2.36,3.03,13.1,532.07,0
CMP_0712,302.95,253.44,2.813,26.87,3.17,7.23,3.61,283.5,0
CMP_0713,114.08,67.66,2.452,70.75,12.73,0.54,6.77,457.85,0
CMP_0714,176.1,28.07,2.537,10.81,2.94,2.34,9.44,347.2,0
CMP_0715,337.44,119.17,3.024,51.13,8.22,7.28,10.3,574.77,0
CMP_0716,322.86,78.36,0.882,30.88,5.26,5.99,0.68,523.63,1
CMP_0717,184.19,116.46,1.392,24.9,8.79,2.61,5.04,338.19,1
CMP_0718,270.29,120.77,1.167,29.62,2.51,5.44,13.68,300.65,0
CMP_0719,97.98,120.7,2.511,87.28,3.57,5.06,7.28,557.6,0
CMP_0720,292.91,251.97,2.506,78.04,13.66,8.02,3.23,492.72,0
CMP_0721,57.28,297.83,1.193,36.93,5.15,2.93,9.31,471.66,1
CMP_0722,344.78,-4.38,3.196,58.18,3.77,9.25,1.88,526.84,0
CMP_0723,302.74,74.76,1.697,55.76,12.6,1.71,8.62,351.91,0
CMP_0724,89.32,119.87,1.441,64.07,2.12,1.7,11.92,259.29,0
CMP_0725,301.51,226.14,3.079,31.35,9.84,4.86,8.35,418.17,0
CMP_0726,101.37,243.01,0.824,15.92,9.94,2.82,1.49,527.99,0
CMP_0727,396.88,72.57,1.571,75.38,6.37,4.99,7.78,514.57,1
CMP_0728,166.31,1.56,2.912,5.01,4.86,8.92,0.87,312.48,0
CMP_0729,254.73,245.91,0.943,68.68,2.4,2.6,1.94,451.38,0
CMP_0730,161.02,250.67,2.69,28.2,6.74,1.85,12.9,387.61,1
CMP_0731,387.44,48.59,2.655,99.73,1.8,5.05,4.87,422.09,0
CMP_0732,152.27,272.04,2.097,45.21,7.55,0.58,3.05,266.87,1
CMP_0733,136.93,50.98,2.387,28.17,10.57,9.74,13.39,366.64,0
CMP_0734,377.83,174.62,2.96,43.75,2.55,8.17,10.03,438.51,0
CMP_0735,396.18,152.02,0.961,44.78,3.52,8.26,8.55,250.44,0
CMP_0736,85.39,13.09,3.098,95.8,9.5,2.25,2.15,326.92,1
CMP_0737,317.85,108.41,2.786,48.68,3.25,5.18,12.43,372.33,0
CMP_0738,142.01,349.24,0.832,21.39,5.05,7.39,13.33,331.23,0
CMP_0739,444.6,55.53,3.045,76.01,8.17,9.0,12.86,361.62,0
CMP_0740,198.34,270.72,1.998,49.86,2.75,3.96,7.51,413.43,0
CMP_0741,355.34,138.11,2.134,86.97,3.46,9.55,12.17,468.65,0
CMP_0742,163.15,284.49,2.007,43.05,7.57,9.05,5.43,528.73,0
CMP_0743,244.98,299.71,2.227,6.96,6.8,9.67,7.66,211.11,0
CMP_0744,327.51,269.06,2.916,39.25,8.93,5.8,2.31,386.75,1
CMP_0745,438.05,79.23,3.194,82.13,13.73,0.55,10.77,337.89,0
CMP_0746,399.58,226.81,1.762,72.02,10.8,0.77,14.87,366.39,0
CMP_0747,176.49,165.26,1.521,88.72,11.6,5.79,6.96,247.46,0
CMP_0748,374.37,225.16,1.507,88.21,1.46,4.02,12.45,484.45,0
CMP_0749,90.17,253.08,2.674,29.68,6.97,9.62,7.51,232.82,0
CMP_0750,96.72,261.87,2.075,55.51,9.36,2.63,8.46,585.98,1
CMP_0751,214.31,127.3,2.877,2.75,7.16,6.53,0.57,382.89,1
CMP_0752,176.39,298.33,1.019,25.42,6.92,2.19,14.02,292.49,1
CMP_0753,219.03,347.82,1.787,93.67,10.24,5.33,0.91,383.92,0
CMP_0754,212.09,193.9,2.905,66.05,6.75,4.64,8.73,261.44,1
CMP_0755,97.19,332.2,2.13,77.03,7.63,3.34,9.44,428.99,1
CMP_0756,418.04,179.2,1.916,26.11,5.29,7.88,10.93,425.26,0
CMP_0757,131.17,287.4,2.505,2.62,6.16,6.23,14.53,272.13,1
CMP_0758,388.88,52.85,2.617,44.17,13.75,3.36,1.36,569.34,0
CMP_0759,54.25,165.16,0.999,57.6,2.93,8.88,6.61,229.68,0
CMP_0760,120.69,21.32,1.587,16.26,9.98,8.9,12.48,237.8,0
CMP_0761,438.37,16.09,1.387,82.94,12.61,7.43,5.03,207.35,0
CMP_0762,119.0,179.99,2.241,49.64,1.33,2.58,3.79,413.3,0
CMP_0763,161.63,311.59,1.83,94.28,9.37,0.27,4.25,310.35,1
CMP_0764,180.84,239.62,1.926,5.6,12.07,2.38,11.74,529.27,0
CMP_0765,67.19,196.65,1.933,52.22,11.06,3.47,12.39,394.33,0
CMP_0766,69.38,102.81,2.123,7.95,3.8,9.54,7.84,552.55,0
CMP_0767,286.65,334.34,1.666,94.57,9.15,0.42,7.56,253.03,1
CMP_0768,223.02,95.52,2.22,68.72,1.75,7.82,8.42,556.86,0
CMP_0769,84.23,221.6,1.283,97.95,9.44,7.02,7.12,506.01,0
CMP_0770,121.16,302.23,2.312,73.42,11.5,9.18,4.73,353.5,0
CMP_0771,415.33,33.76,2.3,52.26,12.86,1.28,1.66,483.5,0
CMP_0772,77.04,320.08,2.34,14.18,7.36,3.26,7.87,468.64,1
CMP_0773,156.25,-5.96,2.387,72.48,5.27,3.18,7.95,408.21,1
CMP_0774,336.85,55.73,2.75,27.71,10.11,2.77,5.94,368.48,0
CMP_0775,139.84,342.93,0.992,69.32,5.52,7.82,1.42,453.08,0
CMP_0776,343.03,268.87,0.954,66.65,9.7,8.4,7.48,251.91,0
CMP_0777,127.0,186.21,1.201,96.45,11.48,7.43,7.09,276.4,0
CMP_0778,142.38,191.65,2.74,60.87,10.85,6.32,4.48,252.39,0
CMP_0779,53.8,260.26,3.122,55.47,13.74,8.25,11.16,592.64,0
CMP_0780,75.39,57.49,0.953,91.56,1.5,1.83,12.67,222.78,0
CMP_0781,285.66,323.95,2.567,24.52,12.9,7.16,13.65,453.49,0
CMP_0782,290.09,42.93,3.194,17.5,11.06,1.02,5.53,367.7,0
CMP_0783,254.82,120.5,1.001,64.85,6.46,7.3,1.9,324.43,1
CMP_0784,104.33,168.34,2.901,22.36,1.71,1.37,4.74,564.12,0
CMP_0785,323.82,226.57,2.493,27.11,10.84,4.94,7.5,361.94,0
CMP_0786,60.71,181.59,1.918,59.95,5.85,2.47,5.98,406.66,1
CMP_0787,172.15,15.72,1.887,45.76,12.59,3.5,9.47,323.04,0
CMP_0788,368.41,213.27,2.148,47.41,3.46,8.47,10.27,493.37,0
CMP_0789,221.19,70.38,1.239,77.98,5.6,4.77,1.71,591.61,1
CMP_0790,300.49,95.65,3.132,99.06,13.17,6.87,9.1,303.55,0
CMP_0791,87.9,24.51,2.224,27.7,9.8,8.21,6.99,528.71,0
CMP_0792,368.26,151.1,1.114,60.54,12.9,5.76,7.15,346.14,0
CMP_0793,204.31,261.01,2.198,92.97,10.65,6.24,4.55,468.32,0
CMP_0794,436.47,31.34,2.929,72.14,7.68,2.09,4.2,270.96,1
CMP_0795,103.84,81.99,2.665,15.94,6.15,3.06,12.6,202.74,1
CMP_0796,392.49,256.34,2.246,65.91,6.62,4.01,8.12,524.64,1
CMP_0797,381.93,261.05,2.393,44.62,4.83,4.73,14.53,347.76,0
CMP_0798,379.4,8.99,1.281,23.87,10.46,1.73,9.3,305.49,0
CMP_0799,231.87,281.74,0.902,96.03,1.19,7.66,3.5,239.27,0
CMP_0800,260.95,79.74,2.245,18.33,9.64,5.94,7.1,339.1,0
CMP_0801,430.88,312.7,2.54,29.36,1.45,8.84,4.45,502.75,0
CMP_0802,340.15,141.36,1.481,99.14,9.25,3.79,2.88,486.9,1
CMP_0803,289.19,307.08,2.95,78.91,11.37,1.06,11.31,459.81,0
CMP_0804,218.1,269.23,1.78,37.01,7.92,6.86,1.07,500.57,1
CMP_0805,211.4,218.8,2.077,83.38,3.44,2.39,14.33,209.04,0
CMP_0806,163.79,72.09,1.216,45.87,11.8,9.56,12.86,200.52,0
CMP_0807,380.45,202.44,1.726,65.6,5.93,1.26,5.83,468.89,1
CMP_0808,133.53,340.52,1.516,3.37,8.09,7.54,13.27,282.85,1
CMP_0809,368.92,265.09,2.116,36.19,2.05,9.24,4.5,541.27,0
CMP_0810,217.53,263.72,2.62,2.88,13.42,5.07,6.15,517.76,0
CMP_0811,441.22,129.14,2.952,39.18,9.26,6.74,1.18,300.92,0
CMP_0812,101.81,237.99,2.636,22.26,7.03,2.48,7.44,328.04,1
CMP_0813,153.6,88.61,1.953,41.72,10.0,6.05,14.12,395.83,0
CMP_0814,329.03,119.12,0.948,89.99,10.35,7.1,0.96,550.01,0
CMP_0815,99.46,225.29,2.268,88.33,11.64,5.54,1.5,210.93,0
CMP_0816,96.06,195.04,1.18,26.26,10.11,0.97,8.24,338.39,1
CMP_0817,167.98,108.69,1.476,6.89,3.15,2.73,14.81,338.43,0
CMP_0818,299.25,83.98,2.387,78.56,6.94,5.66,2.16,590.38,1
CMP_0819,446.79,58.07,0.981,67.86,2.16,4.65,2.22,427.44,0
CMP_0820,72.23,327.46,1.439,38.22,5.21,3.62,10.3,444.63,1
CMP_0821,281.88,322.08,1.063,37.22,2.44,2.12,14.66,214.11,0
CMP_0822,351.36,202.77,1.227,44.91,12.58,7.04,10.26,333.87,0
CMP_0823,435.23,216.47,1.279,81.1,6.23,1.88,13.13,387.3,1
CMP_0824,155.48,-8.01,2.485,25.07,8.75,4.19,4.02,484.49,1
CMP_0825,343.25,87.85,2.223,65.15,1.64,0.52,8.14,294.75,0
CMP_0826,284.02,141.1,2.185,8.58,7.63,1.29,13.59,493.46,1
CMP_0827,199.92,119.41,3.062,78.12,5.14,5.75,9.16,354.34,1
CMP_0828,290.4,180.68,2.407,57.32,2.12,9.97,0.81,342.48,0
CMP_0829,102.29,293.11,1.113,65.28,4.35,1.21,1.57,213.77,1
CMP_0830,348.95,225.41,1.705,64.69,4.01,3.57,5.41,488.84,0
CMP_0831,431.23,112.01,1.56,33.01,1.85,4.79,1.85,395.68,0
CMP_0832,52.45,-4.85,2.445,4.27,6.81,4.0,5.24,419.67,1
CMP_0833,294.87,38.93,1.725,75.01,2.55,6.55,3.02,331.24,0
CMP_0834,66.56,318.05,2.079,19.7,13.63,1.71,14.09,512.06,0
CMP_0835,79.14,293.2,3.129,51.0,3.9,6.41,12.29,248.15,0
CMP_0836,424.07,110.89,2.422,13.78,8.28,3.72,6.22,386.12,1
CMP_0837,367.91,114.4,1.228,66.17,10.81,4.77,12.72,537.65,0
CMP_0838,240.38,304.3,1.474,28.03,3.75,0.93,11.28,581.59,0
CMP_0839,169.74,2.16,3.052,69.6,10.21,7.41,8.71,292.19,0
CMP_0840,233.88,316.39,2.423,2.22,8.98,2.72,2.88,593.69,1
CMP_0841,149.31,221.85,2.551,39.84,4.64,6.58,1.77,270.03,0
CMP_0842,431.95,108.52,2.515,68.29,4.12,3.48,9.16,557.16,0
CMP_0843,299.2,158.14,1.301,61.88,2.4,1.47,8.04,417.51,0
CMP_0844,187.08,235.4,1.149,71.99,10.81,9.61,14.26,329.9,0
CMP_0845,240.99,166.09,1.79,8.87,9.62,8.17,7.52,436.85,0
CMP_0846,177.81,171.82,1.087,77.03,3.21,7.32,8.63,416.39,0
CMP_0847,301.08,163.35,2.637,1.03,11.97,4.76,9.02,324.44,0
CMP_0848,206.15,175.52,1.294,87.44,11.82,4.44,1.79,320.88,0
CMP_0849,86.85,145.27,1.544,21.23,6.89,3.09,1.87,230.1,1
CMP_0850,445.59,249.97,2.729,19.6,9.14,9.78,8.57,349.61,0
CMP_0851,164.18,1.82,1.545,32.2,8.25,0.41,5.44,547.69,1
CMP_0852,133.94,225.01,2.427,43.62,6.17,1.89,9.34,423.54,1
CMP_0853,319.16,288.65,1.436,63.61,7.52,4.52,3.14,501.37,1
CMP_0854,439.7,266.07,2.02,51.26,11.72,5.18,8.49,586.11,0
CMP_0855,449.9,188.74,0.809,38.21,7.92,6.81,14.27,432.25,0
CMP_0856,220.27,270.86,2.661,29.72,3.67,4.86,10.4,362.69,0
CMP_0857,348.3,135.13,1.564,18.82,6.73,4.11,6.84,460.39,1
CMP_0858,347.23,337.07,2.897,70.53,5.23,6.68,3.96,435.21,0
CMP_0859,395.37,255.67,1.573,13.35,11.08,7.29,8.61,313.72,0
CMP_0860,368.85,26.92,1.543,66.67,5.02,7.79,4.39,416.52,0
CMP_0861,408.03,326.69,2.682,79.71,3.54,9.73,2.62,451.2,0
CMP_0862,73.74,255.22,2.791,75.16,10.22,2.39,14.92,432.61,0
CMP_0863,249.14,29.28,0.913,78.22,11.05,5.92,12.25,242.26,0
CMP_0864,162.13,61.09,1.243,84.84,9.07,0.98,8.99,298.63,1
CMP_0865,125.72,325.67,2.56,50.48,6.13,9.29,11.94,388.59,0
CMP_0866,240.62,192.83,3.006,44.14,11.53,9.08,11.38,549.15,0
CMP_0867,226.33,56.55,1.349,31.02,7.94,1.09,2.27,486.27,1
CMP_0868,95.84,92.32,1.768,69.75,6.19,0.41,11.39,370.73,1
CMP_0869,144.02,148.8,2.137,44.95,12.79,9.55,6.85,507.37,0
CMP_0870,96.7,164.51,1.986,4.68,13.22,4.02,12.43,284.64,0
CMP_0871,307.38,110.26,3.148,9.27,8.08,5.01,9.28,561.77,1
CMP_0872,164.29,198.68,1.215,29.7,2.91,8.02,4.38,311.39,0
CMP_0873,217.47,317.81,1.0,2.15,1.88,6.38,14.83,550.8,0
CMP_0874,344.02,325.34,1.354,55.92,7.62,4.69,10.4,289.94,1
CMP_0875,76.25,188.23,0.812,94.81,2.25,7.92,11.56,539.85,0
CMP_0876,57.59,166.36,2.603,73.41,13.43,1.07,13.99,564.59,0
CMP_0877,433.99,309.8,2.027,76.85,4.12,2.81,7.29,280.82,1
CMP_0878,414.02,293.63,2.728,98.57,10.09,3.89,11.67,328.06,0
CMP_0879,439.43,300.09,2.849,12.35,13.1,2.78,6.71,525.15,0
CMP_0880,223.23,26.56,1.52,76.0,12.31,4.04,3.51,379.54,0
CMP_0881,170.4,282.55,1.693,79.16,12.67,3.6,3.25,401.4,0
CMP_0882,52.39,335.42,3.145,12.08,10.8,3.2,8.86,221.72,0
CMP_0883,431.63,279.61,1.898,5.61,8.68,6.52,13.74,203.33,1
CMP_0884,286.96,242.41,1.384,44.41,5.39,3.14,12.15,266.94,1
CMP_0885,292.61,340.93,1.328,71.26,6.95,5.09,11.69,591.48,1
CMP_0886,112.27,301.4,2.558,47.94,5.57,5.19,4.2,437.78,1
CMP_0887,162.36,192.8,2.27,22.48,6.04,4.66,11.98,592.15,1
CMP_0888,93.77,85.88,0.855,12.35,5.91,6.23,10.5,255.39,1
CMP_0889,121.63,163.57,2.647,85.03,11.88,5.86,1.45,326.99,0
CMP_0890,355.37,168.51,2.544,76.88,10.61,8.52,6.85,385.05,0
CMP_0891,149.96,118.78,0.888,33.43,11.18,4.31,1.03,220.73,0
CMP_0892,192.89,129.01,2.581,29.81,6.61,7.55,14.29,311.4,1
CMP_0893,427.29,58.29,0.982,74.42,10.87,6.07,0.55,421.25,0
CMP_0894,73.37,101.05,0.928,71.86,13.91,8.72,6.74,280.97,0
CMP_0895,385.51,31.09,2.138,34.57,2.73,0.2,2.04,390.6,0
CMP_0896,373.61,231.79,2.636,46.49,10.54,4.48,6.24,500.4,0
CMP_0897,245.96,-4.49,1.832,22.24,11.85,7.13,8.54,442.66,0
CMP_0898,197.79,341.29,0.837,57.02,6.68,5.24,7.27,210.19,1
CMP_0899,293.87,258.45,1.429,85.51,2.9,3.29,9.07,479.04,0
CMP_0900,183.49,244.85,2.734,97.99,12.33,5.17,9.86,548.09,0
CMP_0901,355.54,49.66,1.532,8.95,10.18,6.93,0.91,439.98,0
CMP_0902,422.1,286.84,2.071,11.53,4.0,3.75,9.23,429.53,0
CMP_0903,296.97,180.19,2.578,6.47,11.58,2.77,5.88,490.2,0
CMP_0904,350.91,-1.94,2.22,10.32,12.26,6.46,2.85,285.53,0
CMP_0905,409.95,108.46,1.656,42.72,7.06,5.99,4.6,306.36,1
CMP_0906,84.67,287.32,1.78,68.34,8.49,7.74,2.91,431.79,0
CMP_0907,83.2,218.67,3.158,60.65,3.83,9.19,9.25,520.39,0
CMP_0908,220.22,80.15,1.265,68.23,1.05,4.59,7.92,548.03,0
CMP_0909,185.18,295.46,0.856,12.93,8.8,1.0,10.64,413.3,1
CMP_0910,240.86,195.62,0.805,37.13,5.94,1.81,4.75,374.93,1
CMP_0911,159.31,306.66,2.858,60.22,3.91,6.59,6.27,441.47,0
CMP_0912,120.46,191.19,2.309,51.84,13.86,2.11,2.91,538.28,0
CMP_0913,185.41,135.84,3.099,47.5,2.91,9.84,13.5,478.93,0
CMP_0914,275.0,12.44,2.467,19.57,5.49,8.39,3.41,363.81,0
CMP_0915,107.82,149.1,0.863,40.72,2.52,3.89,2.05,432.36,0
CMP_0916,98.49,141.32,2.428,86.41,9.62,3.62,3.26,321.13,1
CMP_0917,326.59,292.02,2.022,89.05,10.17,4.02,3.32,307.58,0
CMP_0918,302.96,127.67,2.847,25.74,10.05,1.59,14.0,223.93,1
CMP_0919,168.27,224.47,2.793,25.51,11.18,1.3,1.14,283.88,0
CMP_0920,288.58,-2.55,2.897,25.72,1.59,8.72,4.92,599.05,0
CMP_0921,358.72,178.89,2.24,71.58,2.7,4.19,5.33,485.76,0
CMP_0922,365.48,-6.09,2.927,83.21,8.26,1.73,0.75,553.35,1
CMP_0923,225.07,45.26,1.329,14.77,9.59,8.19,5.91,384.24,0
CMP_0924,221.44,58.32,3.061,94.82,2.48,9.8,6.86,522.41,0
CMP_0925,391.99,93.65,2.131,70.94,11.21,3.27,8.55,564.96,0
CMP_0926,181.67,143.14,0.9,65.06,13.6,9.0,14.32,547.4,0
CMP_0927,393.32,76.83,2.206,60.6,4.39,1.69,2.62,367.18,1
CMP_0928,205.52,231.58,1.124,15.29,12.66,1.66,4.07,369.78,0
CMP_0929,317.76,125.87,1.755,50.71,13.81,9.32,14.27,574.73,0
CMP_0930,285.98,16.33,0.937,20.0,10.24,6.9,10.17,346.43,0
CMP_0931,228.31,86.93,2.228,57.74,10.14,0.84,9.32,408.74,1
CMP_0932,354.84,343.09,1.796,37.17,13.73,2.64,10.5,432.63,0
CMP_0933,81.19,118.08,1.439,33.4,13.32,7.7,14.55,469.35,0
CMP_0934,277.89,-1.31,1.636,28.85,13.6,5.0,9.92,476.98,0
CMP_0935,160.35,116.15,1.428,39.03,10.65,5.06,7.0,400.62,0
CMP_0936,229.16,-1.34,2.592,60.68,5.21,0.62,10.63,591.52,1
CMP_0937,269.01,32.22,3.008,11.96,1.94,5.86,6.29,211.3,0
CMP_0938,212.34,266.4,2.831,60.52,5.56,7.7,10.28,254.35,0
CMP_0939,405.58,221.08,2.384,66.0,4.19,9.24,9.95,481.18,0
CMP_0940,194.82,124.97,0.921,10.77,2.98,0.52,6.62,479.82,0
CMP_0941,113.04,31.6,1.04,34.01,12.04,8.82,1.32,338.65,0
CMP_0942,170.89,265.54,1.952,27.99,13.05,3.71,3.16,289.73,0
CMP_0943,213.67,259.46,1.119,28.58,12.73,9.24,3.73,211.32,0
CMP_0944,348.41,226.52,2.327,18.48,9.7,6.38,5.62,574.24,0
CMP_0945,291.46,-4.48,2.813,38.35,10.0,9.76,5.33,545.02,0
CMP_0946,292.66,319.83,2.92,67.3,2.74,5.28,2.4,541.11,0
CMP_0947,65.09,238.09,1.206,17.0,10.35,3.29,2.19,209.09,0
CMP_0948,52.73,307.74,2.522,95.75,6.97,5.99,3.95,452.94,1
CMP_0949,284.77,212.05,2.639,57.52,4.42,6.98,3.15,209.93,0
CMP_0950,131.84,156.53,1.532,77.42,13.29,9.02,6.32,364.41,0
CMP_0951,196.03,277.96,1.607,90.67,8.29,5.51,13.55,228.89,1
CMP_0952,85.37,272.2,2.768,68.35,12.37,0.8,13.61,321.37,0
CMP_0953,100.96,63.07,1.906,35.12,6.02,8.07,9.26,200.58,1
CMP_0954,124.66,-3.32,1.601,16.38,5.98,0.63,2.76,421.11,1
CMP_0955,404.06,20.71,2.738,43.57,8.51,4.18,13.59,576.81,1
CMP_0956,422.39,227.49,2.31,52.3,13.65,4.24,9.08,460.69,0
CMP_0957,393.78,114.44,0.919,37.83,13.64,5.55,2.29,599.78,0
CMP_0958,309.84,156.2,1.076,38.3,2.36,4.81,12.84,524.59,0
CMP_0959,221.24,313.59,1.427,7.58,11.21,3.92,1.98,320.49,0
CMP_0960,380.51,200.32,2.136,54.85,7.14,4.15,13.98,579.78,1
CMP_0961,407.36,59.57,0.993,63.33,3.88,9.46,7.57,378.2,0
CMP_0962,370.64,221.47,2.977,14.46,11.87,4.59,12.71,334.71,0
CMP_0963,313.9,118.14,2.954,81.92,12.56,9.52,14.15,364.26,0
CMP_0964,206.96,-3.24,3.041,15.36,6.27,8.15,1.37,502.15,0
CMP_0965,260.9,227.35,1.742,28.84,9.15,4.35,14.1,311.65,1
CMP_0966,331.09,93.39,2.365,5.98,7.35,6.3,4.25,423.8,1
CMP_0967,339.46,276.71,2.984,11.34,10.48,8.33,1.31,287.1,0
CMP_0968,54.42,41.63,2.247,39.32,3.99,6.04,6.78,524.34,0
CMP_0969,217.68,127.75,1.71,88.16,1.68,9.23,9.08,484.3,0
CMP_0970,392.8,121.19,1.629,3.78,8.7,1.25,7.99,372.11,1
CMP_0971,233.76,260.36,1.537,18.96,12.48,7.86,1.23,391.1,0
CMP_0972,410.81,283.0,2.352,61.01,12.81,4.67,8.24,252.1,0
CMP_0973,351.44,140.57,1.384,27.13,12.43,9.08,8.55,356.07,0
CMP_0974,283.91,94.57,1.56,10.48,7.26,6.38,0.65,353.09,1
CMP_0975,151.96,58.42,0.944,7.62,5.72,8.1,5.19,563.64,0
CMP_0976,137.44,311.55,1.987,95.37,7.97,9.69,9.58,201.9,0
CMP_0977,306.94,85.14,2.541,68.67,12.08,7.8,2.18,446.81,0
CMP_0978,221.37,311.01,1.363,74.54,8.25,9.22,4.33,578.52,0
CMP_0979,195.66,56.73,2.419,54.74,13.51,5.96,5.09,219.72,0
CMP_0980,109.81,152.07,1.592,82.03,8.33,3.87,12.42,389.62,1
CMP_0981,421.49,198.06,0.947,80.24,7.27,4.29,10.25,581.87,1
CMP_0982,331.15,61.82,2.085,36.14,13.82,5.88,6.19,597.4,0
CMP_0983,270.49,279.05,1.343,26.23,12.45,8.36,5.85,514.79,0
CMP_0984,102.4,49.66,1.099,72.55,1.42,9.85,7.43,395.43,0
CMP_0985,99.45,-0.29,1.137,4.39,7.07,4.02,8.26,502.55,1
CMP_0986,247.64,40.43,3.062,66.04,7.18,9.52,10.41,245.49,0
CMP_0987,239.62,48.62,1.448,75.6,10.33,1.12,6.17,401.48,0
CMP_0988,419.67,309.14,1.002,71.13,2.07,2.41,3.9,435.04,0
CMP_0989,294.43,32.02,2.943,10.83,3.92,6.34,6.54,349.02,0
CMP_0990,93.6,251.15,2.558,22.24,1.54,7.75,10.94,418.72,0
CMP_0991,142.53,262.71,1.223,24.76,10.52,5.11,0.97,406.25,0
CMP_0992,181.46,273.87,1.823,74.97,8.52,3.52,8.01,485.14,1
CMP_0993,115.52,314.49,2.899,89.98,1.44,3.93,9.81,372.23,0
CMP_0994,226.98,27.91,2.947,86.4,1.96,3.98,3.55,490.72,0
CMP_0995,279.03,239.11,1.686,33.61,2.63,9.6,2.97,355.7,0
CMP_0996,299.07,39.97,3.078,21.4,9.48,9.03,10.16,220.22,0
CMP_0997,51.1,81.65,1.681,51.68,2.38,0.79,9.97,420.56,0
CMP_0998,289.04,214.81,0.901,13.77,6.09,2.54,13.81,274.44,1
CMP_0999,94.03,112.93,2.064,49.8,12.42,8.76,2.39,201.23,0
CMP_1000,202.54,66.15,1.211,63.1,9.09,6.88,8.61,412.48,0
