AthleteID,Age,Weight_kg,Height_cm,VO2_Max_ml_kg_min,Max_Heart_Rate,Resting_Heart_Rate,Weekly_Distance_km,Weekly_Training_Hours,Performance_Score
ATH_0001,22,56.5,180,65.16,177,43,96.77,23,100.0
ATH_0002,33,58.8,185,47.08,200,65,102.1,19,85.28
ATH_0003,40,78.9,197,55.02,169,59,117.76,13,81.32
ATH_0004,40,88.5,202,52.57,200,69,91.7,10,63.21
ATH_0005,25,57.7,188,44.75,171,74,12.54,17,68.84
ATH_0006,31,93.3,163,71.08,174,57,31.32,16,75.23
ATH_0007,24,55.0,169,51.7,166,45,107.35,22,96.52
ATH_0008,31,64.1,171,71.7,193,58,51.9,10,82.12
ATH_0009,40,68.6,166,35.05,201,74,48.22,8,45.6
ATH_0010,26,73.0,170,47.19,189,75,100.37,15,68.26
ATH_0011,33,82.1,182,44.45,203,46,68.31,10,59.99
ATH_0012,30,76.7,163,58.93,200,51,75.72,17,78.17
ATH_0013,20,75.8,168,49.48,168,73,49.96,10,63.0
ATH_0014,22,66.9,201,64.7,193,48,50.99,23,100.0
ATH_0015,17,63.5,173,54.27,202,61,77.6,4,62.74
ATH_0016,18,82.7,173,61.84,193,62,64.5,5,64.46
ATH_0017,38,74.3,196,57.6,192,45,91.8,11,77.3
ATH_0018,22,89.9,193,56.12,171,52,20.02,19,78.01
ATH_0019,25,87.1,186,44.52,178,46,27.08,7,56.48
ATH_0020,36,63.8,200,48.04,190,61,44.75,13,69.73
ATH_0021,20,82.6,180,50.01,171,52,24.25,3,55.47
ATH_0022,29,56.1,198,69.87,205,65,38.88,20,99.75
ATH_0023,32,62.1,174,73.79,167,58,19.94,15,85.42
ATH_0024,39,84.8,174,57.06,198,52,104.57,6,70.97
ATH_0025,28,78.6,185,64.9,191,50,106.57,7,75.68
ATH_0026,35,79.0,174,69.18,196,48,17.74,25,93.08
ATH_0027,32,64.3,175,47.3,196,46,72.83,9,66.49
ATH_0028,34,70.5,193,67.6,181,59,85.04,25,98.43
ATH_0029,21,91.1,173,46.25,195,69,57.62,12,53.87
ATH_0030,33,94.4,163,72.5,187,73,64.28,13,73.21
ATH_0031,23,58.2,179,46.75,205,42,76.56,25,91.85
ATH_0032,40,70.7,190,43.65,183,62,88.76,17,75.96
ATH_0033,37,81.4,176,74.78,180,48,96.43,13,86.98
ATH_0034,27,75.3,182,71.57,180,53,24.82,25,93.97
ATH_0035,39,58.5,197,48.96,199,60,52.7,3,64.15
ATH_0036,29,72.9,167,71.51,190,61,36.03,17,82.06
ATH_0037,23,73.2,202,43.09,171,55,62.63,12,64.94
ATH_0038,38,82.0,176,38.88,172,66,79.38,5,48.65
ATH_0039,18,81.3,184,71.95,202,44,50.99,24,100.0
ATH_0040,37,63.5,164,68.3,176,53,24.49,11,79.62
ATH_0041,24,94.5,187,58.14,173,58,31.98,7,63.17
ATH_0042,38,81.6,193,71.79,199,53,69.93,16,87.53
ATH_0043,16,91.5,193,36.58,176,54,119.8,15,62.74
ATH_0044,28,59.1,174,55.27,171,62,55.46,21,88.18
ATH_0045,40,94.7,176,45.21,190,42,10.43,14,59.39
ATH_0046,35,93.1,201,42.77,168,51,109.23,14,68.95
ATH_0047,38,78.9,162,67.08,194,54,45.97,13,80.87
ATH_0048,28,82.0,161,49.62,199,67,109.78,17,72.53
ATH_0049,29,82.0,194,41.59,199,58,84.22,22,76.41
ATH_0050,19,86.3,168,48.21,199,44,80.76,23,81.64
ATH_0051,17,80.6,174,60.98,198,75,54.57,3,57.58
ATH_0052,37,62.4,165,60.77,171,51,101.32,12,80.37
ATH_0053,19,67.1,176,39.05,181,49,97.29,11,67.82
ATH_0054,23,90.6,167,40.59,180,50,81.45,7,56.7
ATH_0055,32,83.1,179,61.39,194,40,42.51,14,74.48
ATH_0056,23,58.5,174,64.74,173,63,86.47,9,81.17
ATH_0057,19,57.2,202,73.96,182,50,57.81,9,97.24
ATH_0058,40,55.9,194,67.03,188,64,62.75,17,93.57
ATH_0059,38,74.8,160,67.62,195,53,53.66,23,87.95
ATH_0060,24,62.9,177,43.61,174,42,116.05,9,73.17
ATH_0061,40,91.4,184,72.67,165,59,20.53,24,88.5
ATH_0062,19,63.7,170,62.69,202,58,62.18,7,77.54
ATH_0063,34,83.9,176,59.09,176,67,118.81,18,84.68
ATH_0064,19,66.3,202,54.6,170,66,17.69,6,62.96
ATH_0065,27,79.3,185,66.63,196,50,56.99,12,77.58
ATH_0066,39,60.4,161,40.96,169,58,85.35,21,76.4
ATH_0067,32,94.5,186,64.33,202,66,110.94,25,92.6
ATH_0068,27,79.0,182,57.11,198,66,72.8,9,71.45
ATH_0069,30,78.2,201,39.5,190,68,42.98,15,61.89
ATH_0070,22,86.6,174,67.57,186,53,105.14,11,79.68
ATH_0071,37,60.6,161,72.48,166,70,55.66,7,76.62
ATH_0072,21,56.3,182,51.25,203,55,54.66,23,86.34
ATH_0073,35,81.2,174,59.41,185,44,18.92,18,75.37
ATH_0074,39,62.6,169,74.8,185,69,54.14,8,77.92
ATH_0075,24,78.4,168,51.98,174,63,80.9,12,64.27
ATH_0076,40,61.5,169,66.43,177,75,32.39,16,83.53
ATH_0077,24,63.9,187,35.72,181,54,84.5,13,67.77
ATH_0078,33,78.1,168,70.28,203,64,107.71,8,78.42
ATH_0079,33,82.5,199,54.8,167,53,112.31,21,86.9
ATH_0080,19,89.5,162,67.49,198,63,57.18,5,63.55
ATH_0081,28,73.4,166,67.33,189,71,16.19,11,71.4
ATH_0082,32,88.6,176,60.11,190,43,14.82,25,82.22
ATH_0083,17,90.7,160,39.16,176,59,77.33,14,55.6
ATH_0084,20,74.3,179,64.85,167,56,96.44,16,88.32
ATH_0085,18,70.2,166,36.36,199,65,50.5,9,51.59
ATH_0086,22,79.9,175,66.33,188,50,23.72,21,87.64
ATH_0087,29,75.6,178,60.35,178,75,62.8,24,86.66
ATH_0088,40,80.0,184,45.17,179,45,118.81,23,81.79
ATH_0089,40,89.0,193,41.35,186,42,107.94,12,66.0
ATH_0090,25,73.5,196,70.4,174,73,27.28,9,78.28
ATH_0091,39,80.1,185,70.55,192,65,17.1,3,66.92
ATH_0092,39,65.3,190,63.85,181,69,44.92,12,75.95
ATH_0093,29,90.9,169,65.19,189,75,74.96,9,69.39
ATH_0094,16,82.1,170,55.5,197,51,52.97,21,78.89
ATH_0095,32,91.7,197,71.14,178,67,85.77,18,85.64
ATH_0096,34,68.8,165,72.93,192,56,76.44,21,94.32
ATH_0097,37,65.8,181,57.71,192,65,85.95,18,81.4
ATH_0098,21,90.4,185,39.95,176,62,107.09,24,77.46
ATH_0099,36,71.7,185,68.71,185,75,93.05,24,99.15
ATH_0100,25,67.5,201,59.17,178,53,49.31,4,73.76
ATH_0101,38,94.6,170,68.81,198,63,32.12,8,63.37
ATH_0102,27,89.9,186,58.69,188,53,22.27,15,71.63
ATH_0103,39,84.2,170,46.73,193,46,91.11,17,75.03
ATH_0104,36,67.0,160,47.69,176,41,112.58,24,88.81
ATH_0105,17,79.7,162,51.33,170,52,101.0,25,89.27
ATH_0106,39,74.0,173,74.85,192,48,94.84,20,96.01
ATH_0107,16,55.3,201,73.44,165,55,112.61,17,100.0
ATH_0108,29,62.1,173,56.52,194,54,62.79,17,83.37
ATH_0109,16,80.5,200,37.19,201,58,82.0,24,77.13
ATH_0110,26,90.2,186,35.68,167,64,111.62,5,47.77
ATH_0111,21,86.3,178,38.61,174,71,94.97,13,61.03
ATH_0112,28,88.2,178,62.27,188,50,10.52,17,76.4
ATH_0113,22,60.3,171,56.93,178,65,89.72,9,72.56
ATH_0114,36,92.4,177,55.48,200,53,64.59,7,59.48
ATH_0115,16,68.9,183,60.2,186,47,61.65,22,87.92
ATH_0116,17,77.8,200,39.2,187,59,25.37,24,73.39
ATH_0117,31,78.5,199,40.95,196,40,90.32,3,55.89
ATH_0118,33,86.1,168,48.92,188,74,88.92,5,55.87
ATH_0119,36,72.1,194,37.01,166,70,109.38,21,75.98
ATH_0120,33,88.1,166,59.62,185,45,52.65,14,77.51
ATH_0121,39,76.9,177,73.05,205,43,44.26,12,88.11
ATH_0122,27,76.2,186,42.3,171,66,72.14,3,52.71
ATH_0123,25,75.6,184,56.89,169,62,115.3,20,89.06
ATH_0124,16,58.9,202,52.4,185,75,47.22,21,84.87
ATH_0125,17,92.8,177,63.09,167,62,37.61,25,84.5
ATH_0126,36,83.6,195,40.59,194,57,61.07,21,70.2
ATH_0127,19,61.3,180,41.39,199,70,56.63,10,59.06
ATH_0128,40,84.1,186,56.26,205,58,118.92,23,90.13
ATH_0129,37,74.4,192,45.08,192,43,13.67,8,58.59
ATH_0130,30,74.5,175,43.64,181,55,54.15,21,77.17
ATH_0131,25,55.8,199,71.81,205,54,46.43,8,89.87
ATH_0132,33,85.0,174,44.49,177,54,24.44,16,65.04
ATH_0133,18,66.2,164,37.18,185,52,100.6,13,68.75
ATH_0134,31,73.7,177,62.98,186,50,104.71,20,92.03
ATH_0135,39,91.7,202,59.0,172,65,68.44,11,69.9
ATH_0136,30,56.6,162,59.29,202,71,11.77,16,76.22
ATH_0137,23,89.9,189,51.04,200,63,44.97,5,51.88
ATH_0138,36,78.1,182,69.92,168,70,63.56,14,84.62
ATH_0139,33,57.7,173,62.08,173,44,45.25,23,94.37
ATH_0140,26,79.8,168,45.74,182,63,23.67,3,47.32
ATH_0141,33,56.0,189,42.97,181,71,83.9,25,88.58
ATH_0142,28,56.5,184,55.76,199,75,59.29,25,94.38
ATH_0143,21,79.0,174,42.52,168,57,66.39,20,73.62
ATH_0144,36,94.9,162,54.0,192,58,15.13,24,71.11
ATH_0145,40,91.4,166,64.04,193,42,80.93,19,83.14
ATH_0146,25,67.3,182,52.27,177,63,71.79,7,65.24
ATH_0147,28,60.4,192,67.81,204,67,19.94,8,76.88
ATH_0148,18,92.2,170,43.94,200,68,91.8,19,65.55
ATH_0149,38,79.6,168,44.4,195,65,72.43,5,54.14
ATH_0150,17,87.9,163,67.02,200,67,37.86,23,79.57
ATH_0151,40,58.0,183,46.67,197,74,88.58,8,64.97
ATH_0152,18,71.3,202,46.75,202,53,68.4,25,90.56
ATH_0153,17,85.2,195,45.29,179,75,30.57,10,55.52
ATH_0154,33,85.3,200,51.73,184,63,113.31,14,71.81
ATH_0155,22,83.7,181,59.6,190,43,11.51,6,61.74
ATH_0156,31,88.4,176,47.04,165,63,56.65,18,69.92
ATH_0157,21,58.8,171,41.65,193,75,79.11,23,76.98
ATH_0158,23,76.3,169,72.8,201,50,62.82,12,81.98
ATH_0159,30,77.9,182,74.72,170,70,90.4,17,94.83
ATH_0160,25,74.6,200,70.32,205,53,42.78,25,100.0
ATH_0161,21,67.0,189,65.61,184,64,102.12,19,95.84
ATH_0162,31,78.2,177,51.78,204,64,95.72,5,58.0
ATH_0163,26,62.7,202,53.6,190,62,93.96,24,95.12
ATH_0164,25,71.9,202,64.92,186,41,106.46,15,95.19
ATH_0165,31,62.3,182,52.14,166,72,58.43,12,75.08
ATH_0166,28,66.3,166,71.02,173,55,59.29,4,72.79
ATH_0167,22,57.7,171,46.6,177,63,41.47,14,69.2
ATH_0168,24,70.0,186,48.99,205,53,82.1,15,78.88
ATH_0169,16,64.8,199,66.07,171,54,103.48,13,95.44
ATH_0170,24,84.9,189,58.77,205,73,113.53,22,83.82
ATH_0171,37,68.4,188,49.78,186,62,27.66,10,68.56
ATH_0172,21,67.6,175,56.5,187,50,10.79,6,59.86
ATH_0173,20,65.1,189,40.67,200,69,69.44,21,79.39
ATH_0174,39,70.9,182,53.35,166,42,39.39,4,59.52
ATH_0175,20,80.1,196,58.88,177,51,32.03,11,69.77
ATH_0176,38,70.2,166,70.91,194,61,106.95,7,80.12
ATH_0177,37,74.9,183,39.92,189,59,70.76,3,48.66
ATH_0178,19,90.7,178,38.08,198,59,46.59,22,65.84
ATH_0179,38,80.1,200,51.26,200,73,24.67,6,55.3
ATH_0180,33,77.8,192,56.09,167,72,90.4,11,68.3
ATH_0181,32,59.7,167,36.98,183,56,74.68,6,54.79
ATH_0182,40,77.6,168,57.2,168,52,13.27,16,74.1
ATH_0183,21,56.1,163,72.56,179,42,69.1,23,100.0
ATH_0184,19,80.1,190,69.35,168,70,106.07,6,74.01
ATH_0185,36,72.6,199,50.93,179,52,107.65,5,65.78
ATH_0186,25,58.9,188,72.85,192,66,73.47,13,90.33
ATH_0187,21,76.0,168,62.6,173,49,89.79,9,71.94
ATH_0188,36,93.3,161,45.99,179,66,59.47,14,56.28
ATH_0189,38,61.0,184,46.4,198,42,53.9,17,82.43
ATH_0190,35,64.1,192,58.73,193,64,22.58,5,68.47
ATH_0191,35,57.0,171,74.33,194,68,11.81,12,83.03
ATH_0192,20,62.0,173,42.69,185,74,24.22,18,69.57
ATH_0193,36,60.5,197,45.65,196,55,110.11,13,80.87
ATH_0194,36,86.0,163,61.32,195,49,82.99,23,89.3
ATH_0195,36,57.7,192,50.44,167,47,95.77,17,85.5
ATH_0196,32,83.7,183,56.21,202,54,80.64,12,76.52
ATH_0197,32,64.6,192,48.72,183,43,112.79,8,72.23
ATH_0198,16,77.4,199,62.84,193,62,83.85,5,73.93
ATH_0199,23,87.3,202,62.18,199,61,13.01,14,75.94
ATH_0200,36,66.9,175,66.28,176,47,78.32,14,85.99
ATH_0201,29,69.6,201,54.9,199,54,51.58,14,76.68
ATH_0202,20,93.5,172,53.51,186,63,33.52,16,64.29
ATH_0203,20,72.3,194,65.35,179,40,65.67,19,96.66
ATH_0204,27,83.4,184,66.26,183,66,19.59,12,74.35
ATH_0205,17,86.3,177,61.29,175,43,39.14,17,83.11
ATH_0206,31,76.7,168,48.05,197,67,111.73,3,55.68
ATH_0207,29,74.9,201,38.43,167,48,80.8,11,64.07
ATH_0208,31,90.8,188,59.3,195,54,94.63,12,74.14
ATH_0209,24,74.8,175,70.33,195,57,43.82,23,94.09
ATH_0210,16,69.4,165,70.04,168,73,23.35,9,70.91
ATH_0211,28,63.8,175,51.77,186,55,41.18,4,58.97
ATH_0212,32,62.7,178,43.32,166,60,19.23,14,62.26
ATH_0213,24,68.1,198,73.9,184,71,52.53,20,92.39
ATH_0214,29,78.4,177,54.93,174,46,69.96,5,67.87
ATH_0215,22,57.0,193,66.37,186,45,24.39,18,92.86
ATH_0216,36,91.1,183,41.25,185,42,11.28,5,51.04
ATH_0217,39,65.2,174,37.07,169,68,110.62,10,63.17
ATH_0218,32,89.4,181,48.7,178,72,28.7,21,64.16
ATH_0219,26,72.5,185,69.22,169,73,11.66,12,75.26
ATH_0220,25,71.2,162,35.33,169,67,89.93,7,49.77
ATH_0221,27,76.8,161,72.79,169,51,46.56,5,75.71
ATH_0222,23,71.9,166,37.7,186,54,117.26,9,57.72
ATH_0223,21,89.3,176,40.93,195,65,46.62,16,60.04
ATH_0224,19,75.5,168,37.7,195,40,20.27,6,50.79
ATH_0225,25,59.2,174,41.92,200,41,16.65,14,66.34
ATH_0226,17,65.2,201,37.28,197,41,24.85,16,71.72
ATH_0227,23,73.5,163,42.55,168,70,86.88,21,68.72
ATH_0228,20,91.1,168,39.5,174,49,42.8,21,65.2
ATH_0229,25,66.1,171,56.41,171,41,104.15,7,72.47
ATH_0230,19,72.9,195,52.13,168,69,46.91,6,60.48
ATH_0231,29,63.6,188,40.74,191,60,31.99,21,77.69
ATH_0232,40,66.0,181,45.5,182,68,100.18,13,74.19
ATH_0233,25,60.5,188,44.17,178,54,34.75,4,58.13
ATH_0234,26,68.4,184,63.49,179,64,99.44,21,97.39
ATH_0235,39,91.4,161,66.87,197,45,75.02,8,70.24
ATH_0236,32,76.8,168,37.23,181,44,46.95,4,51.74
ATH_0237,35,60.8,202,59.46,181,51,23.41,7,74.85
ATH_0238,24,84.8,178,64.01,178,54,100.62,3,69.33
ATH_0239,20,72.1,170,68.46,195,50,107.55,22,100.0
ATH_0240,29,94.6,164,71.43,190,72,58.42,6,66.34
ATH_0241,25,67.2,199,74.17,179,62,106.37,12,93.35
ATH_0242,28,86.0,178,55.66,204,46,76.58,20,83.35
ATH_0243,30,64.8,200,67.07,190,48,19.36,7,76.77
ATH_0244,38,90.9,179,47.95,178,57,61.85,3,51.99
ATH_0245,17,77.9,161,44.42,196,55,39.45,11,60.71
ATH_0246,25,89.8,165,44.56,165,64,100.3,9,57.89
ATH_0247,37,78.7,202,68.36,166,54,26.08,22,88.01
ATH_0248,40,85.1,172,67.69,200,52,99.87,15,84.21
ATH_0249,24,84.3,170,35.66,176,46,56.29,7,52.95
ATH_0250,27,68.5,172,70.38,184,42,93.42,19,95.79
ATH_0251,22,57.1,200,73.13,166,62,65.5,12,94.03
ATH_0252,24,55.5,200,46.82,202,52,40.47,4,70.62
ATH_0253,38,90.1,179,71.05,168,61,48.42,4,63.52
ATH_0254,36,67.6,166,40.09,166,64,77.13,7,57.7
ATH_0255,29,90.4,188,56.23,184,60,102.36,4,59.89
ATH_0256,30,80.7,190,54.5,181,67,105.93,7,68.25
ATH_0257,33,93.0,169,41.05,183,46,93.01,10,55.91
ATH_0258,22,70.4,200,51.07,168,56,32.01,7,62.38
ATH_0259,36,60.6,193,73.61,188,68,115.45,5,87.5
ATH_0260,37,69.4,163,71.76,173,73,24.74,6,67.53
ATH_0261,26,81.6,171,42.62,200,53,50.12,17,67.43
ATH_0262,21,60.0,186,72.01,180,71,100.37,13,92.42
ATH_0263,38,74.2,182,64.71,186,42,66.04,22,94.59
ATH_0264,29,56.8,161,47.26,194,50,21.23,4,62.1
ATH_0265,25,93.4,169,68.58,167,53,110.49,25,99.74
ATH_0266,27,64.8,163,70.46,168,52,64.2,19,94.71
ATH_0267,40,71.3,184,52.2,198,40,75.0,21,90.52
ATH_0268,20,61.5,200,45.93,188,64,111.51,16,82.62
ATH_0269,31,67.8,186,64.43,173,73,113.87,8,78.58
ATH_0270,40,56.5,197,55.81,182,73,43.8,19,85.84
ATH_0271,17,77.3,167,73.45,204,61,34.15,10,72.71
ATH_0272,21,77.2,167,74.12,166,70,69.79,6,73.5
ATH_0273,28,90.6,171,70.33,172,42,72.54,17,87.82
ATH_0274,20,75.9,184,67.89,175,57,74.49,4,76.5
ATH_0275,20,75.0,176,53.46,193,49,87.45,17,79.09
ATH_0276,16,82.0,168,47.19,187,61,114.16,22,80.77
ATH_0277,21,62.1,194,47.05,204,61,24.02,22,82.51
ATH_0278,39,67.5,186,37.01,202,51,67.44,6,58.2
ATH_0279,30,75.4,188,53.35,169,70,10.22,25,81.22
ATH_0280,24,70.2,174,73.57,180,42,109.37,4,87.56
ATH_0281,24,84.1,199,49.56,203,71,75.46,8,61.54
ATH_0282,28,63.5,168,43.72,195,60,15.31,5,50.22
ATH_0283,33,56.3,194,48.83,183,71,97.16,4,72.06
ATH_0284,22,72.1,164,73.66,191,59,109.96,24,98.72
ATH_0285,28,58.6,188,73.71,168,41,11.5,21,99.68
ATH_0286,22,73.1,173,71.02,165,59,59.47,9,74.42
ATH_0287,29,92.5,169,45.7,174,60,70.85,18,70.51
ATH_0288,34,57.8,165,47.94,193,56,62.63,10,72.99
ATH_0289,26,74.8,173,71.98,165,71,102.53,22,97.44
ATH_0290,24,75.1,201,45.5,189,56,15.65,14,67.47
ATH_0291,39,73.5,177,56.13,200,50,110.66,24,92.52
ATH_0292,28,85.9,173,64.25,193,45,104.62,17,90.44
ATH_0293,17,60.7,195,73.99,187,70,40.83,19,99.77
ATH_0294,27,77.8,200,48.58,201,66,110.44,24,85.41
ATH_0295,38,83.2,194,69.2,203,66,53.13,9,75.74
ATH_0296,30,89.6,186,65.35,189,41,84.16,3,68.22
ATH_0297,24,91.2,179,47.76,170,71,39.34,20,69.53
ATH_0298,18,92.2,166,57.59,196,49,71.47,20,77.23
ATH_0299,30,65.9,194,45.79,178,75,105.77,7,61.95
ATH_0300,35,92.3,186,55.93,167,51,116.53,18,79.49
ATH_0301,32,74.1,162,54.84,196,69,74.31,23,77.95
ATH_0302,36,82.9,171,52.12,197,70,25.21,16,63.89
ATH_0303,18,62.3,192,41.79,196,62,33.23,25,82.49
ATH_0304,20,81.5,169,53.41,181,57,14.64,13,62.04
ATH_0305,17,86.0,194,70.57,193,66,14.82,12,73.32
ATH_0306,24,67.7,160,63.35,189,46,110.26,3,72.83
ATH_0307,18,74.9,187,48.77,197,71,47.1,21,74.12
ATH_0308,19,88.9,161,56.83,203,58,58.09,13,66.81
ATH_0309,26,67.4,195,68.77,204,52,116.87,9,91.99
ATH_0310,35,56.1,197,72.19,180,51,34.01,16,100.0
ATH_0311,29,88.6,174,46.34,192,61,12.92,15,57.03
ATH_0312,22,59.9,178,63.6,180,54,112.72,6,81.62
ATH_0313,20,73.2,185,68.04,167,46,60.8,11,80.86
ATH_0314,21,91.7,183,45.93,165,46,46.57,18,70.61
ATH_0315,39,67.7,201,57.31,200,45,113.63,19,97.52
ATH_0316,22,76.1,175,45.0,203,67,78.56,14,64.69
ATH_0317,19,72.7,165,61.13,178,41,84.37,5,72.69
ATH_0318,27,82.9,185,72.53,177,75,103.15,6,78.47
ATH_0319,37,69.9,200,35.46,165,64,68.02,22,71.14
ATH_0320,16,61.9,197,56.06,189,58,20.87,15,78.98
ATH_0321,33,84.6,179,61.33,198,50,83.0,3,67.29
ATH_0322,37,63.0,161,53.97,170,53,42.58,4,60.95
ATH_0323,20,81.2,178,38.78,165,70,16.43,17,57.74
ATH_0324,25,79.9,167,68.31,181,60,97.68,4,72.91
ATH_0325,16,83.4,173,40.94,187,41,49.83,7,55.36
ATH_0326,23,56.4,160,50.6,179,49,19.05,14,72.65
ATH_0327,26,69.6,199,70.15,202,53,88.83,16,91.77
ATH_0328,34,71.7,163,73.35,184,55,114.55,11,89.09
ATH_0329,30,94.4,198,36.47,201,42,80.12,4,47.9
ATH_0330,29,80.4,184,42.99,202,40,101.81,9,68.31
ATH_0331,38,60.3,165,55.65,199,50,73.7,7,71.88
ATH_0332,16,58.4,188,48.64,190,44,112.45,24,93.94
ATH_0333,29,88.6,194,46.82,197,69,55.07,5,49.28
ATH_0334,35,67.7,200,38.9,179,43,25.27,7,62.15
ATH_0335,33,86.6,198,57.69,198,75,61.08,24,79.98
ATH_0336,30,59.3,177,68.68,170,70,44.67,6,75.77
ATH_0337,38,65.7,181,49.74,189,61,77.48,22,85.93
ATH_0338,36,89.9,184,39.23,189,47,73.19,3,52.77
ATH_0339,37,77.7,175,74.6,202,73,14.01,14,81.04
ATH_0340,17,73.3,168,63.7,195,60,93.22,18,90.12
ATH_0341,20,83.6,176,63.8,184,73,48.21,14,69.71
ATH_0342,31,65.5,174,41.15,186,52,17.29,25,75.15
ATH_0343,34,91.3,188,61.74,184,55,39.11,12,73.22
ATH_0344,17,61.8,192,42.74,196,67,81.46,7,60.82
ATH_0345,20,59.5,168,74.31,178,62,119.96,22,100.0
ATH_0346,39,69.6,195,62.88,194,63,44.38,23,95.18
ATH_0347,25,63.4,161,42.09,169,50,89.68,17,70.38
ATH_0348,21,65.0,175,58.91,173,51,16.16,23,90.65
ATH_0349,25,94.1,191,48.26,175,59,18.97,10,59.87
ATH_0350,20,66.3,162,53.56,169,54,10.79,10,66.81
ATH_0351,33,85.2,190,53.36,172,72,77.56,22,80.93
ATH_0352,33,90.9,187,37.8,181,58,11.05,19,59.83
ATH_0353,39,93.2,196,58.78,198,59,23.8,22,78.61
ATH_0354,27,63.3,163,68.16,179,44,37.87,18,93.33
ATH_0355,24,56.8,175,62.5,184,71,114.54,18,90.12
ATH_0356,37,72.8,162,43.59,182,54,18.66,16,60.28
ATH_0357,26,64.5,177,70.29,174,45,51.13,13,85.16
ATH_0358,25,88.4,184,46.8,198,44,12.62,15,60.7
ATH_0359,22,60.7,162,53.57,178,58,64.66,22,88.08
ATH_0360,16,82.9,187,36.07,172,56,49.6,3,42.54
ATH_0361,16,75.7,168,42.98,191,41,36.43,8,57.76
ATH_0362,28,63.7,200,66.06,192,55,33.38,20,94.38
ATH_0363,32,74.6,201,55.97,165,56,33.94,6,62.66
ATH_0364,39,57.8,169,51.18,173,75,67.14,24,88.63
ATH_0365,36,80.7,162,72.77,186,69,47.43,8,70.43
ATH_0366,18,75.6,194,60.29,187,42,20.91,18,85.41
ATH_0367,33,74.7,163,44.85,175,63,28.33,16,61.43
ATH_0368,33,69.9,174,70.98,182,48,59.15,25,97.4
ATH_0369,33,90.5,202,37.85,187,74,84.07,19,66.28
ATH_0370,27,67.7,168,63.34,176,64,78.06,22,88.32
ATH_0371,38,93.8,184,68.89,167,41,71.48,18,86.92
ATH_0372,33,68.4,185,56.13,169,53,43.78,22,86.44
ATH_0373,38,86.9,202,44.51,187,54,10.58,22,71.72
ATH_0374,25,59.0,162,69.51,174,41,78.11,8,86.59
ATH_0375,39,67.9,187,67.83,171,57,12.49,19,88.74
ATH_0376,16,78.9,187,41.78,185,60,47.37,12,58.17
ATH_0377,25,82.2,200,36.57,195,42,62.99,19,67.14
ATH_0378,36,62.3,171,68.54,189,69,74.06,14,84.99
ATH_0379,29,59.9,168,43.84,188,67,17.45,12,60.69
ATH_0380,35,69.8,187,63.32,170,47,101.0,7,81.67
ATH_0381,29,85.8,182,67.84,166,73,53.71,4,66.79
ATH_0382,36,74.9,195,54.97,183,41,10.93,11,74.29
ATH_0383,27,90.5,169,36.35,173,63,38.65,22,64.78
ATH_0384,39,85.4,178,67.23,188,69,26.28,15,74.61
ATH_0385,34,79.2,163,69.67,197,60,97.71,22,93.25
ATH_0386,20,79.6,190,48.31,170,63,110.39,17,76.09
ATH_0387,19,75.2,162,53.09,199,55,52.09,11,68.84
ATH_0388,32,78.0,186,59.63,167,50,23.88,14,75.51
ATH_0389,32,69.4,172,37.96,176,41,64.96,23,78.23
ATH_0390,27,67.8,184,68.86,192,56,90.35,11,88.36
ATH_0391,37,67.1,187,46.83,181,59,80.96,13,71.44
ATH_0392,35,57.8,176,67.14,197,58,17.5,16,90.66
ATH_0393,29,70.8,197,46.63,166,56,75.44,11,68.14
ATH_0394,33,75.3,190,42.89,179,50,65.85,5,57.82
ATH_0395,32,83.3,199,68.36,198,54,21.7,17,82.2
ATH_0396,21,66.0,174,51.71,201,66,46.68,19,78.92
ATH_0397,37,56.6,180,46.07,203,46,10.93,6,66.6
ATH_0398,25,62.2,176,69.86,179,68,43.67,25,100.0
ATH_0399,36,91.5,162,43.0,201,58,41.51,7,49.63
ATH_0400,24,80.3,163,57.45,170,55,64.43,5,62.05
ATH_0401,38,78.7,199,71.58,194,41,55.99,3,79.43
ATH_0402,33,70.3,188,40.5,171,52,92.21,25,80.3
ATH_0403,21,71.7,161,60.53,195,62,34.83,25,82.54
ATH_0404,18,65.7,200,39.64,199,44,46.25,11,69.03
ATH_0405,31,91.1,174,44.14,168,46,52.22,13,63.15
ATH_0406,24,69.8,166,58.4,192,48,79.28,11,79.7
ATH_0407,29,68.4,196,63.68,191,49,92.08,6,80.21
ATH_0408,26,79.1,197,39.46,202,44,17.81,21,67.28
ATH_0409,20,76.5,167,72.97,200,42,36.29,16,84.47
ATH_0410,27,70.3,173,57.29,165,64,71.15,7,69.1
ATH_0411,27,81.0,172,58.28,200,74,82.17,19,79.73
ATH_0412,35,91.2,181,40.04,195,41,71.79,6,50.87
ATH_0413,20,74.9,160,39.37,165,41,43.33,23,74.09
ATH_0414,30,83.5,168,38.77,174,48,61.2,12,55.2
ATH_0415,24,82.9,182,62.3,201,56,40.82,6,62.14
ATH_0416,33,66.2,178,71.85,182,55,38.88,9,82.09
ATH_0417,37,93.6,160,47.97,175,59,32.12,18,61.32
ATH_0418,30,72.9,188,67.04,194,54,31.16,13,82.55
ATH_0419,38,87.2,167,61.8,199,55,34.42,23,83.32
ATH_0420,30,83.3,164,74.89,167,75,79.68,20,90.05
ATH_0421,36,78.5,168,66.3,190,53,18.54,22,85.5
ATH_0422,17,70.9,170,39.97,204,42,57.19,24,81.45
ATH_0423,34,77.7,160,44.28,185,48,111.65,5,55.48
ATH_0424,32,78.4,199,54.7,205,50,64.73,9,67.71
ATH_0425,37,81.8,187,54.53,203,67,87.01,6,64.71
ATH_0426,27,68.0,181,35.25,169,72,48.12,20,65.34
ATH_0427,40,59.5,189,44.13,199,69,51.83,15,68.91
ATH_0428,33,61.5,174,53.71,183,73,17.71,14,67.23
ATH_0429,34,85.9,179,55.18,200,51,43.15,19,76.19
ATH_0430,19,89.4,162,58.71,181,51,87.34,22,83.59
ATH_0431,29,90.2,197,74.36,167,46,90.92,8,87.19
ATH_0432,29,83.8,171,65.79,173,43,93.53,17,84.8
ATH_0433,33,69.9,169,51.97,195,48,12.69,25,78.8
ATH_0434,38,94.6,188,60.9,191,65,100.21,14,80.1
ATH_0435,24,83.7,172,47.38,180,67,93.29,10,61.0
ATH_0436,22,74.9,161,55.48,202,68,112.43,13,71.52
ATH_0437,33,94.8,169,41.38,181,54,67.14,22,67.74
ATH_0438,31,64.3,175,41.15,202,63,109.78,3,56.05
ATH_0439,31,64.6,199,68.47,204,70,36.65,24,99.39
ATH_0440,31,76.2,190,61.59,187,50,70.06,25,97.93
ATH_0441,28,94.1,168,47.57,172,75,32.42,5,44.42
ATH_0442,27,87.8,187,64.77,174,60,71.3,14,76.81
ATH_0443,16,87.2,202,48.99,175,73,99.66,23,82.04
ATH_0444,28,68.7,200,52.77,176,43,96.09,16,83.23
ATH_0445,40,87.4,185,56.78,178,66,53.47,15,74.59
ATH_0446,16,73.3,162,38.43,181,48,76.11,22,73.43
ATH_0447,22,70.1,167,53.5,171,60,24.73,20,75.39
ATH_0448,24,63.2,185,41.4,173,58,86.38,16,77.09
ATH_0449,40,61.5,172,63.27,196,63,13.7,3,66.05
ATH_0450,38,82.9,177,40.07,179,53,48.83,13,62.12
ATH_0451,29,81.3,202,35.27,185,54,33.51,14,60.21
ATH_0452,23,76.8,165,58.43,172,45,95.1,14,83.15
ATH_0453,25,63.0,195,68.69,200,67,16.83,23,96.82
ATH_0454,23,84.4,171,65.38,179,52,40.39,21,82.11
ATH_0455,33,73.9,163,62.05,204,53,34.2,23,88.83
ATH_0456,20,77.5,162,72.3,174,66,79.77,11,80.32
ATH_0457,37,61.8,163,62.14,167,50,117.58,4,72.78
ATH_0458,22,77.3,194,50.98,202,40,44.06,13,71.2
ATH_0459,18,84.5,192,43.85,196,70,119.16,4,54.64
ATH_0460,34,63.4,201,39.76,179,63,75.36,17,77.37
ATH_0461,35,56.3,188,43.05,196,67,112.07,13,75.58
ATH_0462,30,92.5,170,56.89,174,73,20.54,4,46.51
ATH_0463,31,88.6,164,36.41,200,69,38.65,3,33.73
ATH_0464,18,56.1,195,74.81,183,73,48.81,17,96.66
ATH_0465,30,77.2,185,55.23,178,71,74.14,18,76.3
ATH_0466,39,70.6,195,59.52,202,73,109.61,10,74.97
ATH_0467,29,72.2,185,64.51,174,49,104.44,20,97.85
ATH_0468,19,60.6,182,72.96,203,72,55.42,4,76.9
ATH_0469,40,89.1,188,44.27,203,42,116.22,11,67.13
ATH_0470,40,93.8,165,74.23,168,54,117.06,8,77.75
ATH_0471,31,86.0,202,35.83,198,57,93.38,25,79.99
ATH_0472,19,76.4,181,37.21,200,73,14.19,16,59.11
ATH_0473,20,83.1,170,36.16,177,46,71.78,25,76.67
ATH_0474,30,59.6,170,52.09,190,58,66.1,21,81.3
ATH_0475,24,60.1,164,69.05,205,55,111.06,23,100.0
ATH_0476,33,74.6,196,51.87,184,69,95.58,20,85.26
ATH_0477,18,88.4,163,48.05,165,47,81.83,25,83.63
ATH_0478,26,62.8,189,72.37,198,51,117.02,12,95.14
ATH_0479,31,90.2,193,73.82,186,58,26.15,14,81.4
ATH_0480,34,81.1,192,74.39,176,68,53.64,17,90.99
ATH_0481,25,60.8,160,44.55,178,45,75.9,19,82.13
ATH_0482,20,75.1,174,55.05,204,61,118.57,5,64.61
ATH_0483,34,69.8,189,45.71,191,61,42.01,22,77.52
ATH_0484,26,82.4,162,69.02,166,51,98.61,10,82.11
ATH_0485,35,63.2,186,39.6,193,48,29.26,13,66.57
ATH_0486,31,61.5,167,40.34,196,52,119.58,24,89.21
ATH_0487,33,69.4,161,36.35,173,58,10.87,7,43.71
ATH_0488,25,81.5,175,49.88,187,43,107.36,19,84.72
ATH_0489,39,65.9,178,48.85,182,47,111.54,14,80.35
ATH_0490,18,58.4,185,48.65,168,75,92.92,17,83.15
ATH_0491,18,73.5,199,46.84,183,61,36.89,23,74.95
ATH_0492,34,74.2,163,60.49,193,65,62.85,11,72.18
ATH_0493,34,76.8,182,61.31,175,60,59.53,19,87.34
ATH_0494,31,66.8,162,43.47,192,66,105.98,14,71.44
ATH_0495,17,60.7,174,36.72,190,73,11.76,6,46.05
ATH_0496,29,63.7,180,48.81,205,42,45.75,11,69.57
ATH_0497,38,69.1,175,38.77,181,57,83.91,17,71.37
ATH_0498,21,57.1,173,35.62,187,66,89.97,3,54.57
ATH_0499,35,56.8,162,60.79,197,65,35.38,15,79.35
ATH_0500,32,66.6,192,46.74,182,47,91.69,14,74.82
ATH_0501,32,70.7,165,59.6,183,50,53.42,9,73.88
ATH_0502,30,64.5,192,61.67,178,56,104.86,11,82.2
ATH_0503,18,87.2,197,65.54,170,67,10.83,10,67.33
ATH_0504,21,60.3,166,73.91,190,74,38.95,11,77.9
ATH_0505,16,91.7,200,53.05,179,73,72.65,14,66.64
ATH_0506,31,90.1,175,57.05,180,74,39.94,14,66.4
ATH_0507,20,84.8,185,62.6,195,60,31.94,11,69.28
ATH_0508,24,85.1,164,59.61,204,57,67.73,17,80.41
ATH_0509,17,68.0,165,55.68,168,61,38.61,12,72.38
ATH_0510,33,64.7,175,68.46,195,68,13.61,8,73.88
ATH_0511,21,86.6,171,45.72,169,53,83.25,24,77.78
ATH_0512,21,73.5,181,49.97,178,68,109.77,8,64.68
ATH_0513,27,66.0,174,41.76,189,65,17.97,10,58.53
ATH_0514,23,68.4,198,48.0,201,59,84.99,12,75.09
ATH_0515,20,78.1,179,74.07,184,42,83.89,7,85.13
ATH_0516,32,87.4,180,48.96,185,67,29.79,3,45.99
ATH_0517,37,94.2,199,49.42,188,67,110.21,13,70.73
ATH_0518,28,59.6,202,42.16,183,67,95.92,11,72.52
ATH_0519,22,56.7,179,60.78,187,61,85.12,8,83.02
ATH_0520,40,82.2,200,39.97,187,45,29.52,24,75.42
ATH_0521,32,82.0,199,47.01,196,69,108.14,4,62.65
ATH_0522,34,70.2,199,41.43,175,44,80.36,9,64.95
ATH_0523,29,80.9,182,36.84,171,62,75.36,22,65.95
ATH_0524,36,77.1,200,40.05,173,74,43.01,9,54.86
ATH_0525,21,67.4,197,56.6,165,68,15.19,16,79.34
ATH_0526,33,58.6,165,39.37,166,73,35.74,6,54.96
ATH_0527,24,55.9,181,58.15,170,40,64.38,4,76.14
ATH_0528,38,83.9,174,74.55,166,43,48.52,20,91.81
ATH_0529,18,55.2,181,48.93,182,57,79.91,11,79.98
ATH_0530,25,83.7,169,51.35,178,58,73.61,24,80.54
ATH_0531,26,61.5,188,40.79,169,52,72.59,6,60.98
ATH_0532,16,92.3,196,50.38,165,49,54.3,14,70.4
ATH_0533,35,63.9,163,62.54,189,47,21.15,17,84.35
ATH_0534,20,76.1,179,61.06,188,69,41.36,24,84.24
ATH_0535,37,57.8,193,71.26,184,75,110.88,6,84.01
ATH_0536,39,81.6,193,60.45,176,55,92.08,25,95.97
ATH_0537,27,74.1,178,70.87,196,69,109.72,8,82.4
ATH_0538,40,87.3,195,70.76,201,71,32.33,6,64.67
ATH_0539,35,94.4,178,48.03,201,52,113.9,7,64.66
ATH_0540,32,73.4,177,73.85,193,72,20.54,21,87.74
ATH_0541,26,60.4,200,64.58,196,60,46.21,7,79.4
ATH_0542,21,58.7,162,35.54,203,48,88.16,24,83.31
ATH_0543,29,78.2,177,65.51,170,50,65.45,25,94.87
ATH_0544,27,86.9,166,49.66,190,45,86.86,16,74.38
ATH_0545,18,87.4,166,69.09,192,55,18.73,12,74.86
ATH_0546,36,83.5,186,51.83,181,75,105.22,14,68.29
ATH_0547,25,65.7,196,39.69,186,60,65.08,20,73.39
ATH_0548,37,71.4,188,74.23,194,74,114.99,15,96.96
ATH_0549,39,93.4,182,64.74,171,69,48.48,5,58.87
ATH_0550,25,75.0,165,57.67,177,42,101.52,3,70.44
ATH_0551,39,74.8,196,70.44,179,58,52.25,21,93.51
ATH_0552,18,81.3,174,36.14,176,48,45.84,11,54.6
ATH_0553,17,85.1,191,68.5,186,42,74.33,16,87.33
ATH_0554,30,88.9,196,68.24,204,61,63.67,22,94.29
ATH_0555,26,86.8,173,74.33,185,49,43.54,9,76.54
ATH_0556,39,74.4,161,42.49,204,50,119.34,4,55.16
ATH_0557,29,87.4,185,52.4,194,42,108.11,22,83.67
ATH_0558,21,86.3,181,63.38,201,41,55.84,7,70.53
ATH_0559,36,94.4,196,63.83,202,45,38.21,5,66.54
ATH_0560,30,88.1,189,51.48,197,52,111.03,13,75.13
ATH_0561,31,60.1,178,52.17,166,52,52.34,8,74.54
ATH_0562,30,78.3,201,49.11,173,58,85.31,22,87.37
ATH_0563,21,92.4,179,67.38,195,66,75.96,16,78.38
ATH_0564,20,63.7,201,40.8,168,63,60.92,13,67.48
ATH_0565,40,63.5,195,53.07,190,46,46.59,15,78.07
ATH_0566,28,67.2,178,40.32,165,44,82.23,20,78.27
ATH_0567,20,77.1,200,38.17,190,70,81.78,4,49.22
ATH_0568,40,77.4,182,58.44,196,43,101.5,20,91.86
ATH_0569,22,83.4,166,44.04,185,61,94.67,12,65.63
ATH_0570,23,93.4,168,71.96,175,69,53.53,4,68.02
ATH_0571,36,90.5,194,37.16,187,64,89.18,20,67.8
ATH_0572,40,59.3,166,73.05,188,68,102.1,3,82.59
ATH_0573,33,79.0,182,61.67,181,68,85.81,13,79.97
ATH_0574,38,70.8,163,37.1,196,66,14.2,20,61.96
ATH_0575,17,88.7,168,40.23,165,68,78.93,22,69.48
ATH_0576,28,78.7,200,54.13,202,72,10.23,18,74.96
ATH_0577,30,90.3,178,51.21,178,57,76.5,13,68.05
ATH_0578,39,77.4,195,74.95,204,67,60.53,15,86.99
ATH_0579,26,88.6,166,49.8,167,46,30.91,17,68.03
ATH_0580,22,59.5,201,50.57,180,41,55.09,10,80.57
ATH_0581,40,71.5,187,66.29,181,55,35.77,25,92.06
ATH_0582,36,76.4,166,37.24,200,55,26.92,8,46.57
ATH_0583,32,76.9,200,50.16,178,63,35.28,3,55.72
ATH_0584,28,83.8,197,57.35,181,55,34.3,25,85.19
ATH_0585,28,84.0,192,58.86,181,57,64.53,11,70.24
ATH_0586,36,92.9,180,60.67,185,60,34.17,15,70.19
ATH_0587,34,88.9,191,37.36,190,42,109.44,16,72.24
ATH_0588,33,77.2,171,54.09,202,72,106.8,4,62.0
ATH_0589,31,92.6,170,69.53,196,62,89.69,6,72.87
ATH_0590,38,58.7,169,62.84,203,70,84.67,19,86.22
ATH_0591,25,56.1,165,68.29,196,68,21.12,11,82.85
ATH_0592,39,56.8,163,54.04,179,65,36.33,21,82.72
ATH_0593,21,56.9,170,59.69,194,52,22.57,12,78.18
ATH_0594,40,61.2,170,68.24,185,48,48.38,18,91.63
ATH_0595,22,76.4,200,59.29,184,54,70.1,6,74.94
ATH_0596,29,71.6,170,56.03,178,68,94.4,11,75.55
ATH_0597,17,94.2,196,46.08,205,58,16.7,13,55.79
ATH_0598,30,72.2,173,41.58,204,52,60.28,19,75.46
ATH_0599,33,65.0,164,65.43,169,45,66.18,9,77.13
ATH_0600,37,87.6,180,61.41,181,64,46.57,14,73.74
ATH_0601,24,94.6,193,71.72,178,63,23.91,5,67.92
ATH_0602,23,56.9,164,74.54,184,75,100.38,9,88.07
ATH_0603,24,79.9,175,56.78,180,67,34.16,14,72.44
ATH_0604,38,58.6,174,39.73,176,64,99.4,19,76.23
ATH_0605,38,62.9,195,48.12,190,41,63.03,17,80.41
ATH_0606,32,78.4,200,74.29,196,51,19.93,20,96.43
ATH_0607,29,74.8,174,65.87,191,74,90.34,15,82.14
ATH_0608,33,63.1,166,41.98,179,59,69.16,3,51.37
ATH_0609,28,60.3,199,59.38,188,73,94.15,5,75.21
ATH_0610,28,79.0,174,41.47,189,71,115.59,13,61.22
ATH_0611,30,93.0,168,44.25,204,63,23.82,14,53.44
ATH_0612,34,59.4,181,42.07,203,59,119.54,16,78.18
ATH_0613,30,63.7,178,56.71,188,60,22.9,7,68.61
ATH_0614,35,82.5,199,38.13,197,46,66.06,6,59.11
ATH_0615,35,58.1,184,73.87,170,61,61.96,10,89.64
ATH_0616,23,88.3,165,40.23,196,60,111.17,11,57.82
ATH_0617,17,66.5,195,71.2,178,42,49.64,8,83.68
ATH_0618,40,57.3,187,35.09,166,52,92.22,25,82.41
ATH_0619,23,92.5,196,39.0,176,56,64.53,9,54.21
ATH_0620,18,70.2,183,64.36,166,42,65.62,15,85.69
ATH_0621,20,57.3,201,70.21,199,75,60.11,5,80.5
ATH_0622,31,86.8,188,47.56,205,64,51.28,9,54.21
ATH_0623,36,94.1,188,60.44,203,51,30.26,4,62.99
ATH_0624,40,62.1,173,74.09,188,62,116.67,23,100.0
ATH_0625,18,81.8,173,60.29,178,60,44.33,5,62.95
ATH_0626,34,89.1,188,62.27,165,60,13.86,3,57.22
ATH_0627,25,86.7,187,57.74,173,55,65.43,19,77.5
ATH_0628,20,66.5,179,74.11,165,58,73.32,11,90.11
ATH_0629,38,81.8,200,54.94,175,53,81.2,4,62.9
ATH_0630,35,68.6,190,48.18,187,52,22.11,9,66.82
ATH_0631,24,59.3,197,57.37,202,45,117.1,24,100.0
ATH_0632,20,81.3,179,49.95,194,44,106.31,3,65.08
ATH_0633,32,68.5,180,58.82,195,48,95.09,9,74.52
ATH_0634,37,79.3,169,56.67,179,57,117.15,14,74.32
ATH_0635,16,95.0,165,52.2,172,73,41.05,11,58.46
ATH_0636,22,59.0,189,66.81,190,57,68.81,18,98.05
ATH_0637,33,87.2,193,74.18,176,42,13.85,19,88.86
ATH_0638,30,92.1,185,37.18,182,67,42.33,23,67.87
ATH_0639,22,75.0,194,57.34,203,40,26.7,23,92.18
ATH_0640,29,71.4,167,68.9,181,68,16.66,14,76.73
ATH_0641,38,62.5,191,64.13,189,64,25.71,6,76.15
ATH_0642,37,78.6,161,53.11,168,65,24.04,7,51.92
ATH_0643,31,68.7,199,56.95,180,52,112.16,12,84.15
ATH_0644,39,91.1,196,57.73,191,71,100.68,9,69.06
ATH_0645,21,82.1,182,56.02,184,75,82.35,14,70.75
ATH_0646,31,58.9,161,58.05,204,46,50.44,13,83.12
ATH_0647,25,64.8,199,51.95,189,53,66.62,4,65.29
ATH_0648,22,70.8,167,37.88,173,43,106.43,8,65.51
ATH_0649,35,62.0,184,46.29,172,65,47.61,14,71.95
ATH_0650,37,73.3,162,52.54,186,41,63.03,25,86.37
ATH_0651,40,66.7,161,73.55,192,68,29.9,20,92.29
ATH_0652,30,71.8,175,49.81,199,46,37.77,10,67.27
ATH_0653,19,74.4,173,47.15,185,71,80.87,20,70.68
ATH_0654,20,85.3,182,49.15,195,49,37.8,5,59.43
ATH_0655,18,66.5,177,60.94,193,58,44.6,16,80.83
ATH_0656,36,74.8,180,54.13,174,63,87.27,7,64.37
ATH_0657,19,82.8,197,70.97,173,75,72.99,9,78.63
ATH_0658,29,59.3,185,42.72,178,55,21.31,5,54.76
ATH_0659,27,84.6,197,48.9,203,63,115.84,18,80.22
ATH_0660,36,75.0,182,51.22,185,45,34.04,21,78.68
ATH_0661,29,91.3,172,73.71,183,47,63.6,17,87.02
ATH_0662,20,78.0,176,60.6,195,46,100.54,10,79.38
ATH_0663,34,68.5,169,38.49,201,63,46.49,15,65.21
ATH_0664,28,81.0,167,65.0,198,40,57.18,23,93.19
ATH_0665,31,84.1,167,70.19,180,68,69.91,8,74.07
ATH_0666,30,66.8,184,53.68,188,49,93.25,16,82.2
ATH_0667,21,62.2,187,70.83,185,71,44.27,5,74.5
ATH_0668,18,82.2,192,43.87,168,56,68.03,16,70.14
ATH_0669,24,79.5,161,35.22,188,49,36.45,24,66.0
ATH_0670,39,63.6,175,68.34,186,74,103.53,16,93.89
ATH_0671,32,61.3,177,62.75,195,56,61.59,15,82.63
ATH_0672,31,79.9,197,66.22,177,58,24.95,4,70.46
ATH_0673,35,68.2,181,68.33,193,72,87.68,13,83.51
ATH_0674,38,90.1,184,54.64,186,63,86.22,8,65.5
ATH_0675,29,67.0,199,72.5,168,63,26.58,18,90.25
ATH_0676,34,83.6,187,60.46,185,46,113.43,25,98.22
ATH_0677,32,73.3,202,70.86,193,45,20.77,21,93.31
ATH_0678,37,84.1,163,72.3,180,63,30.69,15,82.24
ATH_0679,25,70.8,162,66.72,176,44,70.08,7,78.44
ATH_0680,40,60.8,165,41.86,174,75,99.19,7,58.81
ATH_0681,22,58.7,181,60.95,180,52,95.71,7,82.51
ATH_0682,17,60.4,196,61.31,182,45,43.29,20,94.87
ATH_0683,25,94.8,166,46.99,191,72,99.8,12,59.81
ATH_0684,28,77.6,174,55.56,184,69,66.01,3,60.2
ATH_0685,25,86.4,182,35.52,166,42,25.16,11,51.82
ATH_0686,22,66.2,162,59.47,198,49,12.16,22,81.93
ATH_0687,27,85.0,185,61.31,190,50,10.92,24,83.56
ATH_0688,30,87.5,194,55.89,189,72,39.54,16,70.24
ATH_0689,28,59.0,197,41.62,190,72,13.7,3,53.75
ATH_0690,38,89.0,198,37.18,169,65,78.16,21,64.63
ATH_0691,38,64.9,190,38.01,170,59,100.38,10,68.15
ATH_0692,31,62.0,171,66.75,188,56,16.64,20,89.08
ATH_0693,35,81.3,173,67.13,191,68,27.45,24,89.5
ATH_0694,28,78.5,165,64.66,189,51,74.59,13,79.95
ATH_0695,37,62.8,186,69.35,201,60,55.05,17,90.47
ATH_0696,24,57.2,175,65.97,171,52,73.97,17,96.35
ATH_0697,32,82.2,200,55.72,190,46,65.12,5,66.8
ATH_0698,32,70.0,197,50.1,168,46,117.54,12,82.65
ATH_0699,24,60.9,196,40.36,202,59,53.19,3,58.4
ATH_0700,28,88.8,176,59.0,189,48,70.22,11,75.41
ATH_0701,17,65.2,164,73.09,196,69,98.64,12,85.49
ATH_0702,39,87.2,184,54.5,204,50,17.94,3,51.67
ATH_0703,35,91.2,198,72.86,184,64,64.43,9,77.07
ATH_0704,27,60.1,160,52.99,200,45,93.39,18,86.91
ATH_0705,34,74.6,161,49.76,181,43,89.61,5,64.51
ATH_0706,23,82.4,192,37.17,187,55,16.09,22,69.85
ATH_0707,26,79.3,191,38.69,205,67,73.85,7,54.85
ATH_0708,20,80.6,202,71.21,171,61,31.52,4,67.26
ATH_0709,21,85.9,185,60.36,194,44,61.53,20,86.72
ATH_0710,29,88.6,195,57.82,174,62,74.22,20,84.96
ATH_0711,36,81.0,200,44.34,205,70,32.26,22,74.05
ATH_0712,17,69.2,184,60.72,191,42,119.72,20,95.03
ATH_0713,21,65.7,196,71.97,199,56,39.95,21,99.2
ATH_0714,20,88.8,174,60.46,165,52,53.39,3,57.28
ATH_0715,32,59.1,163,58.29,196,52,34.87,20,86.2
ATH_0716,37,59.1,197,48.06,177,75,11.04,8,63.58
ATH_0717,36,56.9,194,67.05,200,57,10.53,4,73.97
ATH_0718,19,72.5,188,57.83,172,40,90.55,10,81.86
ATH_0719,22,89.7,185,40.19,187,43,21.52,5,49.43
ATH_0720,30,79.8,172,61.1,165,41,105.84,8,73.81
ATH_0721,35,88.7,198,67.04,193,57,38.33,10,70.92
ATH_0722,27,71.6,183,38.97,205,49,33.43,8,57.64
ATH_0723,33,56.7,194,64.67,172,51,59.7,11,86.61
ATH_0724,37,69.5,193,51.49,186,41,110.55,14,85.51
ATH_0725,28,81.7,199,67.96,197,43,66.27,5,72.2
ATH_0726,36,73.3,163,45.12,196,44,25.39,17,69.81
ATH_0727,17,78.8,165,66.38,188,72,81.54,7,70.96
ATH_0728,27,81.0,199,48.78,185,58,116.9,15,73.14
ATH_0729,24,73.4,168,44.47,168,72,44.55,24,74.91
ATH_0730,23,88.1,178,57.05,184,47,40.15,17,72.12
ATH_0731,18,79.4,196,72.15,196,62,86.1,22,96.16
ATH_0732,17,81.5,198,51.46,180,41,101.59,7,71.84
ATH_0733,25,83.5,198,52.07,189,62,32.11,3,54.37
ATH_0734,18,75.2,179,42.3,198,66,19.75,19,65.73
ATH_0735,31,89.6,170,55.68,201,48,15.06,5,52.88
ATH_0736,20,71.9,202,74.38,200,43,100.99,8,92.43
ATH_0737,20,72.0,171,41.63,194,40,57.53,8,56.33
ATH_0738,22,70.3,185,69.16,201,44,92.06,10,83.24
ATH_0739,26,60.3,187,60.07,184,40,64.63,3,77.94
ATH_0740,35,80.0,162,74.66,204,42,59.59,7,78.97
ATH_0741,29,69.4,190,49.08,188,43,57.92,18,78.21
ATH_0742,16,66.8,173,56.71,203,49,83.26,22,91.87
ATH_0743,30,87.4,167,69.83,202,68,69.03,12,73.36
ATH_0744,19,61.4,185,46.85,179,63,96.16,11,74.69
ATH_0745,23,62.0,182,69.73,202,55,113.25,18,100.0
ATH_0746,16,90.4,177,72.49,187,45,51.1,18,89.54
ATH_0747,28,65.9,165,44.47,201,58,70.05,11,61.7
ATH_0748,21,55.6,195,49.22,201,73,53.16,3,64.42
ATH_0749,17,76.6,201,36.39,168,63,97.85,17,68.54
ATH_0750,35,62.9,173,74.76,182,72,100.94,24,100.0
ATH_0751,34,59.6,198,50.98,205,60,31.57,4,61.77
ATH_0752,25,77.5,177,65.23,175,61,105.44,20,90.02
ATH_0753,35,55.3,200,48.73,191,53,16.3,18,86.76
ATH_0754,38,63.9,179,40.18,183,44,52.42,4,54.88
ATH_0755,24,73.6,166,56.93,193,43,117.49,9,75.25
ATH_0756,29,67.5,188,60.1,191,58,105.26,15,90.76
ATH_0757,29,91.9,197,68.1,182,53,48.28,25,93.95
ATH_0758,29,71.3,193,70.41,186,40,27.19,10,81.54
ATH_0759,24,60.6,169,42.92,181,59,93.67,22,78.91
ATH_0760,39,67.4,196,49.26,168,46,118.12,9,76.58
ATH_0761,22,75.0,176,53.9,192,55,102.61,24,89.88
ATH_0762,30,75.6,164,47.28,191,68,73.81,17,71.37
ATH_0763,37,69.5,197,63.8,196,65,78.13,15,87.74
ATH_0764,18,67.3,172,65.02,171,60,81.91,11,80.12
ATH_0765,23,78.3,202,66.22,167,48,101.51,7,81.61
ATH_0766,37,61.1,160,37.51,181,59,53.24,21,73.31
ATH_0767,18,58.5,202,73.95,205,66,106.36,22,100.0
ATH_0768,39,89.9,200,65.25,187,75,35.21,10,71.75
ATH_0769,25,89.5,197,55.78,196,47,11.08,17,70.36
ATH_0770,20,83.0,192,56.51,191,64,11.74,12,62.94
ATH_0771,17,77.0,169,58.82,186,72,22.52,16,66.3
ATH_0772,19,89.6,194,50.68,178,42,53.26,12,67.18
ATH_0773,33,62.6,186,63.89,187,48,94.41,25,100.0
ATH_0774,24,81.9,179,35.45,204,42,97.6,23,73.54
ATH_0775,21,88.1,196,61.24,188,69,91.78,15,80.86
ATH_0776,29,69.9,202,40.87,201,60,46.82,15,68.7
ATH_0777,21,82.4,160,38.37,179,52,89.36,15,62.17
ATH_0778,29,69.1,182,73.41,190,73,20.05,22,94.72
ATH_0779,35,84.7,196,74.83,192,70,42.85,19,89.28
ATH_0780,34,73.0,161,35.71,187,57,16.73,12,51.56
ATH_0781,36,77.8,195,55.99,175,44,31.57,7,64.63
ATH_0782,28,91.7,188,66.68,174,45,119.79,6,79.74
ATH_0783,25,87.0,179,48.86,166,59,17.82,22,69.03
ATH_0784,32,69.6,187,49.64,190,75,49.24,16,73.19
ATH_0785,16,61.3,192,54.09,182,57,48.88,7,72.14
ATH_0786,22,75.3,180,67.01,179,56,64.14,4,73.6
ATH_0787,37,68.0,186,70.08,204,69,22.56,15,79.42
ATH_0788,18,92.5,194,44.77,197,48,57.72,22,75.53
ATH_0789,19,59.6,186,43.79,185,43,44.33,17,78.1
ATH_0790,29,75.2,192,43.99,175,50,99.57,7,67.9
ATH_0791,18,85.3,176,50.47,196,41,80.04,4,63.71
ATH_0792,36,83.4,165,49.08,199,60,94.46,18,70.28
ATH_0793,20,83.1,196,51.56,165,51,87.07,21,80.0
ATH_0794,22,77.6,166,70.46,167,54,96.64,3,71.16
ATH_0795,21,61.7,176,38.51,179,75,110.59,20,73.71
ATH_0796,29,84.5,168,47.73,203,64,83.1,23,73.4
ATH_0797,37,79.1,168,49.54,197,46,81.13,16,76.78
ATH_0798,17,64.9,176,64.14,184,70,55.62,9,72.73
ATH_0799,25,60.1,178,53.89,178,62,114.29,22,95.96
ATH_0800,26,61.7,172,72.81,192,50,109.4,25,100.0
